Col1,Col2
Data_0_A,Data_0_B
Data_1_A,Data_1_B
Data_2_A,Data_2_B
Data_3_A,Data_3_B
Data_4_A,Data_4_B
Data_5_A,Data_5_B
Data_6_A,Data_6_B
Data_7_A,Data_7_B
Data_8_A,Data_8_B
Data_9_A,Data_9_B
Data_10_A,Data_10_B
Data_11_A,Data_11_B
Data_12_A,Data_12_B
Data_13_A,Data_13_B
Data_14_A,Data_14_B
Data_15_A,Data_15_B
Data_16_A,Data_16_B
Data_17_A,Data_17_B
Data_18_A,Data_18_B
Data_19_A,Data_19_B
Data_20_A,Data_20_B
Data_21_A,Data_21_B
Data_22_A,Data_22_B
Data_23_A,Data_23_B
Data_24_A,Data_24_B
Data_25_A,Data_25_B
Data_26_A,Data_26_B
Data_27_A,Data_27_B
Data_28_A,Data_28_B
Data_29_A,Data_29_B
Data_30_A,Data_30_B
Data_31_A,Data_31_B
Data_32_A,Data_32_B
Data_33_A,Data_33_B
Data_34_A,Data_34_B
Data_35_A,Data_35_B
Data_36_A,Data_36_B
Data_37_A,Data_37_B
Data_38_A,Data_38_B
Data_39_A,Data_39_B
Data_40_A,Data_40_B
Data_41_A,Data_41_B
Data_42_A,Data_42_B
Data_43_A,Data_43_B
Data_44_A,Data_44_B
Data_45_A,Data_45_B
Data_46_A,Data_46_B
Data_47_A,Data_47_B
Data_48_A,Data_48_B
Data_49_A,Data_49_B
Data_50_A,Data_50_B
Data_51_A,Data_51_B
Data_52_A,Data_52_B
Data_53_A,Data_53_B
Data_54_A,Data_54_B
Data_55_A,Data_55_B
Data_56_A,Data_56_B
Data_57_A,Data_57_B
Data_58_A,Data_58_B
Data_59_A,Data_59_B
Data_60_A,Data_60_B
Data_61_A,Data_61_B
Data_62_A,Data_62_B
Data_63_A,Data_63_B
Data_64_A,Data_64_B
Data_65_A,Data_65_B
Data_66_A,Data_66_B
Data_67_A,Data_67_B
Data_68_A,Data_68_B
Data_69_A,Data_69_B
Data_70_A,Data_70_B
Data_71_A,Data_71_B
Data_72_A,Data_72_B
Data_73_A,Data_73_B
Data_74_A,Data_74_B
Data_75_A,Data_75_B
Data_76_A,Data_76_B
Data_77_A,Data_77_B
Data_78_A,Data_78_B
Data_79_A,Data_79_B
Data_80_A,Data_80_B
Data_81_A,Data_81_B
Data_82_A,Data_82_B
Data_83_A,Data_83_B
Data_84_A,Data_84_B
Data_85_A,Data_85_B
Data_86_A,Data_86_B
Data_87_A,Data_87_B
Data_88_A,Data_88_B
Data_89_A,Data_89_B
Data_90_A,Data_90_B
Data_91_A,Data_91_B
Data_92_A,Data_92_B
Data_93_A,Data_93_B
Data_94_A,Data_94_B
Data_95_A,Data_95_B
Data_96_A,Data_96_B
Data_97_A,Data_97_B
Data_98_A,Data_98_B
Data_99_A,Data_99_B
Data_100_A,Data_100_B
Data_101_A,Data_101_B
Data_102_A,Data_102_B
Data_103_A,Data_103_B
Data_104_A,Data_104_B
Data_105_A,Data_105_B
Data_106_A,Data_106_B
Data_107_A,Data_107_B
Data_108_A,Data_108_B
Data_109_A,Data_109_B
Data_110_A,Data_110_B
Data_111_A,Data_111_B
Data_112_A,Data_112_B
Data_113_A,Data_113_B
Data_114_A,Data_114_B
Data_115_A,Data_115_B
Data_116_A,Data_116_B
Data_117_A,Data_117_B
Data_118_A,Data_118_B
Data_119_A,Data_119_B
Data_120_A,Data_120_B
Data_121_A,Data_121_B
Data_122_A,Data_122_B
Data_123_A,Data_123_B
Data_124_A,Data_124_B
Data_125_A,Data_125_B
Data_126_A,Data_126_B
Data_127_A,Data_127_B
Data_128_A,Data_128_B
Data_129_A,Data_129_B
Data_130_A,Data_130_B
Data_131_A,Data_131_B
Data_132_A,Data_132_B
Data_133_A,Data_133_B
Data_134_A,Data_134_B
Data_135_A,Data_135_B
Data_136_A,Data_136_B
Data_137_A,Data_137_B
Data_138_A,Data_138_B
Data_139_A,Data_139_B
Data_140_A,Data_140_B
Data_141_A,Data_141_B
Data_142_A,Data_142_B
Data_143_A,Data_143_B
Data_144_A,Data_144_B
Data_145_A,Data_145_B
Data_146_A,Data_146_B
Data_147_A,Data_147_B
Data_148_A,Data_148_B
Data_149_A,Data_149_B
Data_150_A,Data_150_B
Data_151_A,Data_151_B
Data_152_A,Data_152_B
Data_153_A,Data_153_B
Data_154_A,Data_154_B
Data_155_A,Data_155_B
Data_156_A,Data_156_B
Data_157_A,Data_157_B
Data_158_A,Data_158_B
Data_159_A,Data_159_B
Data_160_A,Data_160_B
Data_161_A,Data_161_B
Data_162_A,Data_162_B
Data_163_A,Data_163_B
Data_164_A,Data_164_B
Data_165_A,Data_165_B
Data_166_A,Data_166_B
Data_167_A,Data_167_B
Data_168_A,Data_168_B
Data_169_A,Data_169_B
Data_170_A,Data_170_B
Data_171_A,Data_171_B
Data_172_A,Data_172_B
Data_173_A,Data_173_B
Data_174_A,Data_174_B
Data_175_A,Data_175_B
Data_176_A,Data_176_B
Data_177_A,Data_177_B
Data_178_A,Data_178_B
Data_179_A,Data_179_B
Data_180_A,Data_180_B
Data_181_A,Data_181_B
Data_182_A,Data_182_B
Data_183_A,Data_183_B
Data_184_A,Data_184_B
Data_185_A,Data_185_B
Data_186_A,Data_186_B
Data_187_A,Data_187_B
Data_188_A,Data_188_B
Data_189_A,Data_189_B
Data_190_A,Data_190_B
Data_191_A,Data_191_B
Data_192_A,Data_192_B
Data_193_A,Data_193_B
Data_194_A,Data_194_B
Data_195_A,Data_195_B
Data_196_A,Data_196_B
Data_197_A,Data_197_B
Data_198_A,Data_198_B
Data_199_A,Data_199_B
Data_200_A,Data_200_B
Data_201_A,Data_201_B
Data_202_A,Data_202_B
Data_203_A,Data_203_B
Data_204_A,Data_204_B
Data_205_A,Data_205_B
Data_206_A,Data_206_B
Data_207_A,Data_207_B
Data_208_A,Data_208_B
Data_209_A,Data_209_B
Data_210_A,Data_210_B
Data_211_A,Data_211_B
Data_212_A,Data_212_B
Data_213_A,Data_213_B
Data_214_A,Data_214_B
Data_215_A,Data_215_B
Data_216_A,Data_216_B
Data_217_A,Data_217_B
Data_218_A,Data_218_B
Data_219_A,Data_219_B
Data_220_A,Data_220_B
Data_221_A,Data_221_B
Data_222_A,Data_222_B
Data_223_A,Data_223_B
Data_224_A,Data_224_B
Data_225_A,Data_225_B
Data_226_A,Data_226_B
Data_227_A,Data_227_B
Data_228_A,Data_228_B
Data_229_A,Data_229_B
Data_230_A,Data_230_B
Data_231_A,Data_231_B
Data_232_A,Data_232_B
Data_233_A,Data_233_B
Data_234_A,Data_234_B
Data_235_A,Data_235_B
Data_236_A,Data_236_B
Data_237_A,Data_237_B
Data_238_A,Data_238_B
Data_239_A,Data_239_B
Data_240_A,Data_240_B
Data_241_A,Data_241_B
Data_242_A,Data_242_B
Data_243_A,Data_243_B
Data_244_A,Data_244_B
Data_245_A,Data_245_B
Data_246_A,Data_246_B
Data_247_A,Data_247_B
Data_248_A,Data_248_B
Data_249_A,Data_249_B
Data_250_A,Data_250_B
Data_251_A,Data_251_B
Data_252_A,Data_252_B
Data_253_A,Data_253_B
Data_254_A,Data_254_B
Data_255_A,Data_255_B
Data_256_A,Data_256_B
Data_257_A,Data_257_B
Data_258_A,Data_258_B
Data_259_A,Data_259_B
Data_260_A,Data_260_B
Data_261_A,Data_261_B
Data_262_A,Data_262_B
Data_263_A,Data_263_B
Data_264_A,Data_264_B
Data_265_A,Data_265_B
Data_266_A,Data_266_B
Data_267_A,Data_267_B
Data_268_A,Data_268_B
Data_269_A,Data_269_B
Data_270_A,Data_270_B
Data_271_A,Data_271_B
Data_272_A,Data_272_B
Data_273_A,Data_273_B
Data_274_A,Data_274_B
Data_275_A,Data_275_B
Data_276_A,Data_276_B
Data_277_A,Data_277_B
Data_278_A,Data_278_B
Data_279_A,Data_279_B
Data_280_A,Data_280_B
Data_281_A,Data_281_B
Data_282_A,Data_282_B
Data_283_A,Data_283_B
Data_284_A,Data_284_B
Data_285_A,Data_285_B
Data_286_A,Data_286_B
Data_287_A,Data_287_B
Data_288_A,Data_288_B
Data_289_A,Data_289_B
Data_290_A,Data_290_B
Data_291_A,Data_291_B
Data_292_A,Data_292_B
Data_293_A,Data_293_B
Data_294_A,Data_294_B
Data_295_A,Data_295_B
Data_296_A,Data_296_B
Data_297_A,Data_297_B
Data_298_A,Data_298_B
Data_299_A,Data_299_B
Data_300_A,Data_300_B
Data_301_A,Data_301_B
Data_302_A,Data_302_B
Data_303_A,Data_303_B
Data_304_A,Data_304_B
Data_305_A,Data_305_B
Data_306_A,Data_306_B
Data_307_A,Data_307_B
Data_308_A,Data_308_B
Data_309_A,Data_309_B
Data_310_A,Data_310_B
Data_311_A,Data_311_B
Data_312_A,Data_312_B
Data_313_A,Data_313_B
Data_314_A,Data_314_B
Data_315_A,Data_315_B
Data_316_A,Data_316_B
Data_317_A,Data_317_B
Data_318_A,Data_318_B
Data_319_A,Data_319_B
Data_320_A,Data_320_B
Data_321_A,Data_321_B
Data_322_A,Data_322_B
Data_323_A,Data_323_B
Data_324_A,Data_324_B
Data_325_A,Data_325_B
Data_326_A,Data_326_B
Data_327_A,Data_327_B
Data_328_A,Data_328_B
Data_329_A,Data_329_B
Data_330_A,Data_330_B
Data_331_A,Data_331_B
Data_332_A,Data_332_B
Data_333_A,Data_333_B
Data_334_A,Data_334_B
Data_335_A,Data_335_B
Data_336_A,Data_336_B
Data_337_A,Data_337_B
Data_338_A,Data_338_B
Data_339_A,Data_339_B
Data_340_A,Data_340_B
Data_341_A,Data_341_B
Data_342_A,Data_342_B
Data_343_A,Data_343_B
Data_344_A,Data_344_B
Data_345_A,Data_345_B
Data_346_A,Data_346_B
Data_347_A,Data_347_B
Data_348_A,Data_348_B
Data_349_A,Data_349_B
Data_350_A,Data_350_B
Data_351_A,Data_351_B
Data_352_A,Data_352_B
Data_353_A,Data_353_B
Data_354_A,Data_354_B
Data_355_A,Data_355_B
Data_356_A,Data_356_B
Data_357_A,Data_357_B
Data_358_A,Data_358_B
Data_359_A,Data_359_B
Data_360_A,Data_360_B
Data_361_A,Data_361_B
Data_362_A,Data_362_B
Data_363_A,Data_363_B
Data_364_A,Data_364_B
Data_365_A,Data_365_B
Data_366_A,Data_366_B
Data_367_A,Data_367_B
Data_368_A,Data_368_B
Data_369_A,Data_369_B
Data_370_A,Data_370_B
Data_371_A,Data_371_B
Data_372_A,Data_372_B
Data_373_A,Data_373_B
Data_374_A,Data_374_B
Data_375_A,Data_375_B
Data_376_A,Data_376_B
Data_377_A,Data_377_B
Data_378_A,Data_378_B
Data_379_A,Data_379_B
Data_380_A,Data_380_B
Data_381_A,Data_381_B
Data_382_A,Data_382_B
Data_383_A,Data_383_B
Data_384_A,Data_384_B
Data_385_A,Data_385_B
Data_386_A,Data_386_B
Data_387_A,Data_387_B
Data_388_A,Data_388_B
Data_389_A,Data_389_B
Data_390_A,Data_390_B
Data_391_A,Data_391_B
Data_392_A,Data_392_B
Data_393_A,Data_393_B
Data_394_A,Data_394_B
Data_395_A,Data_395_B
Data_396_A,Data_396_B
Data_397_A,Data_397_B
Data_398_A,Data_398_B
Data_399_A,Data_399_B
Data_400_A,Data_400_B
Data_401_A,Data_401_B
Data_402_A,Data_402_B
Data_403_A,Data_403_B
Data_404_A,Data_404_B
Data_405_A,Data_405_B
Data_406_A,Data_406_B
Data_407_A,Data_407_B
Data_408_A,Data_408_B
Data_409_A,Data_409_B
Data_410_A,Data_410_B
Data_411_A,Data_411_B
Data_412_A,Data_412_B
Data_413_A,Data_413_B
Data_414_A,Data_414_B
Data_415_A,Data_415_B
Data_416_A,Data_416_B
Data_417_A,Data_417_B
Data_418_A,Data_418_B
Data_419_A,Data_419_B
Data_420_A,Data_420_B
Data_421_A,Data_421_B
Data_422_A,Data_422_B
Data_423_A,Data_423_B
Data_424_A,Data_424_B
Data_425_A,Data_425_B
Data_426_A,Data_426_B
Data_427_A,Data_427_B
Data_428_A,Data_428_B
Data_429_A,Data_429_B
Data_430_A,Data_430_B
Data_431_A,Data_431_B
Data_432_A,Data_432_B
Data_433_A,Data_433_B
Data_434_A,Data_434_B
Data_435_A,Data_435_B
Data_436_A,Data_436_B
Data_437_A,Data_437_B
Data_438_A,Data_438_B
Data_439_A,Data_439_B
Data_440_A,Data_440_B
Data_441_A,Data_441_B
Data_442_A,Data_442_B
Data_443_A,Data_443_B
Data_444_A,Data_444_B
Data_445_A,Data_445_B
Data_446_A,Data_446_B
Data_447_A,Data_447_B
Data_448_A,Data_448_B
Data_449_A,Data_449_B
Data_450_A,Data_450_B
Data_451_A,Data_451_B
Data_452_A,Data_452_B
Data_453_A,Data_453_B
Data_454_A,Data_454_B
Data_455_A,Data_455_B
Data_456_A,Data_456_B
Data_457_A,Data_457_B
Data_458_A,Data_458_B
Data_459_A,Data_459_B
Data_460_A,Data_460_B
Data_461_A,Data_461_B
Data_462_A,Data_462_B
Data_463_A,Data_463_B
Data_464_A,Data_464_B
Data_465_A,Data_465_B
Data_466_A,Data_466_B
Data_467_A,Data_467_B
Data_468_A,Data_468_B
Data_469_A,Data_469_B
Data_470_A,Data_470_B
Data_471_A,Data_471_B
Data_472_A,Data_472_B
Data_473_A,Data_473_B
Data_474_A,Data_474_B
Data_475_A,Data_475_B
Data_476_A,Data_476_B
Data_477_A,Data_477_B
Data_478_A,Data_478_B
Data_479_A,Data_479_B
Data_480_A,Data_480_B
Data_481_A,Data_481_B
Data_482_A,Data_482_B
Data_483_A,Data_483_B
Data_484_A,Data_484_B
Data_485_A,Data_485_B
Data_486_A,Data_486_B
Data_487_A,Data_487_B
Data_488_A,Data_488_B
Data_489_A,Data_489_B
Data_490_A,Data_490_B
Data_491_A,Data_491_B
Data_492_A,Data_492_B
Data_493_A,Data_493_B
Data_494_A,Data_494_B
Data_495_A,Data_495_B
Data_496_A,Data_496_B
Data_497_A,Data_497_B
Data_498_A,Data_498_B
Data_499_A,Data_499_B
Data_500_A,Data_500_B
Data_501_A,Data_501_B
Data_502_A,Data_502_B
Data_503_A,Data_503_B
Data_504_A,Data_504_B
Data_505_A,Data_505_B
Data_506_A,Data_506_B
Data_507_A,Data_507_B
Data_508_A,Data_508_B
Data_509_A,Data_509_B
Data_510_A,Data_510_B
Data_511_A,Data_511_B
Data_512_A,Data_512_B
Data_513_A,Data_513_B
Data_514_A,Data_514_B
Data_515_A,Data_515_B
Data_516_A,Data_516_B
Data_517_A,Data_517_B
Data_518_A,Data_518_B
Data_519_A,Data_519_B
Data_520_A,Data_520_B
Data_521_A,Data_521_B
Data_522_A,Data_522_B
Data_523_A,Data_523_B
Data_524_A,Data_524_B
Data_525_A,Data_525_B
Data_526_A,Data_526_B
Data_527_A,Data_527_B
Data_528_A,Data_528_B
Data_529_A,Data_529_B
Data_530_A,Data_530_B
Data_531_A,Data_531_B
Data_532_A,Data_532_B
Data_533_A,Data_533_B
Data_534_A,Data_534_B
Data_535_A,Data_535_B
Data_536_A,Data_536_B
Data_537_A,Data_537_B
Data_538_A,Data_538_B
Data_539_A,Data_539_B
Data_540_A,Data_540_B
Data_541_A,Data_541_B
Data_542_A,Data_542_B
Data_543_A,Data_543_B
Data_544_A,Data_544_B
Data_545_A,Data_545_B
Data_546_A,Data_546_B
Data_547_A,Data_547_B
Data_548_A,Data_548_B
Data_549_A,Data_549_B
Data_550_A,Data_550_B
Data_551_A,Data_551_B
Data_552_A,Data_552_B
Data_553_A,Data_553_B
Data_554_A,Data_554_B
Data_555_A,Data_555_B
Data_556_A,Data_556_B
Data_557_A,Data_557_B
Data_558_A,Data_558_B
Data_559_A,Data_559_B
Data_560_A,Data_560_B
Data_561_A,Data_561_B
Data_562_A,Data_562_B
Data_563_A,Data_563_B
Data_564_A,Data_564_B
Data_565_A,Data_565_B
Data_566_A,Data_566_B
Data_567_A,Data_567_B
Data_568_A,Data_568_B
Data_569_A,Data_569_B
Data_570_A,Data_570_B
Data_571_A,Data_571_B
Data_572_A,Data_572_B
Data_573_A,Data_573_B
Data_574_A,Data_574_B
Data_575_A,Data_575_B
Data_576_A,Data_576_B
Data_577_A,Data_577_B
Data_578_A,Data_578_B
Data_579_A,Data_579_B
Data_580_A,Data_580_B
Data_581_A,Data_581_B
Data_582_A,Data_582_B
Data_583_A,Data_583_B
Data_584_A,Data_584_B
Data_585_A,Data_585_B
Data_586_A,Data_586_B
Data_587_A,Data_587_B
Data_588_A,Data_588_B
Data_589_A,Data_589_B
Data_590_A,Data_590_B
Data_591_A,Data_591_B
Data_592_A,Data_592_B
Data_593_A,Data_593_B
Data_594_A,Data_594_B
Data_595_A,Data_595_B
Data_596_A,Data_596_B
Data_597_A,Data_597_B
Data_598_A,Data_598_B
Data_599_A,Data_599_B
Data_600_A,Data_600_B
Data_601_A,Data_601_B
Data_602_A,Data_602_B
Data_603_A,Data_603_B
Data_604_A,Data_604_B
Data_605_A,Data_605_B
Data_606_A,Data_606_B
Data_607_A,Data_607_B
Data_608_A,Data_608_B
Data_609_A,Data_609_B
Data_610_A,Data_610_B
Data_611_A,Data_611_B
Data_612_A,Data_612_B
Data_613_A,Data_613_B
Data_614_A,Data_614_B
Data_615_A,Data_615_B
Data_616_A,Data_616_B
Data_617_A,Data_617_B
Data_618_A,Data_618_B
Data_619_A,Data_619_B
Data_620_A,Data_620_B
Data_621_A,Data_621_B
Data_622_A,Data_622_B
Data_623_A,Data_623_B
Data_624_A,Data_624_B
Data_625_A,Data_625_B
Data_626_A,Data_626_B
Data_627_A,Data_627_B
Data_628_A,Data_628_B
Data_629_A,Data_629_B
Data_630_A,Data_630_B
Data_631_A,Data_631_B
Data_632_A,Data_632_B
Data_633_A,Data_633_B
Data_634_A,Data_634_B
Data_635_A,Data_635_B
Data_636_A,Data_636_B
Data_637_A,Data_637_B
Data_638_A,Data_638_B
Data_639_A,Data_639_B
Data_640_A,Data_640_B
Data_641_A,Data_641_B
Data_642_A,Data_642_B
Data_643_A,Data_643_B
Data_644_A,Data_644_B
Data_645_A,Data_645_B
Data_646_A,Data_646_B
Data_647_A,Data_647_B
Data_648_A,Data_648_B
Data_649_A,Data_649_B
Data_650_A,Data_650_B
Data_651_A,Data_651_B
Data_652_A,Data_652_B
Data_653_A,Data_653_B
Data_654_A,Data_654_B
Data_655_A,Data_655_B
Data_656_A,Data_656_B
Data_657_A,Data_657_B
Data_658_A,Data_658_B
Data_659_A,Data_659_B
Data_660_A,Data_660_B
Data_661_A,Data_661_B
Data_662_A,Data_662_B
Data_663_A,Data_663_B
Data_664_A,Data_664_B
Data_665_A,Data_665_B
Data_666_A,Data_666_B
Data_667_A,Data_667_B
Data_668_A,Data_668_B
Data_669_A,Data_669_B
Data_670_A,Data_670_B
Data_671_A,Data_671_B
Data_672_A,Data_672_B
Data_673_A,Data_673_B
Data_674_A,Data_674_B
Data_675_A,Data_675_B
Data_676_A,Data_676_B
Data_677_A,Data_677_B
Data_678_A,Data_678_B
Data_679_A,Data_679_B
Data_680_A,Data_680_B
Data_681_A,Data_681_B
Data_682_A,Data_682_B
Data_683_A,Data_683_B
Data_684_A,Data_684_B
Data_685_A,Data_685_B
Data_686_A,Data_686_B
Data_687_A,Data_687_B
Data_688_A,Data_688_B
Data_689_A,Data_689_B
Data_690_A,Data_690_B
Data_691_A,Data_691_B
Data_692_A,Data_692_B
Data_693_A,Data_693_B
Data_694_A,Data_694_B
Data_695_A,Data_695_B
Data_696_A,Data_696_B
Data_697_A,Data_697_B
Data_698_A,Data_698_B
Data_699_A,Data_699_B
Data_700_A,Data_700_B
Data_701_A,Data_701_B
Data_702_A,Data_702_B
Data_703_A,Data_703_B
Data_704_A,Data_704_B
Data_705_A,Data_705_B
Data_706_A,Data_706_B
Data_707_A,Data_707_B
Data_708_A,Data_708_B
Data_709_A,Data_709_B
Data_710_A,Data_710_B
Data_711_A,Data_711_B
Data_712_A,Data_712_B
Data_713_A,Data_713_B
Data_714_A,Data_714_B
Data_715_A,Data_715_B
Data_716_A,Data_716_B
Data_717_A,Data_717_B
Data_718_A,Data_718_B
Data_719_A,Data_719_B
Data_720_A,Data_720_B
Data_721_A,Data_721_B
Data_722_A,Data_722_B
Data_723_A,Data_723_B
Data_724_A,Data_724_B
Data_725_A,Data_725_B
Data_726_A,Data_726_B
Data_727_A,Data_727_B
Data_728_A,Data_728_B
Data_729_A,Data_729_B
Data_730_A,Data_730_B
Data_731_A,Data_731_B
Data_732_A,Data_732_B
Data_733_A,Data_733_B
Data_734_A,Data_734_B
Data_735_A,Data_735_B
Data_736_A,Data_736_B
Data_737_A,Data_737_B
Data_738_A,Data_738_B
Data_739_A,Data_739_B
Data_740_A,Data_740_B
Data_741_A,Data_741_B
Data_742_A,Data_742_B
Data_743_A,Data_743_B
Data_744_A,Data_744_B
Data_745_A,Data_745_B
Data_746_A,Data_746_B
Data_747_A,Data_747_B
Data_748_A,Data_748_B
Data_749_A,Data_749_B
Data_750_A,Data_750_B
Data_751_A,Data_751_B
Data_752_A,Data_752_B
Data_753_A,Data_753_B
Data_754_A,Data_754_B
Data_755_A,Data_755_B
Data_756_A,Data_756_B
Data_757_A,Data_757_B
Data_758_A,Data_758_B
Data_759_A,Data_759_B
Data_760_A,Data_760_B
Data_761_A,Data_761_B
Data_762_A,Data_762_B
Data_763_A,Data_763_B
Data_764_A,Data_764_B
Data_765_A,Data_765_B
Data_766_A,Data_766_B
Data_767_A,Data_767_B
Data_768_A,Data_768_B
Data_769_A,Data_769_B
Data_770_A,Data_770_B
Data_771_A,Data_771_B
Data_772_A,Data_772_B
Data_773_A,Data_773_B
Data_774_A,Data_774_B
Data_775_A,Data_775_B
Data_776_A,Data_776_B
Data_777_A,Data_777_B
Data_778_A,Data_778_B
Data_779_A,Data_779_B
Data_780_A,Data_780_B
Data_781_A,Data_781_B
Data_782_A,Data_782_B
Data_783_A,Data_783_B
Data_784_A,Data_784_B
Data_785_A,Data_785_B
Data_786_A,Data_786_B
Data_787_A,Data_787_B
Data_788_A,Data_788_B
Data_789_A,Data_789_B
Data_790_A,Data_790_B
Data_791_A,Data_791_B
Data_792_A,Data_792_B
Data_793_A,Data_793_B
Data_794_A,Data_794_B
Data_795_A,Data_795_B
Data_796_A,Data_796_B
Data_797_A,Data_797_B
Data_798_A,Data_798_B
Data_799_A,Data_799_B
Data_800_A,Data_800_B
Data_801_A,Data_801_B
Data_802_A,Data_802_B
Data_803_A,Data_803_B
Data_804_A,Data_804_B
Data_805_A,Data_805_B
Data_806_A,Data_806_B
Data_807_A,Data_807_B
Data_808_A,Data_808_B
Data_809_A,Data_809_B
Data_810_A,Data_810_B
Data_811_A,Data_811_B
Data_812_A,Data_812_B
Data_813_A,Data_813_B
Data_814_A,Data_814_B
Data_815_A,Data_815_B
Data_816_A,Data_816_B
Data_817_A,Data_817_B
Data_818_A,Data_818_B
Data_819_A,Data_819_B
Data_820_A,Data_820_B
Data_821_A,Data_821_B
Data_822_A,Data_822_B
Data_823_A,Data_823_B
Data_824_A,Data_824_B
Data_825_A,Data_825_B
Data_826_A,Data_826_B
Data_827_A,Data_827_B
Data_828_A,Data_828_B
Data_829_A,Data_829_B
Data_830_A,Data_830_B
Data_831_A,Data_831_B
Data_832_A,Data_832_B
Data_833_A,Data_833_B
Data_834_A,Data_834_B
Data_835_A,Data_835_B
Data_836_A,Data_836_B
Data_837_A,Data_837_B
Data_838_A,Data_838_B
Data_839_A,Data_839_B
Data_840_A,Data_840_B
Data_841_A,Data_841_B
Data_842_A,Data_842_B
Data_843_A,Data_843_B
Data_844_A,Data_844_B
Data_845_A,Data_845_B
Data_846_A,Data_846_B
Data_847_A,Data_847_B
Data_848_A,Data_848_B
Data_849_A,Data_849_B
Data_850_A,Data_850_B
Data_851_A,Data_851_B
Data_852_A,Data_852_B
Data_853_A,Data_853_B
Data_854_A,Data_854_B
Data_855_A,Data_855_B
Data_856_A,Data_856_B
Data_857_A,Data_857_B
Data_858_A,Data_858_B
Data_859_A,Data_859_B
Data_860_A,Data_860_B
Data_861_A,Data_861_B
Data_862_A,Data_862_B
Data_863_A,Data_863_B
Data_864_A,Data_864_B
Data_865_A,Data_865_B
Data_866_A,Data_866_B
Data_867_A,Data_867_B
Data_868_A,Data_868_B
Data_869_A,Data_869_B
Data_870_A,Data_870_B
Data_871_A,Data_871_B
Data_872_A,Data_872_B
Data_873_A,Data_873_B
Data_874_A,Data_874_B
Data_875_A,Data_875_B
Data_876_A,Data_876_B
Data_877_A,Data_877_B
Data_878_A,Data_878_B
Data_879_A,Data_879_B
Data_880_A,Data_880_B
Data_881_A,Data_881_B
Data_882_A,Data_882_B
Data_883_A,Data_883_B
Data_884_A,Data_884_B
Data_885_A,Data_885_B
Data_886_A,Data_886_B
Data_887_A,Data_887_B
Data_888_A,Data_888_B
Data_889_A,Data_889_B
Data_890_A,Data_890_B
Data_891_A,Data_891_B
Data_892_A,Data_892_B
Data_893_A,Data_893_B
Data_894_A,Data_894_B
Data_895_A,Data_895_B
Data_896_A,Data_896_B
Data_897_A,Data_897_B
Data_898_A,Data_898_B
Data_899_A,Data_899_B
Data_900_A,Data_900_B
Data_901_A,Data_901_B
Data_902_A,Data_902_B
Data_903_A,Data_903_B
Data_904_A,Data_904_B
Data_905_A,Data_905_B
Data_906_A,Data_906_B
Data_907_A,Data_907_B
Data_908_A,Data_908_B
Data_909_A,Data_909_B
Data_910_A,Data_910_B
Data_911_A,Data_911_B
Data_912_A,Data_912_B
Data_913_A,Data_913_B
Data_914_A,Data_914_B
Data_915_A,Data_915_B
Data_916_A,Data_916_B
Data_917_A,Data_917_B
Data_918_A,Data_918_B
Data_919_A,Data_919_B
Data_920_A,Data_920_B
Data_921_A,Data_921_B
Data_922_A,Data_922_B
Data_923_A,Data_923_B
Data_924_A,Data_924_B
Data_925_A,Data_925_B
Data_926_A,Data_926_B
Data_927_A,Data_927_B
Data_928_A,Data_928_B
Data_929_A,Data_929_B
Data_930_A,Data_930_B
Data_931_A,Data_931_B
Data_932_A,Data_932_B
Data_933_A,Data_933_B
Data_934_A,Data_934_B
Data_935_A,Data_935_B
Data_936_A,Data_936_B
Data_937_A,Data_937_B
Data_938_A,Data_938_B
Data_939_A,Data_939_B
Data_940_A,Data_940_B
Data_941_A,Data_941_B
Data_942_A,Data_942_B
Data_943_A,Data_943_B
Data_944_A,Data_944_B
Data_945_A,Data_945_B
Data_946_A,Data_946_B
Data_947_A,Data_947_B
Data_948_A,Data_948_B
Data_949_A,Data_949_B
Data_950_A,Data_950_B
Data_951_A,Data_951_B
Data_952_A,Data_952_B
Data_953_A,Data_953_B
Data_954_A,Data_954_B
Data_955_A,Data_955_B
Data_956_A,Data_956_B
Data_957_A,Data_957_B
Data_958_A,Data_958_B
Data_959_A,Data_959_B
Data_960_A,Data_960_B
Data_961_A,Data_961_B
Data_962_A,Data_962_B
Data_963_A,Data_963_B
Data_964_A,Data_964_B
Data_965_A,Data_965_B
Data_966_A,Data_966_B
Data_967_A,Data_967_B
Data_968_A,Data_968_B
Data_969_A,Data_969_B
Data_970_A,Data_970_B
Data_971_A,Data_971_B
Data_972_A,Data_972_B
Data_973_A,Data_973_B
Data_974_A,Data_974_B
Data_975_A,Data_975_B
Data_976_A,Data_976_B
Data_977_A,Data_977_B
Data_978_A,Data_978_B
Data_979_A,Data_979_B
Data_980_A,Data_980_B
Data_981_A,Data_981_B
Data_982_A,Data_982_B
Data_983_A,Data_983_B
Data_984_A,Data_984_B
Data_985_A,Data_985_B
Data_986_A,Data_986_B
Data_987_A,Data_987_B
Data_988_A,Data_988_B
Data_989_A,Data_989_B
Data_990_A,Data_990_B
Data_991_A,Data_991_B
Data_992_A,Data_992_B
Data_993_A,Data_993_B
Data_994_A,Data_994_B
Data_995_A,Data_995_B
Data_996_A,Data_996_B
Data_997_A,Data_997_B
Data_998_A,Data_998_B
Data_999_A,Data_999_B
Data_1000_A,Data_1000_B
Data_1001_A,Data_1001_B
Data_1002_A,Data_1002_B
Data_1003_A,Data_1003_B
Data_1004_A,Data_1004_B
Data_1005_A,Data_1005_B
Data_1006_A,Data_1006_B
Data_1007_A,Data_1007_B
Data_1008_A,Data_1008_B
Data_1009_A,Data_1009_B
Data_1010_A,Data_1010_B
Data_1011_A,Data_1011_B
Data_1012_A,Data_1012_B
Data_1013_A,Data_1013_B
Data_1014_A,Data_1014_B
Data_1015_A,Data_1015_B
Data_1016_A,Data_1016_B
Data_1017_A,Data_1017_B
Data_1018_A,Data_1018_B
Data_1019_A,Data_1019_B
Data_1020_A,Data_1020_B
Data_1021_A,Data_1021_B
Data_1022_A,Data_1022_B
Data_1023_A,Data_1023_B
Data_1024_A,Data_1024_B
Data_1025_A,Data_1025_B
Data_1026_A,Data_1026_B
Data_1027_A,Data_1027_B
Data_1028_A,Data_1028_B
Data_1029_A,Data_1029_B
Data_1030_A,Data_1030_B
Data_1031_A,Data_1031_B
Data_1032_A,Data_1032_B
Data_1033_A,Data_1033_B
Data_1034_A,Data_1034_B
Data_1035_A,Data_1035_B
Data_1036_A,Data_1036_B
Data_1037_A,Data_1037_B
Data_1038_A,Data_1038_B
Data_1039_A,Data_1039_B
Data_1040_A,Data_1040_B
Data_1041_A,Data_1041_B
Data_1042_A,Data_1042_B
Data_1043_A,Data_1043_B
Data_1044_A,Data_1044_B
Data_1045_A,Data_1045_B
Data_1046_A,Data_1046_B
Data_1047_A,Data_1047_B
Data_1048_A,Data_1048_B
Data_1049_A,Data_1049_B
Data_1050_A,Data_1050_B
Data_1051_A,Data_1051_B
Data_1052_A,Data_1052_B
Data_1053_A,Data_1053_B
Data_1054_A,Data_1054_B
Data_1055_A,Data_1055_B
Data_1056_A,Data_1056_B
Data_1057_A,Data_1057_B
Data_1058_A,Data_1058_B
Data_1059_A,Data_1059_B
Data_1060_A,Data_1060_B
Data_1061_A,Data_1061_B
Data_1062_A,Data_1062_B
Data_1063_A,Data_1063_B
Data_1064_A,Data_1064_B
Data_1065_A,Data_1065_B
Data_1066_A,Data_1066_B
Data_1067_A,Data_1067_B
Data_1068_A,Data_1068_B
Data_1069_A,Data_1069_B
Data_1070_A,Data_1070_B
Data_1071_A,Data_1071_B
Data_1072_A,Data_1072_B
Data_1073_A,Data_1073_B
Data_1074_A,Data_1074_B
Data_1075_A,Data_1075_B
Data_1076_A,Data_1076_B
Data_1077_A,Data_1077_B
Data_1078_A,Data_1078_B
Data_1079_A,Data_1079_B
Data_1080_A,Data_1080_B
Data_1081_A,Data_1081_B
Data_1082_A,Data_1082_B
Data_1083_A,Data_1083_B
Data_1084_A,Data_1084_B
Data_1085_A,Data_1085_B
Data_1086_A,Data_1086_B
Data_1087_A,Data_1087_B
Data_1088_A,Data_1088_B
Data_1089_A,Data_1089_B
Data_1090_A,Data_1090_B
Data_1091_A,Data_1091_B
Data_1092_A,Data_1092_B
Data_1093_A,Data_1093_B
Data_1094_A,Data_1094_B
Data_1095_A,Data_1095_B
Data_1096_A,Data_1096_B
Data_1097_A,Data_1097_B
Data_1098_A,Data_1098_B
Data_1099_A,Data_1099_B
Data_1100_A,Data_1100_B
Data_1101_A,Data_1101_B
Data_1102_A,Data_1102_B
Data_1103_A,Data_1103_B
Data_1104_A,Data_1104_B
Data_1105_A,Data_1105_B
Data_1106_A,Data_1106_B
Data_1107_A,Data_1107_B
Data_1108_A,Data_1108_B
Data_1109_A,Data_1109_B
Data_1110_A,Data_1110_B
Data_1111_A,Data_1111_B
Data_1112_A,Data_1112_B
Data_1113_A,Data_1113_B
Data_1114_A,Data_1114_B
Data_1115_A,Data_1115_B
Data_1116_A,Data_1116_B
Data_1117_A,Data_1117_B
Data_1118_A,Data_1118_B
Data_1119_A,Data_1119_B
Data_1120_A,Data_1120_B
Data_1121_A,Data_1121_B
Data_1122_A,Data_1122_B
Data_1123_A,Data_1123_B
Data_1124_A,Data_1124_B
Data_1125_A,Data_1125_B
Data_1126_A,Data_1126_B
Data_1127_A,Data_1127_B
Data_1128_A,Data_1128_B
Data_1129_A,Data_1129_B
Data_1130_A,Data_1130_B
Data_1131_A,Data_1131_B
Data_1132_A,Data_1132_B
Data_1133_A,Data_1133_B
Data_1134_A,Data_1134_B
Data_1135_A,Data_1135_B
Data_1136_A,Data_1136_B
Data_1137_A,Data_1137_B
Data_1138_A,Data_1138_B
Data_1139_A,Data_1139_B
Data_1140_A,Data_1140_B
Data_1141_A,Data_1141_B
Data_1142_A,Data_1142_B
Data_1143_A,Data_1143_B
Data_1144_A,Data_1144_B
Data_1145_A,Data_1145_B
Data_1146_A,Data_1146_B
Data_1147_A,Data_1147_B
Data_1148_A,Data_1148_B
Data_1149_A,Data_1149_B
Data_1150_A,Data_1150_B
Data_1151_A,Data_1151_B
Data_1152_A,Data_1152_B
Data_1153_A,Data_1153_B
Data_1154_A,Data_1154_B
Data_1155_A,Data_1155_B
Data_1156_A,Data_1156_B
Data_1157_A,Data_1157_B
Data_1158_A,Data_1158_B
Data_1159_A,Data_1159_B
Data_1160_A,Data_1160_B
Data_1161_A,Data_1161_B
Data_1162_A,Data_1162_B
Data_1163_A,Data_1163_B
Data_1164_A,Data_1164_B
Data_1165_A,Data_1165_B
Data_1166_A,Data_1166_B
Data_1167_A,Data_1167_B
Data_1168_A,Data_1168_B
Data_1169_A,Data_1169_B
Data_1170_A,Data_1170_B
Data_1171_A,Data_1171_B
Data_1172_A,Data_1172_B
Data_1173_A,Data_1173_B
Data_1174_A,Data_1174_B
Data_1175_A,Data_1175_B
Data_1176_A,Data_1176_B
Data_1177_A,Data_1177_B
Data_1178_A,Data_1178_B
Data_1179_A,Data_1179_B
Data_1180_A,Data_1180_B
Data_1181_A,Data_1181_B
Data_1182_A,Data_1182_B
Data_1183_A,Data_1183_B
Data_1184_A,Data_1184_B
Data_1185_A,Data_1185_B
Data_1186_A,Data_1186_B
Data_1187_A,Data_1187_B
Data_1188_A,Data_1188_B
Data_1189_A,Data_1189_B
Data_1190_A,Data_1190_B
Data_1191_A,Data_1191_B
Data_1192_A,Data_1192_B
Data_1193_A,Data_1193_B
Data_1194_A,Data_1194_B
Data_1195_A,Data_1195_B
Data_1196_A,Data_1196_B
Data_1197_A,Data_1197_B
Data_1198_A,Data_1198_B
Data_1199_A,Data_1199_B
Data_1200_A,Data_1200_B
Data_1201_A,Data_1201_B
Data_1202_A,Data_1202_B
Data_1203_A,Data_1203_B
Data_1204_A,Data_1204_B
Data_1205_A,Data_1205_B
Data_1206_A,Data_1206_B
Data_1207_A,Data_1207_B
Data_1208_A,Data_1208_B
Data_1209_A,Data_1209_B
Data_1210_A,Data_1210_B
Data_1211_A,Data_1211_B
Data_1212_A,Data_1212_B
Data_1213_A,Data_1213_B
Data_1214_A,Data_1214_B
Data_1215_A,Data_1215_B
Data_1216_A,Data_1216_B
Data_1217_A,Data_1217_B
Data_1218_A,Data_1218_B
Data_1219_A,Data_1219_B
Data_1220_A,Data_1220_B
Data_1221_A,Data_1221_B
Data_1222_A,Data_1222_B
Data_1223_A,Data_1223_B
Data_1224_A,Data_1224_B
Data_1225_A,Data_1225_B
Data_1226_A,Data_1226_B
Data_1227_A,Data_1227_B
Data_1228_A,Data_1228_B
Data_1229_A,Data_1229_B
Data_1230_A,Data_1230_B
Data_1231_A,Data_1231_B
Data_1232_A,Data_1232_B
Data_1233_A,Data_1233_B
Data_1234_A,Data_1234_B
Data_1235_A,Data_1235_B
Data_1236_A,Data_1236_B
Data_1237_A,Data_1237_B
Data_1238_A,Data_1238_B
Data_1239_A,Data_1239_B
Data_1240_A,Data_1240_B
Data_1241_A,Data_1241_B
Data_1242_A,Data_1242_B
Data_1243_A,Data_1243_B
Data_1244_A,Data_1244_B
Data_1245_A,Data_1245_B
Data_1246_A,Data_1246_B
Data_1247_A,Data_1247_B
Data_1248_A,Data_1248_B
Data_1249_A,Data_1249_B
Data_1250_A,Data_1250_B
Data_1251_A,Data_1251_B
Data_1252_A,Data_1252_B
Data_1253_A,Data_1253_B
Data_1254_A,Data_1254_B
Data_1255_A,Data_1255_B
Data_1256_A,Data_1256_B
Data_1257_A,Data_1257_B
Data_1258_A,Data_1258_B
Data_1259_A,Data_1259_B
Data_1260_A,Data_1260_B
Data_1261_A,Data_1261_B
Data_1262_A,Data_1262_B
Data_1263_A,Data_1263_B
Data_1264_A,Data_1264_B
Data_1265_A,Data_1265_B
Data_1266_A,Data_1266_B
Data_1267_A,Data_1267_B
Data_1268_A,Data_1268_B
Data_1269_A,Data_1269_B
Data_1270_A,Data_1270_B
Data_1271_A,Data_1271_B
Data_1272_A,Data_1272_B
Data_1273_A,Data_1273_B
Data_1274_A,Data_1274_B
Data_1275_A,Data_1275_B
Data_1276_A,Data_1276_B
Data_1277_A,Data_1277_B
Data_1278_A,Data_1278_B
Data_1279_A,Data_1279_B
Data_1280_A,Data_1280_B
Data_1281_A,Data_1281_B
Data_1282_A,Data_1282_B
Data_1283_A,Data_1283_B
Data_1284_A,Data_1284_B
Data_1285_A,Data_1285_B
Data_1286_A,Data_1286_B
Data_1287_A,Data_1287_B
Data_1288_A,Data_1288_B
Data_1289_A,Data_1289_B
Data_1290_A,Data_1290_B
Data_1291_A,Data_1291_B
Data_1292_A,Data_1292_B
Data_1293_A,Data_1293_B
Data_1294_A,Data_1294_B
Data_1295_A,Data_1295_B
Data_1296_A,Data_1296_B
Data_1297_A,Data_1297_B
Data_1298_A,Data_1298_B
Data_1299_A,Data_1299_B
Data_1300_A,Data_1300_B
Data_1301_A,Data_1301_B
Data_1302_A,Data_1302_B
Data_1303_A,Data_1303_B
Data_1304_A,Data_1304_B
Data_1305_A,Data_1305_B
Data_1306_A,Data_1306_B
Data_1307_A,Data_1307_B
Data_1308_A,Data_1308_B
Data_1309_A,Data_1309_B
Data_1310_A,Data_1310_B
Data_1311_A,Data_1311_B
Data_1312_A,Data_1312_B
Data_1313_A,Data_1313_B
Data_1314_A,Data_1314_B
Data_1315_A,Data_1315_B
Data_1316_A,Data_1316_B
Data_1317_A,Data_1317_B
Data_1318_A,Data_1318_B
Data_1319_A,Data_1319_B
Data_1320_A,Data_1320_B
Data_1321_A,Data_1321_B
Data_1322_A,Data_1322_B
Data_1323_A,Data_1323_B
Data_1324_A,Data_1324_B
Data_1325_A,Data_1325_B
Data_1326_A,Data_1326_B
Data_1327_A,Data_1327_B
Data_1328_A,Data_1328_B
Data_1329_A,Data_1329_B
Data_1330_A,Data_1330_B
Data_1331_A,Data_1331_B
Data_1332_A,Data_1332_B
Data_1333_A,Data_1333_B
Data_1334_A,Data_1334_B
Data_1335_A,Data_1335_B
Data_1336_A,Data_1336_B
Data_1337_A,Data_1337_B
Data_1338_A,Data_1338_B
Data_1339_A,Data_1339_B
Data_1340_A,Data_1340_B
Data_1341_A,Data_1341_B
Data_1342_A,Data_1342_B
Data_1343_A,Data_1343_B
Data_1344_A,Data_1344_B
Data_1345_A,Data_1345_B
Data_1346_A,Data_1346_B
Data_1347_A,Data_1347_B
Data_1348_A,Data_1348_B
Data_1349_A,Data_1349_B
Data_1350_A,Data_1350_B
Data_1351_A,Data_1351_B
Data_1352_A,Data_1352_B
Data_1353_A,Data_1353_B
Data_1354_A,Data_1354_B
Data_1355_A,Data_1355_B
Data_1356_A,Data_1356_B
Data_1357_A,Data_1357_B
Data_1358_A,Data_1358_B
Data_1359_A,Data_1359_B
Data_1360_A,Data_1360_B
Data_1361_A,Data_1361_B
Data_1362_A,Data_1362_B
Data_1363_A,Data_1363_B
Data_1364_A,Data_1364_B
Data_1365_A,Data_1365_B
Data_1366_A,Data_1366_B
Data_1367_A,Data_1367_B
Data_1368_A,Data_1368_B
Data_1369_A,Data_1369_B
Data_1370_A,Data_1370_B
Data_1371_A,Data_1371_B
Data_1372_A,Data_1372_B
Data_1373_A,Data_1373_B
Data_1374_A,Data_1374_B
Data_1375_A,Data_1375_B
Data_1376_A,Data_1376_B
Data_1377_A,Data_1377_B
Data_1378_A,Data_1378_B
Data_1379_A,Data_1379_B
Data_1380_A,Data_1380_B
Data_1381_A,Data_1381_B
Data_1382_A,Data_1382_B
Data_1383_A,Data_1383_B
Data_1384_A,Data_1384_B
Data_1385_A,Data_1385_B
Data_1386_A,Data_1386_B
Data_1387_A,Data_1387_B
Data_1388_A,Data_1388_B
Data_1389_A,Data_1389_B
Data_1390_A,Data_1390_B
Data_1391_A,Data_1391_B
Data_1392_A,Data_1392_B
Data_1393_A,Data_1393_B
Data_1394_A,Data_1394_B
Data_1395_A,Data_1395_B
Data_1396_A,Data_1396_B
Data_1397_A,Data_1397_B
Data_1398_A,Data_1398_B
Data_1399_A,Data_1399_B
Data_1400_A,Data_1400_B
Data_1401_A,Data_1401_B
Data_1402_A,Data_1402_B
Data_1403_A,Data_1403_B
Data_1404_A,Data_1404_B
Data_1405_A,Data_1405_B
Data_1406_A,Data_1406_B
Data_1407_A,Data_1407_B
Data_1408_A,Data_1408_B
Data_1409_A,Data_1409_B
Data_1410_A,Data_1410_B
Data_1411_A,Data_1411_B
Data_1412_A,Data_1412_B
Data_1413_A,Data_1413_B
Data_1414_A,Data_1414_B
Data_1415_A,Data_1415_B
Data_1416_A,Data_1416_B
Data_1417_A,Data_1417_B
Data_1418_A,Data_1418_B
Data_1419_A,Data_1419_B
Data_1420_A,Data_1420_B
Data_1421_A,Data_1421_B
Data_1422_A,Data_1422_B
Data_1423_A,Data_1423_B
Data_1424_A,Data_1424_B
Data_1425_A,Data_1425_B
Data_1426_A,Data_1426_B
Data_1427_A,Data_1427_B
Data_1428_A,Data_1428_B
Data_1429_A,Data_1429_B
Data_1430_A,Data_1430_B
Data_1431_A,Data_1431_B
Data_1432_A,Data_1432_B
Data_1433_A,Data_1433_B
Data_1434_A,Data_1434_B
Data_1435_A,Data_1435_B
Data_1436_A,Data_1436_B
Data_1437_A,Data_1437_B
Data_1438_A,Data_1438_B
Data_1439_A,Data_1439_B
Data_1440_A,Data_1440_B
Data_1441_A,Data_1441_B
Data_1442_A,Data_1442_B
Data_1443_A,Data_1443_B
Data_1444_A,Data_1444_B
Data_1445_A,Data_1445_B
Data_1446_A,Data_1446_B
Data_1447_A,Data_1447_B
Data_1448_A,Data_1448_B
Data_1449_A,Data_1449_B
Data_1450_A,Data_1450_B
Data_1451_A,Data_1451_B
Data_1452_A,Data_1452_B
Data_1453_A,Data_1453_B
Data_1454_A,Data_1454_B
Data_1455_A,Data_1455_B
Data_1456_A,Data_1456_B
Data_1457_A,Data_1457_B
Data_1458_A,Data_1458_B
Data_1459_A,Data_1459_B
Data_1460_A,Data_1460_B
Data_1461_A,Data_1461_B
Data_1462_A,Data_1462_B
Data_1463_A,Data_1463_B
Data_1464_A,Data_1464_B
Data_1465_A,Data_1465_B
Data_1466_A,Data_1466_B
Data_1467_A,Data_1467_B
Data_1468_A,Data_1468_B
Data_1469_A,Data_1469_B
Data_1470_A,Data_1470_B
Data_1471_A,Data_1471_B
Data_1472_A,Data_1472_B
Data_1473_A,Data_1473_B
Data_1474_A,Data_1474_B
Data_1475_A,Data_1475_B
Data_1476_A,Data_1476_B
Data_1477_A,Data_1477_B
Data_1478_A,Data_1478_B
Data_1479_A,Data_1479_B
Data_1480_A,Data_1480_B
Data_1481_A,Data_1481_B
Data_1482_A,Data_1482_B
Data_1483_A,Data_1483_B
Data_1484_A,Data_1484_B
Data_1485_A,Data_1485_B
Data_1486_A,Data_1486_B
Data_1487_A,Data_1487_B
Data_1488_A,Data_1488_B
Data_1489_A,Data_1489_B
Data_1490_A,Data_1490_B
Data_1491_A,Data_1491_B
Data_1492_A,Data_1492_B
Data_1493_A,Data_1493_B
Data_1494_A,Data_1494_B
Data_1495_A,Data_1495_B
Data_1496_A,Data_1496_B
Data_1497_A,Data_1497_B
Data_1498_A,Data_1498_B
Data_1499_A,Data_1499_B
Data_1500_A,Data_1500_B
Data_1501_A,Data_1501_B
Data_1502_A,Data_1502_B
Data_1503_A,Data_1503_B
Data_1504_A,Data_1504_B
Data_1505_A,Data_1505_B
Data_1506_A,Data_1506_B
Data_1507_A,Data_1507_B
Data_1508_A,Data_1508_B
Data_1509_A,Data_1509_B
Data_1510_A,Data_1510_B
Data_1511_A,Data_1511_B
Data_1512_A,Data_1512_B
Data_1513_A,Data_1513_B
Data_1514_A,Data_1514_B
Data_1515_A,Data_1515_B
Data_1516_A,Data_1516_B
Data_1517_A,Data_1517_B
Data_1518_A,Data_1518_B
Data_1519_A,Data_1519_B
Data_1520_A,Data_1520_B
Data_1521_A,Data_1521_B
Data_1522_A,Data_1522_B
Data_1523_A,Data_1523_B
Data_1524_A,Data_1524_B
Data_1525_A,Data_1525_B
Data_1526_A,Data_1526_B
Data_1527_A,Data_1527_B
Data_1528_A,Data_1528_B
Data_1529_A,Data_1529_B
Data_1530_A,Data_1530_B
Data_1531_A,Data_1531_B
Data_1532_A,Data_1532_B
Data_1533_A,Data_1533_B
Data_1534_A,Data_1534_B
Data_1535_A,Data_1535_B
Data_1536_A,Data_1536_B
Data_1537_A,Data_1537_B
Data_1538_A,Data_1538_B
Data_1539_A,Data_1539_B
Data_1540_A,Data_1540_B
Data_1541_A,Data_1541_B
Data_1542_A,Data_1542_B
Data_1543_A,Data_1543_B
Data_1544_A,Data_1544_B
Data_1545_A,Data_1545_B
Data_1546_A,Data_1546_B
Data_1547_A,Data_1547_B
Data_1548_A,Data_1548_B
Data_1549_A,Data_1549_B
Data_1550_A,Data_1550_B
Data_1551_A,Data_1551_B
Data_1552_A,Data_1552_B
Data_1553_A,Data_1553_B
Data_1554_A,Data_1554_B
Data_1555_A,Data_1555_B
Data_1556_A,Data_1556_B
Data_1557_A,Data_1557_B
Data_1558_A,Data_1558_B
Data_1559_A,Data_1559_B
Data_1560_A,Data_1560_B
Data_1561_A,Data_1561_B
Data_1562_A,Data_1562_B
Data_1563_A,Data_1563_B
Data_1564_A,Data_1564_B
Data_1565_A,Data_1565_B
Data_1566_A,Data_1566_B
Data_1567_A,Data_1567_B
Data_1568_A,Data_1568_B
Data_1569_A,Data_1569_B
Data_1570_A,Data_1570_B
Data_1571_A,Data_1571_B
Data_1572_A,Data_1572_B
Data_1573_A,Data_1573_B
Data_1574_A,Data_1574_B
Data_1575_A,Data_1575_B
Data_1576_A,Data_1576_B
Data_1577_A,Data_1577_B
Data_1578_A,Data_1578_B
Data_1579_A,Data_1579_B
Data_1580_A,Data_1580_B
Data_1581_A,Data_1581_B
Data_1582_A,Data_1582_B
Data_1583_A,Data_1583_B
Data_1584_A,Data_1584_B
Data_1585_A,Data_1585_B
Data_1586_A,Data_1586_B
Data_1587_A,Data_1587_B
Data_1588_A,Data_1588_B
Data_1589_A,Data_1589_B
Data_1590_A,Data_1590_B
Data_1591_A,Data_1591_B
Data_1592_A,Data_1592_B
Data_1593_A,Data_1593_B
Data_1594_A,Data_1594_B
Data_1595_A,Data_1595_B
Data_1596_A,Data_1596_B
Data_1597_A,Data_1597_B
Data_1598_A,Data_1598_B
Data_1599_A,Data_1599_B
Data_1600_A,Data_1600_B
Data_1601_A,Data_1601_B
Data_1602_A,Data_1602_B
Data_1603_A,Data_1603_B
Data_1604_A,Data_1604_B
Data_1605_A,Data_1605_B
Data_1606_A,Data_1606_B
Data_1607_A,Data_1607_B
Data_1608_A,Data_1608_B
Data_1609_A,Data_1609_B
Data_1610_A,Data_1610_B
Data_1611_A,Data_1611_B
Data_1612_A,Data_1612_B
Data_1613_A,Data_1613_B
Data_1614_A,Data_1614_B
Data_1615_A,Data_1615_B
Data_1616_A,Data_1616_B
Data_1617_A,Data_1617_B
Data_1618_A,Data_1618_B
Data_1619_A,Data_1619_B
Data_1620_A,Data_1620_B
Data_1621_A,Data_1621_B
Data_1622_A,Data_1622_B
Data_1623_A,Data_1623_B
Data_1624_A,Data_1624_B
Data_1625_A,Data_1625_B
Data_1626_A,Data_1626_B
Data_1627_A,Data_1627_B
Data_1628_A,Data_1628_B
Data_1629_A,Data_1629_B
Data_1630_A,Data_1630_B
Data_1631_A,Data_1631_B
Data_1632_A,Data_1632_B
Data_1633_A,Data_1633_B
Data_1634_A,Data_1634_B
Data_1635_A,Data_1635_B
Data_1636_A,Data_1636_B
Data_1637_A,Data_1637_B
Data_1638_A,Data_1638_B
Data_1639_A,Data_1639_B
Data_1640_A,Data_1640_B
Data_1641_A,Data_1641_B
Data_1642_A,Data_1642_B
Data_1643_A,Data_1643_B
Data_1644_A,Data_1644_B
Data_1645_A,Data_1645_B
Data_1646_A,Data_1646_B
Data_1647_A,Data_1647_B
Data_1648_A,Data_1648_B
Data_1649_A,Data_1649_B
Data_1650_A,Data_1650_B
Data_1651_A,Data_1651_B
Data_1652_A,Data_1652_B
Data_1653_A,Data_1653_B
Data_1654_A,Data_1654_B
Data_1655_A,Data_1655_B
Data_1656_A,Data_1656_B
Data_1657_A,Data_1657_B
Data_1658_A,Data_1658_B
Data_1659_A,Data_1659_B
Data_1660_A,Data_1660_B
Data_1661_A,Data_1661_B
Data_1662_A,Data_1662_B
Data_1663_A,Data_1663_B
Data_1664_A,Data_1664_B
Data_1665_A,Data_1665_B
Data_1666_A,Data_1666_B
Data_1667_A,Data_1667_B
Data_1668_A,Data_1668_B
Data_1669_A,Data_1669_B
Data_1670_A,Data_1670_B
Data_1671_A,Data_1671_B
Data_1672_A,Data_1672_B
Data_1673_A,Data_1673_B
Data_1674_A,Data_1674_B
Data_1675_A,Data_1675_B
Data_1676_A,Data_1676_B
Data_1677_A,Data_1677_B
Data_1678_A,Data_1678_B
Data_1679_A,Data_1679_B
Data_1680_A,Data_1680_B
Data_1681_A,Data_1681_B
Data_1682_A,Data_1682_B
Data_1683_A,Data_1683_B
Data_1684_A,Data_1684_B
Data_1685_A,Data_1685_B
Data_1686_A,Data_1686_B
Data_1687_A,Data_1687_B
Data_1688_A,Data_1688_B
Data_1689_A,Data_1689_B
Data_1690_A,Data_1690_B
Data_1691_A,Data_1691_B
Data_1692_A,Data_1692_B
Data_1693_A,Data_1693_B
Data_1694_A,Data_1694_B
Data_1695_A,Data_1695_B
Data_1696_A,Data_1696_B
Data_1697_A,Data_1697_B
Data_1698_A,Data_1698_B
Data_1699_A,Data_1699_B
Data_1700_A,Data_1700_B
Data_1701_A,Data_1701_B
Data_1702_A,Data_1702_B
Data_1703_A,Data_1703_B
Data_1704_A,Data_1704_B
Data_1705_A,Data_1705_B
Data_1706_A,Data_1706_B
Data_1707_A,Data_1707_B
Data_1708_A,Data_1708_B
Data_1709_A,Data_1709_B
Data_1710_A,Data_1710_B
Data_1711_A,Data_1711_B
Data_1712_A,Data_1712_B
Data_1713_A,Data_1713_B
Data_1714_A,Data_1714_B
Data_1715_A,Data_1715_B
Data_1716_A,Data_1716_B
Data_1717_A,Data_1717_B
Data_1718_A,Data_1718_B
Data_1719_A,Data_1719_B
Data_1720_A,Data_1720_B
Data_1721_A,Data_1721_B
Data_1722_A,Data_1722_B
Data_1723_A,Data_1723_B
Data_1724_A,Data_1724_B
Data_1725_A,Data_1725_B
Data_1726_A,Data_1726_B
Data_1727_A,Data_1727_B
Data_1728_A,Data_1728_B
Data_1729_A,Data_1729_B
Data_1730_A,Data_1730_B
Data_1731_A,Data_1731_B
Data_1732_A,Data_1732_B
Data_1733_A,Data_1733_B
Data_1734_A,Data_1734_B
Data_1735_A,Data_1735_B
Data_1736_A,Data_1736_B
Data_1737_A,Data_1737_B
Data_1738_A,Data_1738_B
Data_1739_A,Data_1739_B
Data_1740_A,Data_1740_B
Data_1741_A,Data_1741_B
Data_1742_A,Data_1742_B
Data_1743_A,Data_1743_B
Data_1744_A,Data_1744_B
Data_1745_A,Data_1745_B
Data_1746_A,Data_1746_B
Data_1747_A,Data_1747_B
Data_1748_A,Data_1748_B
Data_1749_A,Data_1749_B
Data_1750_A,Data_1750_B
Data_1751_A,Data_1751_B
Data_1752_A,Data_1752_B
Data_1753_A,Data_1753_B
Data_1754_A,Data_1754_B
Data_1755_A,Data_1755_B
Data_1756_A,Data_1756_B
Data_1757_A,Data_1757_B
Data_1758_A,Data_1758_B
Data_1759_A,Data_1759_B
Data_1760_A,Data_1760_B
Data_1761_A,Data_1761_B
Data_1762_A,Data_1762_B
Data_1763_A,Data_1763_B
Data_1764_A,Data_1764_B
Data_1765_A,Data_1765_B
Data_1766_A,Data_1766_B
Data_1767_A,Data_1767_B
Data_1768_A,Data_1768_B
Data_1769_A,Data_1769_B
Data_1770_A,Data_1770_B
Data_1771_A,Data_1771_B
Data_1772_A,Data_1772_B
Data_1773_A,Data_1773_B
Data_1774_A,Data_1774_B
Data_1775_A,Data_1775_B
Data_1776_A,Data_1776_B
Data_1777_A,Data_1777_B
Data_1778_A,Data_1778_B
Data_1779_A,Data_1779_B
Data_1780_A,Data_1780_B
Data_1781_A,Data_1781_B
Data_1782_A,Data_1782_B
Data_1783_A,Data_1783_B
Data_1784_A,Data_1784_B
Data_1785_A,Data_1785_B
Data_1786_A,Data_1786_B
Data_1787_A,Data_1787_B
Data_1788_A,Data_1788_B
Data_1789_A,Data_1789_B
Data_1790_A,Data_1790_B
Data_1791_A,Data_1791_B
Data_1792_A,Data_1792_B
Data_1793_A,Data_1793_B
Data_1794_A,Data_1794_B
Data_1795_A,Data_1795_B
Data_1796_A,Data_1796_B
Data_1797_A,Data_1797_B
Data_1798_A,Data_1798_B
Data_1799_A,Data_1799_B
Data_1800_A,Data_1800_B
Data_1801_A,Data_1801_B
Data_1802_A,Data_1802_B
Data_1803_A,Data_1803_B
Data_1804_A,Data_1804_B
Data_1805_A,Data_1805_B
Data_1806_A,Data_1806_B
Data_1807_A,Data_1807_B
Data_1808_A,Data_1808_B
Data_1809_A,Data_1809_B
Data_1810_A,Data_1810_B
Data_1811_A,Data_1811_B
Data_1812_A,Data_1812_B
Data_1813_A,Data_1813_B
Data_1814_A,Data_1814_B
Data_1815_A,Data_1815_B
Data_1816_A,Data_1816_B
Data_1817_A,Data_1817_B
Data_1818_A,Data_1818_B
Data_1819_A,Data_1819_B
Data_1820_A,Data_1820_B
Data_1821_A,Data_1821_B
Data_1822_A,Data_1822_B
Data_1823_A,Data_1823_B
Data_1824_A,Data_1824_B
Data_1825_A,Data_1825_B
Data_1826_A,Data_1826_B
Data_1827_A,Data_1827_B
Data_1828_A,Data_1828_B
Data_1829_A,Data_1829_B
Data_1830_A,Data_1830_B
Data_1831_A,Data_1831_B
Data_1832_A,Data_1832_B
Data_1833_A,Data_1833_B
Data_1834_A,Data_1834_B
Data_1835_A,Data_1835_B
Data_1836_A,Data_1836_B
Data_1837_A,Data_1837_B
Data_1838_A,Data_1838_B
Data_1839_A,Data_1839_B
Data_1840_A,Data_1840_B
Data_1841_A,Data_1841_B
Data_1842_A,Data_1842_B
Data_1843_A,Data_1843_B
Data_1844_A,Data_1844_B
Data_1845_A,Data_1845_B
Data_1846_A,Data_1846_B
Data_1847_A,Data_1847_B
Data_1848_A,Data_1848_B
Data_1849_A,Data_1849_B
Data_1850_A,Data_1850_B
Data_1851_A,Data_1851_B
Data_1852_A,Data_1852_B
Data_1853_A,Data_1853_B
Data_1854_A,Data_1854_B
Data_1855_A,Data_1855_B
Data_1856_A,Data_1856_B
Data_1857_A,Data_1857_B
Data_1858_A,Data_1858_B
Data_1859_A,Data_1859_B
Data_1860_A,Data_1860_B
Data_1861_A,Data_1861_B
Data_1862_A,Data_1862_B
Data_1863_A,Data_1863_B
Data_1864_A,Data_1864_B
Data_1865_A,Data_1865_B
Data_1866_A,Data_1866_B
Data_1867_A,Data_1867_B
Data_1868_A,Data_1868_B
Data_1869_A,Data_1869_B
Data_1870_A,Data_1870_B
Data_1871_A,Data_1871_B
Data_1872_A,Data_1872_B
Data_1873_A,Data_1873_B
Data_1874_A,Data_1874_B
Data_1875_A,Data_1875_B
Data_1876_A,Data_1876_B
Data_1877_A,Data_1877_B
Data_1878_A,Data_1878_B
Data_1879_A,Data_1879_B
Data_1880_A,Data_1880_B
Data_1881_A,Data_1881_B
Data_1882_A,Data_1882_B
Data_1883_A,Data_1883_B
Data_1884_A,Data_1884_B
Data_1885_A,Data_1885_B
Data_1886_A,Data_1886_B
Data_1887_A,Data_1887_B
Data_1888_A,Data_1888_B
Data_1889_A,Data_1889_B
Data_1890_A,Data_1890_B
Data_1891_A,Data_1891_B
Data_1892_A,Data_1892_B
Data_1893_A,Data_1893_B
Data_1894_A,Data_1894_B
Data_1895_A,Data_1895_B
Data_1896_A,Data_1896_B
Data_1897_A,Data_1897_B
Data_1898_A,Data_1898_B
Data_1899_A,Data_1899_B
Data_1900_A,Data_1900_B
Data_1901_A,Data_1901_B
Data_1902_A,Data_1902_B
Data_1903_A,Data_1903_B
Data_1904_A,Data_1904_B
Data_1905_A,Data_1905_B
Data_1906_A,Data_1906_B
Data_1907_A,Data_1907_B
Data_1908_A,Data_1908_B
Data_1909_A,Data_1909_B
Data_1910_A,Data_1910_B
Data_1911_A,Data_1911_B
Data_1912_A,Data_1912_B
Data_1913_A,Data_1913_B
Data_1914_A,Data_1914_B
Data_1915_A,Data_1915_B
Data_1916_A,Data_1916_B
Data_1917_A,Data_1917_B
Data_1918_A,Data_1918_B
Data_1919_A,Data_1919_B
Data_1920_A,Data_1920_B
Data_1921_A,Data_1921_B
Data_1922_A,Data_1922_B
Data_1923_A,Data_1923_B
Data_1924_A,Data_1924_B
Data_1925_A,Data_1925_B
Data_1926_A,Data_1926_B
Data_1927_A,Data_1927_B
Data_1928_A,Data_1928_B
Data_1929_A,Data_1929_B
Data_1930_A,Data_1930_B
Data_1931_A,Data_1931_B
Data_1932_A,Data_1932_B
Data_1933_A,Data_1933_B
Data_1934_A,Data_1934_B
Data_1935_A,Data_1935_B
Data_1936_A,Data_1936_B
Data_1937_A,Data_1937_B
Data_1938_A,Data_1938_B
Data_1939_A,Data_1939_B
Data_1940_A,Data_1940_B
Data_1941_A,Data_1941_B
Data_1942_A,Data_1942_B
Data_1943_A,Data_1943_B
Data_1944_A,Data_1944_B
Data_1945_A,Data_1945_B
Data_1946_A,Data_1946_B
Data_1947_A,Data_1947_B
Data_1948_A,Data_1948_B
Data_1949_A,Data_1949_B
Data_1950_A,Data_1950_B
Data_1951_A,Data_1951_B
Data_1952_A,Data_1952_B
Data_1953_A,Data_1953_B
Data_1954_A,Data_1954_B
Data_1955_A,Data_1955_B
Data_1956_A,Data_1956_B
Data_1957_A,Data_1957_B
Data_1958_A,Data_1958_B
Data_1959_A,Data_1959_B
Data_1960_A,Data_1960_B
Data_1961_A,Data_1961_B
Data_1962_A,Data_1962_B
Data_1963_A,Data_1963_B
Data_1964_A,Data_1964_B
Data_1965_A,Data_1965_B
Data_1966_A,Data_1966_B
Data_1967_A,Data_1967_B
Data_1968_A,Data_1968_B
Data_1969_A,Data_1969_B
Data_1970_A,Data_1970_B
Data_1971_A,Data_1971_B
Data_1972_A,Data_1972_B
Data_1973_A,Data_1973_B
Data_1974_A,Data_1974_B
Data_1975_A,Data_1975_B
Data_1976_A,Data_1976_B
Data_1977_A,Data_1977_B
Data_1978_A,Data_1978_B
Data_1979_A,Data_1979_B
Data_1980_A,Data_1980_B
Data_1981_A,Data_1981_B
Data_1982_A,Data_1982_B
Data_1983_A,Data_1983_B
Data_1984_A,Data_1984_B
Data_1985_A,Data_1985_B
Data_1986_A,Data_1986_B
Data_1987_A,Data_1987_B
Data_1988_A,Data_1988_B
Data_1989_A,Data_1989_B
Data_1990_A,Data_1990_B
Data_1991_A,Data_1991_B
Data_1992_A,Data_1992_B
Data_1993_A,Data_1993_B
Data_1994_A,Data_1994_B
Data_1995_A,Data_1995_B
Data_1996_A,Data_1996_B
Data_1997_A,Data_1997_B
Data_1998_A,Data_1998_B
Data_1999_A,Data_1999_B
Data_2000_A,Data_2000_B
Data_2001_A,Data_2001_B
Data_2002_A,Data_2002_B
Data_2003_A,Data_2003_B
Data_2004_A,Data_2004_B
Data_2005_A,Data_2005_B
Data_2006_A,Data_2006_B
Data_2007_A,Data_2007_B
Data_2008_A,Data_2008_B
Data_2009_A,Data_2009_B
Data_2010_A,Data_2010_B
Data_2011_A,Data_2011_B
Data_2012_A,Data_2012_B
Data_2013_A,Data_2013_B
Data_2014_A,Data_2014_B
Data_2015_A,Data_2015_B
Data_2016_A,Data_2016_B
Data_2017_A,Data_2017_B
Data_2018_A,Data_2018_B
Data_2019_A,Data_2019_B
Data_2020_A,Data_2020_B
Data_2021_A,Data_2021_B
Data_2022_A,Data_2022_B
Data_2023_A,Data_2023_B
Data_2024_A,Data_2024_B
Data_2025_A,Data_2025_B
Data_2026_A,Data_2026_B
Data_2027_A,Data_2027_B
Data_2028_A,Data_2028_B
Data_2029_A,Data_2029_B
Data_2030_A,Data_2030_B
Data_2031_A,Data_2031_B
Data_2032_A,Data_2032_B
Data_2033_A,Data_2033_B
Data_2034_A,Data_2034_B
Data_2035_A,Data_2035_B
Data_2036_A,Data_2036_B
Data_2037_A,Data_2037_B
Data_2038_A,Data_2038_B
Data_2039_A,Data_2039_B
Data_2040_A,Data_2040_B
Data_2041_A,Data_2041_B
Data_2042_A,Data_2042_B
Data_2043_A,Data_2043_B
Data_2044_A,Data_2044_B
Data_2045_A,Data_2045_B
Data_2046_A,Data_2046_B
Data_2047_A,Data_2047_B
Data_2048_A,Data_2048_B
Data_2049_A,Data_2049_B
Data_2050_A,Data_2050_B
Data_2051_A,Data_2051_B
Data_2052_A,Data_2052_B
Data_2053_A,Data_2053_B
Data_2054_A,Data_2054_B
Data_2055_A,Data_2055_B
Data_2056_A,Data_2056_B
Data_2057_A,Data_2057_B
Data_2058_A,Data_2058_B
Data_2059_A,Data_2059_B
Data_2060_A,Data_2060_B
Data_2061_A,Data_2061_B
Data_2062_A,Data_2062_B
Data_2063_A,Data_2063_B
Data_2064_A,Data_2064_B
Data_2065_A,Data_2065_B
Data_2066_A,Data_2066_B
Data_2067_A,Data_2067_B
Data_2068_A,Data_2068_B
Data_2069_A,Data_2069_B
Data_2070_A,Data_2070_B
Data_2071_A,Data_2071_B
Data_2072_A,Data_2072_B
Data_2073_A,Data_2073_B
Data_2074_A,Data_2074_B
Data_2075_A,Data_2075_B
Data_2076_A,Data_2076_B
Data_2077_A,Data_2077_B
Data_2078_A,Data_2078_B
Data_2079_A,Data_2079_B
Data_2080_A,Data_2080_B
Data_2081_A,Data_2081_B
Data_2082_A,Data_2082_B
Data_2083_A,Data_2083_B
Data_2084_A,Data_2084_B
Data_2085_A,Data_2085_B
Data_2086_A,Data_2086_B
Data_2087_A,Data_2087_B
Data_2088_A,Data_2088_B
Data_2089_A,Data_2089_B
Data_2090_A,Data_2090_B
Data_2091_A,Data_2091_B
Data_2092_A,Data_2092_B
Data_2093_A,Data_2093_B
Data_2094_A,Data_2094_B
Data_2095_A,Data_2095_B
Data_2096_A,Data_2096_B
Data_2097_A,Data_2097_B
Data_2098_A,Data_2098_B
Data_2099_A,Data_2099_B
Data_2100_A,Data_2100_B
Data_2101_A,Data_2101_B
Data_2102_A,Data_2102_B
Data_2103_A,Data_2103_B
Data_2104_A,Data_2104_B
Data_2105_A,Data_2105_B
Data_2106_A,Data_2106_B
Data_2107_A,Data_2107_B
Data_2108_A,Data_2108_B
Data_2109_A,Data_2109_B
Data_2110_A,Data_2110_B
Data_2111_A,Data_2111_B
Data_2112_A,Data_2112_B
Data_2113_A,Data_2113_B
Data_2114_A,Data_2114_B
Data_2115_A,Data_2115_B
Data_2116_A,Data_2116_B
Data_2117_A,Data_2117_B
Data_2118_A,Data_2118_B
Data_2119_A,Data_2119_B
Data_2120_A,Data_2120_B
Data_2121_A,Data_2121_B
Data_2122_A,Data_2122_B
Data_2123_A,Data_2123_B
Data_2124_A,Data_2124_B
Data_2125_A,Data_2125_B
Data_2126_A,Data_2126_B
Data_2127_A,Data_2127_B
Data_2128_A,Data_2128_B
Data_2129_A,Data_2129_B
Data_2130_A,Data_2130_B
Data_2131_A,Data_2131_B
Data_2132_A,Data_2132_B
Data_2133_A,Data_2133_B
Data_2134_A,Data_2134_B
Data_2135_A,Data_2135_B
Data_2136_A,Data_2136_B
Data_2137_A,Data_2137_B
Data_2138_A,Data_2138_B
Data_2139_A,Data_2139_B
Data_2140_A,Data_2140_B
Data_2141_A,Data_2141_B
Data_2142_A,Data_2142_B
Data_2143_A,Data_2143_B
Data_2144_A,Data_2144_B
Data_2145_A,Data_2145_B
Data_2146_A,Data_2146_B
Data_2147_A,Data_2147_B
Data_2148_A,Data_2148_B
Data_2149_A,Data_2149_B
Data_2150_A,Data_2150_B
Data_2151_A,Data_2151_B
Data_2152_A,Data_2152_B
Data_2153_A,Data_2153_B
Data_2154_A,Data_2154_B
Data_2155_A,Data_2155_B
Data_2156_A,Data_2156_B
Data_2157_A,Data_2157_B
Data_2158_A,Data_2158_B
Data_2159_A,Data_2159_B
Data_2160_A,Data_2160_B
Data_2161_A,Data_2161_B
Data_2162_A,Data_2162_B
Data_2163_A,Data_2163_B
Data_2164_A,Data_2164_B
Data_2165_A,Data_2165_B
Data_2166_A,Data_2166_B
Data_2167_A,Data_2167_B
Data_2168_A,Data_2168_B
Data_2169_A,Data_2169_B
Data_2170_A,Data_2170_B
Data_2171_A,Data_2171_B
Data_2172_A,Data_2172_B
Data_2173_A,Data_2173_B
Data_2174_A,Data_2174_B
Data_2175_A,Data_2175_B
Data_2176_A,Data_2176_B
Data_2177_A,Data_2177_B
Data_2178_A,Data_2178_B
Data_2179_A,Data_2179_B
Data_2180_A,Data_2180_B
Data_2181_A,Data_2181_B
Data_2182_A,Data_2182_B
Data_2183_A,Data_2183_B
Data_2184_A,Data_2184_B
Data_2185_A,Data_2185_B
Data_2186_A,Data_2186_B
Data_2187_A,Data_2187_B
Data_2188_A,Data_2188_B
Data_2189_A,Data_2189_B
Data_2190_A,Data_2190_B
Data_2191_A,Data_2191_B
Data_2192_A,Data_2192_B
Data_2193_A,Data_2193_B
Data_2194_A,Data_2194_B
Data_2195_A,Data_2195_B
Data_2196_A,Data_2196_B
Data_2197_A,Data_2197_B
Data_2198_A,Data_2198_B
Data_2199_A,Data_2199_B
Data_2200_A,Data_2200_B
Data_2201_A,Data_2201_B
Data_2202_A,Data_2202_B
Data_2203_A,Data_2203_B
Data_2204_A,Data_2204_B
Data_2205_A,Data_2205_B
Data_2206_A,Data_2206_B
Data_2207_A,Data_2207_B
Data_2208_A,Data_2208_B
Data_2209_A,Data_2209_B
Data_2210_A,Data_2210_B
Data_2211_A,Data_2211_B
Data_2212_A,Data_2212_B
Data_2213_A,Data_2213_B
Data_2214_A,Data_2214_B
Data_2215_A,Data_2215_B
Data_2216_A,Data_2216_B
Data_2217_A,Data_2217_B
Data_2218_A,Data_2218_B
Data_2219_A,Data_2219_B
Data_2220_A,Data_2220_B
Data_2221_A,Data_2221_B
Data_2222_A,Data_2222_B
Data_2223_A,Data_2223_B
Data_2224_A,Data_2224_B
Data_2225_A,Data_2225_B
Data_2226_A,Data_2226_B
Data_2227_A,Data_2227_B
Data_2228_A,Data_2228_B
Data_2229_A,Data_2229_B
Data_2230_A,Data_2230_B
Data_2231_A,Data_2231_B
Data_2232_A,Data_2232_B
Data_2233_A,Data_2233_B
Data_2234_A,Data_2234_B
Data_2235_A,Data_2235_B
Data_2236_A,Data_2236_B
Data_2237_A,Data_2237_B
Data_2238_A,Data_2238_B
Data_2239_A,Data_2239_B
Data_2240_A,Data_2240_B
Data_2241_A,Data_2241_B
Data_2242_A,Data_2242_B
Data_2243_A,Data_2243_B
Data_2244_A,Data_2244_B
Data_2245_A,Data_2245_B
Data_2246_A,Data_2246_B
Data_2247_A,Data_2247_B
Data_2248_A,Data_2248_B
Data_2249_A,Data_2249_B
Data_2250_A,Data_2250_B
Data_2251_A,Data_2251_B
Data_2252_A,Data_2252_B
Data_2253_A,Data_2253_B
Data_2254_A,Data_2254_B
Data_2255_A,Data_2255_B
Data_2256_A,Data_2256_B
Data_2257_A,Data_2257_B
Data_2258_A,Data_2258_B
Data_2259_A,Data_2259_B
Data_2260_A,Data_2260_B
Data_2261_A,Data_2261_B
Data_2262_A,Data_2262_B
Data_2263_A,Data_2263_B
Data_2264_A,Data_2264_B
Data_2265_A,Data_2265_B
Data_2266_A,Data_2266_B
Data_2267_A,Data_2267_B
Data_2268_A,Data_2268_B
Data_2269_A,Data_2269_B
Data_2270_A,Data_2270_B
Data_2271_A,Data_2271_B
Data_2272_A,Data_2272_B
Data_2273_A,Data_2273_B
Data_2274_A,Data_2274_B
Data_2275_A,Data_2275_B
Data_2276_A,Data_2276_B
Data_2277_A,Data_2277_B
Data_2278_A,Data_2278_B
Data_2279_A,Data_2279_B
Data_2280_A,Data_2280_B
Data_2281_A,Data_2281_B
Data_2282_A,Data_2282_B
Data_2283_A,Data_2283_B
Data_2284_A,Data_2284_B
Data_2285_A,Data_2285_B
Data_2286_A,Data_2286_B
Data_2287_A,Data_2287_B
Data_2288_A,Data_2288_B
Data_2289_A,Data_2289_B
Data_2290_A,Data_2290_B
Data_2291_A,Data_2291_B
Data_2292_A,Data_2292_B
Data_2293_A,Data_2293_B
Data_2294_A,Data_2294_B
Data_2295_A,Data_2295_B
Data_2296_A,Data_2296_B
Data_2297_A,Data_2297_B
Data_2298_A,Data_2298_B
Data_2299_A,Data_2299_B
Data_2300_A,Data_2300_B
Data_2301_A,Data_2301_B
Data_2302_A,Data_2302_B
Data_2303_A,Data_2303_B
Data_2304_A,Data_2304_B
Data_2305_A,Data_2305_B
Data_2306_A,Data_2306_B
Data_2307_A,Data_2307_B
Data_2308_A,Data_2308_B
Data_2309_A,Data_2309_B
Data_2310_A,Data_2310_B
Data_2311_A,Data_2311_B
Data_2312_A,Data_2312_B
Data_2313_A,Data_2313_B
Data_2314_A,Data_2314_B
Data_2315_A,Data_2315_B
Data_2316_A,Data_2316_B
Data_2317_A,Data_2317_B
Data_2318_A,Data_2318_B
Data_2319_A,Data_2319_B
Data_2320_A,Data_2320_B
Data_2321_A,Data_2321_B
Data_2322_A,Data_2322_B
Data_2323_A,Data_2323_B
Data_2324_A,Data_2324_B
Data_2325_A,Data_2325_B
Data_2326_A,Data_2326_B
Data_2327_A,Data_2327_B
Data_2328_A,Data_2328_B
Data_2329_A,Data_2329_B
Data_2330_A,Data_2330_B
Data_2331_A,Data_2331_B
Data_2332_A,Data_2332_B
Data_2333_A,Data_2333_B
Data_2334_A,Data_2334_B
Data_2335_A,Data_2335_B
Data_2336_A,Data_2336_B
Data_2337_A,Data_2337_B
Data_2338_A,Data_2338_B
Data_2339_A,Data_2339_B
Data_2340_A,Data_2340_B
Data_2341_A,Data_2341_B
Data_2342_A,Data_2342_B
Data_2343_A,Data_2343_B
Data_2344_A,Data_2344_B
Data_2345_A,Data_2345_B
Data_2346_A,Data_2346_B
Data_2347_A,Data_2347_B
Data_2348_A,Data_2348_B
Data_2349_A,Data_2349_B
Data_2350_A,Data_2350_B
Data_2351_A,Data_2351_B
Data_2352_A,Data_2352_B
Data_2353_A,Data_2353_B
Data_2354_A,Data_2354_B
Data_2355_A,Data_2355_B
Data_2356_A,Data_2356_B
Data_2357_A,Data_2357_B
Data_2358_A,Data_2358_B
Data_2359_A,Data_2359_B
Data_2360_A,Data_2360_B
Data_2361_A,Data_2361_B
Data_2362_A,Data_2362_B
Data_2363_A,Data_2363_B
Data_2364_A,Data_2364_B
Data_2365_A,Data_2365_B
Data_2366_A,Data_2366_B
Data_2367_A,Data_2367_B
Data_2368_A,Data_2368_B
Data_2369_A,Data_2369_B
Data_2370_A,Data_2370_B
Data_2371_A,Data_2371_B
Data_2372_A,Data_2372_B
Data_2373_A,Data_2373_B
Data_2374_A,Data_2374_B
Data_2375_A,Data_2375_B
Data_2376_A,Data_2376_B
Data_2377_A,Data_2377_B
Data_2378_A,Data_2378_B
Data_2379_A,Data_2379_B
Data_2380_A,Data_2380_B
Data_2381_A,Data_2381_B
Data_2382_A,Data_2382_B
Data_2383_A,Data_2383_B
Data_2384_A,Data_2384_B
Data_2385_A,Data_2385_B
Data_2386_A,Data_2386_B
Data_2387_A,Data_2387_B
Data_2388_A,Data_2388_B
Data_2389_A,Data_2389_B
Data_2390_A,Data_2390_B
Data_2391_A,Data_2391_B
Data_2392_A,Data_2392_B
Data_2393_A,Data_2393_B
Data_2394_A,Data_2394_B
Data_2395_A,Data_2395_B
Data_2396_A,Data_2396_B
Data_2397_A,Data_2397_B
Data_2398_A,Data_2398_B
Data_2399_A,Data_2399_B
Data_2400_A,Data_2400_B
Data_2401_A,Data_2401_B
Data_2402_A,Data_2402_B
Data_2403_A,Data_2403_B
Data_2404_A,Data_2404_B
Data_2405_A,Data_2405_B
Data_2406_A,Data_2406_B
Data_2407_A,Data_2407_B
Data_2408_A,Data_2408_B
Data_2409_A,Data_2409_B
Data_2410_A,Data_2410_B
Data_2411_A,Data_2411_B
Data_2412_A,Data_2412_B
Data_2413_A,Data_2413_B
Data_2414_A,Data_2414_B
Data_2415_A,Data_2415_B
Data_2416_A,Data_2416_B
Data_2417_A,Data_2417_B
Data_2418_A,Data_2418_B
Data_2419_A,Data_2419_B
Data_2420_A,Data_2420_B
Data_2421_A,Data_2421_B
Data_2422_A,Data_2422_B
Data_2423_A,Data_2423_B
Data_2424_A,Data_2424_B
Data_2425_A,Data_2425_B
Data_2426_A,Data_2426_B
Data_2427_A,Data_2427_B
Data_2428_A,Data_2428_B
Data_2429_A,Data_2429_B
Data_2430_A,Data_2430_B
Data_2431_A,Data_2431_B
Data_2432_A,Data_2432_B
Data_2433_A,Data_2433_B
Data_2434_A,Data_2434_B
Data_2435_A,Data_2435_B
Data_2436_A,Data_2436_B
Data_2437_A,Data_2437_B
Data_2438_A,Data_2438_B
Data_2439_A,Data_2439_B
Data_2440_A,Data_2440_B
Data_2441_A,Data_2441_B
Data_2442_A,Data_2442_B
Data_2443_A,Data_2443_B
Data_2444_A,Data_2444_B
Data_2445_A,Data_2445_B
Data_2446_A,Data_2446_B
Data_2447_A,Data_2447_B
Data_2448_A,Data_2448_B
Data_2449_A,Data_2449_B
Data_2450_A,Data_2450_B
Data_2451_A,Data_2451_B
Data_2452_A,Data_2452_B
Data_2453_A,Data_2453_B
Data_2454_A,Data_2454_B
Data_2455_A,Data_2455_B
Data_2456_A,Data_2456_B
Data_2457_A,Data_2457_B
Data_2458_A,Data_2458_B
Data_2459_A,Data_2459_B
Data_2460_A,Data_2460_B
Data_2461_A,Data_2461_B
Data_2462_A,Data_2462_B
Data_2463_A,Data_2463_B
Data_2464_A,Data_2464_B
Data_2465_A,Data_2465_B
Data_2466_A,Data_2466_B
Data_2467_A,Data_2467_B
Data_2468_A,Data_2468_B
Data_2469_A,Data_2469_B
Data_2470_A,Data_2470_B
Data_2471_A,Data_2471_B
Data_2472_A,Data_2472_B
Data_2473_A,Data_2473_B
Data_2474_A,Data_2474_B
Data_2475_A,Data_2475_B
Data_2476_A,Data_2476_B
Data_2477_A,Data_2477_B
Data_2478_A,Data_2478_B
Data_2479_A,Data_2479_B
Data_2480_A,Data_2480_B
Data_2481_A,Data_2481_B
Data_2482_A,Data_2482_B
Data_2483_A,Data_2483_B
Data_2484_A,Data_2484_B
Data_2485_A,Data_2485_B
Data_2486_A,Data_2486_B
Data_2487_A,Data_2487_B
Data_2488_A,Data_2488_B
Data_2489_A,Data_2489_B
Data_2490_A,Data_2490_B
Data_2491_A,Data_2491_B
Data_2492_A,Data_2492_B
Data_2493_A,Data_2493_B
Data_2494_A,Data_2494_B
Data_2495_A,Data_2495_B
Data_2496_A,Data_2496_B
Data_2497_A,Data_2497_B
Data_2498_A,Data_2498_B
Data_2499_A,Data_2499_B
Data_2500_A,Data_2500_B
Data_2501_A,Data_2501_B
Data_2502_A,Data_2502_B
Data_2503_A,Data_2503_B
Data_2504_A,Data_2504_B
Data_2505_A,Data_2505_B
Data_2506_A,Data_2506_B
Data_2507_A,Data_2507_B
Data_2508_A,Data_2508_B
Data_2509_A,Data_2509_B
Data_2510_A,Data_2510_B
Data_2511_A,Data_2511_B
Data_2512_A,Data_2512_B
Data_2513_A,Data_2513_B
Data_2514_A,Data_2514_B
Data_2515_A,Data_2515_B
Data_2516_A,Data_2516_B
Data_2517_A,Data_2517_B
Data_2518_A,Data_2518_B
Data_2519_A,Data_2519_B
Data_2520_A,Data_2520_B
Data_2521_A,Data_2521_B
Data_2522_A,Data_2522_B
Data_2523_A,Data_2523_B
Data_2524_A,Data_2524_B
Data_2525_A,Data_2525_B
Data_2526_A,Data_2526_B
Data_2527_A,Data_2527_B
Data_2528_A,Data_2528_B
Data_2529_A,Data_2529_B
Data_2530_A,Data_2530_B
Data_2531_A,Data_2531_B
Data_2532_A,Data_2532_B
Data_2533_A,Data_2533_B
Data_2534_A,Data_2534_B
Data_2535_A,Data_2535_B
Data_2536_A,Data_2536_B
Data_2537_A,Data_2537_B
Data_2538_A,Data_2538_B
Data_2539_A,Data_2539_B
Data_2540_A,Data_2540_B
Data_2541_A,Data_2541_B
Data_2542_A,Data_2542_B
Data_2543_A,Data_2543_B
Data_2544_A,Data_2544_B
Data_2545_A,Data_2545_B
Data_2546_A,Data_2546_B
Data_2547_A,Data_2547_B
Data_2548_A,Data_2548_B
Data_2549_A,Data_2549_B
Data_2550_A,Data_2550_B
Data_2551_A,Data_2551_B
Data_2552_A,Data_2552_B
Data_2553_A,Data_2553_B
Data_2554_A,Data_2554_B
Data_2555_A,Data_2555_B
Data_2556_A,Data_2556_B
Data_2557_A,Data_2557_B
Data_2558_A,Data_2558_B
Data_2559_A,Data_2559_B
Data_2560_A,Data_2560_B
Data_2561_A,Data_2561_B
Data_2562_A,Data_2562_B
Data_2563_A,Data_2563_B
Data_2564_A,Data_2564_B
Data_2565_A,Data_2565_B
Data_2566_A,Data_2566_B
Data_2567_A,Data_2567_B
Data_2568_A,Data_2568_B
Data_2569_A,Data_2569_B
Data_2570_A,Data_2570_B
Data_2571_A,Data_2571_B
Data_2572_A,Data_2572_B
Data_2573_A,Data_2573_B
Data_2574_A,Data_2574_B
Data_2575_A,Data_2575_B
Data_2576_A,Data_2576_B
Data_2577_A,Data_2577_B
Data_2578_A,Data_2578_B
Data_2579_A,Data_2579_B
Data_2580_A,Data_2580_B
Data_2581_A,Data_2581_B
Data_2582_A,Data_2582_B
Data_2583_A,Data_2583_B
Data_2584_A,Data_2584_B
Data_2585_A,Data_2585_B
Data_2586_A,Data_2586_B
Data_2587_A,Data_2587_B
Data_2588_A,Data_2588_B
Data_2589_A,Data_2589_B
Data_2590_A,Data_2590_B
Data_2591_A,Data_2591_B
Data_2592_A,Data_2592_B
Data_2593_A,Data_2593_B
Data_2594_A,Data_2594_B
Data_2595_A,Data_2595_B
Data_2596_A,Data_2596_B
Data_2597_A,Data_2597_B
Data_2598_A,Data_2598_B
Data_2599_A,Data_2599_B
Data_2600_A,Data_2600_B
Data_2601_A,Data_2601_B
Data_2602_A,Data_2602_B
Data_2603_A,Data_2603_B
Data_2604_A,Data_2604_B
Data_2605_A,Data_2605_B
Data_2606_A,Data_2606_B
Data_2607_A,Data_2607_B
Data_2608_A,Data_2608_B
Data_2609_A,Data_2609_B
Data_2610_A,Data_2610_B
Data_2611_A,Data_2611_B
Data_2612_A,Data_2612_B
Data_2613_A,Data_2613_B
Data_2614_A,Data_2614_B
Data_2615_A,Data_2615_B
Data_2616_A,Data_2616_B
Data_2617_A,Data_2617_B
Data_2618_A,Data_2618_B
Data_2619_A,Data_2619_B
Data_2620_A,Data_2620_B
Data_2621_A,Data_2621_B
Data_2622_A,Data_2622_B
Data_2623_A,Data_2623_B
Data_2624_A,Data_2624_B
Data_2625_A,Data_2625_B
Data_2626_A,Data_2626_B
Data_2627_A,Data_2627_B
Data_2628_A,Data_2628_B
Data_2629_A,Data_2629_B
Data_2630_A,Data_2630_B
Data_2631_A,Data_2631_B
Data_2632_A,Data_2632_B
Data_2633_A,Data_2633_B
Data_2634_A,Data_2634_B
Data_2635_A,Data_2635_B
Data_2636_A,Data_2636_B
Data_2637_A,Data_2637_B
Data_2638_A,Data_2638_B
Data_2639_A,Data_2639_B
Data_2640_A,Data_2640_B
Data_2641_A,Data_2641_B
Data_2642_A,Data_2642_B
Data_2643_A,Data_2643_B
Data_2644_A,Data_2644_B
Data_2645_A,Data_2645_B
Data_2646_A,Data_2646_B
Data_2647_A,Data_2647_B
Data_2648_A,Data_2648_B
Data_2649_A,Data_2649_B
Data_2650_A,Data_2650_B
Data_2651_A,Data_2651_B
Data_2652_A,Data_2652_B
Data_2653_A,Data_2653_B
Data_2654_A,Data_2654_B
Data_2655_A,Data_2655_B
Data_2656_A,Data_2656_B
Data_2657_A,Data_2657_B
Data_2658_A,Data_2658_B
Data_2659_A,Data_2659_B
Data_2660_A,Data_2660_B
Data_2661_A,Data_2661_B
Data_2662_A,Data_2662_B
Data_2663_A,Data_2663_B
Data_2664_A,Data_2664_B
Data_2665_A,Data_2665_B
Data_2666_A,Data_2666_B
Data_2667_A,Data_2667_B
Data_2668_A,Data_2668_B
Data_2669_A,Data_2669_B
Data_2670_A,Data_2670_B
Data_2671_A,Data_2671_B
Data_2672_A,Data_2672_B
Data_2673_A,Data_2673_B
Data_2674_A,Data_2674_B
Data_2675_A,Data_2675_B
Data_2676_A,Data_2676_B
Data_2677_A,Data_2677_B
Data_2678_A,Data_2678_B
Data_2679_A,Data_2679_B
Data_2680_A,Data_2680_B
Data_2681_A,Data_2681_B
Data_2682_A,Data_2682_B
Data_2683_A,Data_2683_B
Data_2684_A,Data_2684_B
Data_2685_A,Data_2685_B
Data_2686_A,Data_2686_B
Data_2687_A,Data_2687_B
Data_2688_A,Data_2688_B
Data_2689_A,Data_2689_B
Data_2690_A,Data_2690_B
Data_2691_A,Data_2691_B
Data_2692_A,Data_2692_B
Data_2693_A,Data_2693_B
Data_2694_A,Data_2694_B
Data_2695_A,Data_2695_B
Data_2696_A,Data_2696_B
Data_2697_A,Data_2697_B
Data_2698_A,Data_2698_B
Data_2699_A,Data_2699_B
Data_2700_A,Data_2700_B
Data_2701_A,Data_2701_B
Data_2702_A,Data_2702_B
Data_2703_A,Data_2703_B
Data_2704_A,Data_2704_B
Data_2705_A,Data_2705_B
Data_2706_A,Data_2706_B
Data_2707_A,Data_2707_B
Data_2708_A,Data_2708_B
Data_2709_A,Data_2709_B
Data_2710_A,Data_2710_B
Data_2711_A,Data_2711_B
Data_2712_A,Data_2712_B
Data_2713_A,Data_2713_B
Data_2714_A,Data_2714_B
Data_2715_A,Data_2715_B
Data_2716_A,Data_2716_B
Data_2717_A,Data_2717_B
Data_2718_A,Data_2718_B
Data_2719_A,Data_2719_B
Data_2720_A,Data_2720_B
Data_2721_A,Data_2721_B
Data_2722_A,Data_2722_B
Data_2723_A,Data_2723_B
Data_2724_A,Data_2724_B
Data_2725_A,Data_2725_B
Data_2726_A,Data_2726_B
Data_2727_A,Data_2727_B
Data_2728_A,Data_2728_B
Data_2729_A,Data_2729_B
Data_2730_A,Data_2730_B
Data_2731_A,Data_2731_B
Data_2732_A,Data_2732_B
Data_2733_A,Data_2733_B
Data_2734_A,Data_2734_B
Data_2735_A,Data_2735_B
Data_2736_A,Data_2736_B
Data_2737_A,Data_2737_B
Data_2738_A,Data_2738_B
Data_2739_A,Data_2739_B
Data_2740_A,Data_2740_B
Data_2741_A,Data_2741_B
Data_2742_A,Data_2742_B
Data_2743_A,Data_2743_B
Data_2744_A,Data_2744_B
Data_2745_A,Data_2745_B
Data_2746_A,Data_2746_B
Data_2747_A,Data_2747_B
Data_2748_A,Data_2748_B
Data_2749_A,Data_2749_B
Data_2750_A,Data_2750_B
Data_2751_A,Data_2751_B
Data_2752_A,Data_2752_B
Data_2753_A,Data_2753_B
Data_2754_A,Data_2754_B
Data_2755_A,Data_2755_B
Data_2756_A,Data_2756_B
Data_2757_A,Data_2757_B
Data_2758_A,Data_2758_B
Data_2759_A,Data_2759_B
Data_2760_A,Data_2760_B
Data_2761_A,Data_2761_B
Data_2762_A,Data_2762_B
Data_2763_A,Data_2763_B
Data_2764_A,Data_2764_B
Data_2765_A,Data_2765_B
Data_2766_A,Data_2766_B
Data_2767_A,Data_2767_B
Data_2768_A,Data_2768_B
Data_2769_A,Data_2769_B
Data_2770_A,Data_2770_B
Data_2771_A,Data_2771_B
Data_2772_A,Data_2772_B
Data_2773_A,Data_2773_B
Data_2774_A,Data_2774_B
Data_2775_A,Data_2775_B
Data_2776_A,Data_2776_B
Data_2777_A,Data_2777_B
Data_2778_A,Data_2778_B
Data_2779_A,Data_2779_B
Data_2780_A,Data_2780_B
Data_2781_A,Data_2781_B
Data_2782_A,Data_2782_B
Data_2783_A,Data_2783_B
Data_2784_A,Data_2784_B
Data_2785_A,Data_2785_B
Data_2786_A,Data_2786_B
Data_2787_A,Data_2787_B
Data_2788_A,Data_2788_B
Data_2789_A,Data_2789_B
Data_2790_A,Data_2790_B
Data_2791_A,Data_2791_B
Data_2792_A,Data_2792_B
Data_2793_A,Data_2793_B
Data_2794_A,Data_2794_B
Data_2795_A,Data_2795_B
Data_2796_A,Data_2796_B
Data_2797_A,Data_2797_B
Data_2798_A,Data_2798_B
Data_2799_A,Data_2799_B
Data_2800_A,Data_2800_B
Data_2801_A,Data_2801_B
Data_2802_A,Data_2802_B
Data_2803_A,Data_2803_B
Data_2804_A,Data_2804_B
Data_2805_A,Data_2805_B
Data_2806_A,Data_2806_B
Data_2807_A,Data_2807_B
Data_2808_A,Data_2808_B
Data_2809_A,Data_2809_B
Data_2810_A,Data_2810_B
Data_2811_A,Data_2811_B
Data_2812_A,Data_2812_B
Data_2813_A,Data_2813_B
Data_2814_A,Data_2814_B
Data_2815_A,Data_2815_B
Data_2816_A,Data_2816_B
Data_2817_A,Data_2817_B
Data_2818_A,Data_2818_B
Data_2819_A,Data_2819_B
Data_2820_A,Data_2820_B
Data_2821_A,Data_2821_B
Data_2822_A,Data_2822_B
Data_2823_A,Data_2823_B
Data_2824_A,Data_2824_B
Data_2825_A,Data_2825_B
Data_2826_A,Data_2826_B
Data_2827_A,Data_2827_B
Data_2828_A,Data_2828_B
Data_2829_A,Data_2829_B
Data_2830_A,Data_2830_B
Data_2831_A,Data_2831_B
Data_2832_A,Data_2832_B
Data_2833_A,Data_2833_B
Data_2834_A,Data_2834_B
Data_2835_A,Data_2835_B
Data_2836_A,Data_2836_B
Data_2837_A,Data_2837_B
Data_2838_A,Data_2838_B
Data_2839_A,Data_2839_B
Data_2840_A,Data_2840_B
Data_2841_A,Data_2841_B
Data_2842_A,Data_2842_B
Data_2843_A,Data_2843_B
Data_2844_A,Data_2844_B
Data_2845_A,Data_2845_B
Data_2846_A,Data_2846_B
Data_2847_A,Data_2847_B
Data_2848_A,Data_2848_B
Data_2849_A,Data_2849_B
Data_2850_A,Data_2850_B
Data_2851_A,Data_2851_B
Data_2852_A,Data_2852_B
Data_2853_A,Data_2853_B
Data_2854_A,Data_2854_B
Data_2855_A,Data_2855_B
Data_2856_A,Data_2856_B
Data_2857_A,Data_2857_B
Data_2858_A,Data_2858_B
Data_2859_A,Data_2859_B
Data_2860_A,Data_2860_B
Data_2861_A,Data_2861_B
Data_2862_A,Data_2862_B
Data_2863_A,Data_2863_B
Data_2864_A,Data_2864_B
Data_2865_A,Data_2865_B
Data_2866_A,Data_2866_B
Data_2867_A,Data_2867_B
Data_2868_A,Data_2868_B
Data_2869_A,Data_2869_B
Data_2870_A,Data_2870_B
Data_2871_A,Data_2871_B
Data_2872_A,Data_2872_B
Data_2873_A,Data_2873_B
Data_2874_A,Data_2874_B
Data_2875_A,Data_2875_B
Data_2876_A,Data_2876_B
Data_2877_A,Data_2877_B
Data_2878_A,Data_2878_B
Data_2879_A,Data_2879_B
Data_2880_A,Data_2880_B
Data_2881_A,Data_2881_B
Data_2882_A,Data_2882_B
Data_2883_A,Data_2883_B
Data_2884_A,Data_2884_B
Data_2885_A,Data_2885_B
Data_2886_A,Data_2886_B
Data_2887_A,Data_2887_B
Data_2888_A,Data_2888_B
Data_2889_A,Data_2889_B
Data_2890_A,Data_2890_B
Data_2891_A,Data_2891_B
Data_2892_A,Data_2892_B
Data_2893_A,Data_2893_B
Data_2894_A,Data_2894_B
Data_2895_A,Data_2895_B
Data_2896_A,Data_2896_B
Data_2897_A,Data_2897_B
Data_2898_A,Data_2898_B
Data_2899_A,Data_2899_B
Data_2900_A,Data_2900_B
Data_2901_A,Data_2901_B
Data_2902_A,Data_2902_B
Data_2903_A,Data_2903_B
Data_2904_A,Data_2904_B
Data_2905_A,Data_2905_B
Data_2906_A,Data_2906_B
Data_2907_A,Data_2907_B
Data_2908_A,Data_2908_B
Data_2909_A,Data_2909_B
Data_2910_A,Data_2910_B
Data_2911_A,Data_2911_B
Data_2912_A,Data_2912_B
Data_2913_A,Data_2913_B
Data_2914_A,Data_2914_B
Data_2915_A,Data_2915_B
Data_2916_A,Data_2916_B
Data_2917_A,Data_2917_B
Data_2918_A,Data_2918_B
Data_2919_A,Data_2919_B
Data_2920_A,Data_2920_B
Data_2921_A,Data_2921_B
Data_2922_A,Data_2922_B
Data_2923_A,Data_2923_B
Data_2924_A,Data_2924_B
Data_2925_A,Data_2925_B
Data_2926_A,Data_2926_B
Data_2927_A,Data_2927_B
Data_2928_A,Data_2928_B
Data_2929_A,Data_2929_B
Data_2930_A,Data_2930_B
Data_2931_A,Data_2931_B
Data_2932_A,Data_2932_B
Data_2933_A,Data_2933_B
Data_2934_A,Data_2934_B
Data_2935_A,Data_2935_B
Data_2936_A,Data_2936_B
Data_2937_A,Data_2937_B
Data_2938_A,Data_2938_B
Data_2939_A,Data_2939_B
Data_2940_A,Data_2940_B
Data_2941_A,Data_2941_B
Data_2942_A,Data_2942_B
Data_2943_A,Data_2943_B
Data_2944_A,Data_2944_B
Data_2945_A,Data_2945_B
Data_2946_A,Data_2946_B
Data_2947_A,Data_2947_B
Data_2948_A,Data_2948_B
Data_2949_A,Data_2949_B
Data_2950_A,Data_2950_B
Data_2951_A,Data_2951_B
Data_2952_A,Data_2952_B
Data_2953_A,Data_2953_B
Data_2954_A,Data_2954_B
Data_2955_A,Data_2955_B
Data_2956_A,Data_2956_B
Data_2957_A,Data_2957_B
Data_2958_A,Data_2958_B
Data_2959_A,Data_2959_B
Data_2960_A,Data_2960_B
Data_2961_A,Data_2961_B
Data_2962_A,Data_2962_B
Data_2963_A,Data_2963_B
Data_2964_A,Data_2964_B
Data_2965_A,Data_2965_B
Data_2966_A,Data_2966_B
Data_2967_A,Data_2967_B
Data_2968_A,Data_2968_B
Data_2969_A,Data_2969_B
Data_2970_A,Data_2970_B
Data_2971_A,Data_2971_B
Data_2972_A,Data_2972_B
Data_2973_A,Data_2973_B
Data_2974_A,Data_2974_B
Data_2975_A,Data_2975_B
Data_2976_A,Data_2976_B
Data_2977_A,Data_2977_B
Data_2978_A,Data_2978_B
Data_2979_A,Data_2979_B
Data_2980_A,Data_2980_B
Data_2981_A,Data_2981_B
Data_2982_A,Data_2982_B
Data_2983_A,Data_2983_B
Data_2984_A,Data_2984_B
Data_2985_A,Data_2985_B
Data_2986_A,Data_2986_B
Data_2987_A,Data_2987_B
Data_2988_A,Data_2988_B
Data_2989_A,Data_2989_B
Data_2990_A,Data_2990_B
Data_2991_A,Data_2991_B
Data_2992_A,Data_2992_B
Data_2993_A,Data_2993_B
Data_2994_A,Data_2994_B
Data_2995_A,Data_2995_B
Data_2996_A,Data_2996_B
Data_2997_A,Data_2997_B
Data_2998_A,Data_2998_B
Data_2999_A,Data_2999_B
Data_3000_A,Data_3000_B
Data_3001_A,Data_3001_B
Data_3002_A,Data_3002_B
Data_3003_A,Data_3003_B
Data_3004_A,Data_3004_B
Data_3005_A,Data_3005_B
Data_3006_A,Data_3006_B
Data_3007_A,Data_3007_B
Data_3008_A,Data_3008_B
Data_3009_A,Data_3009_B
Data_3010_A,Data_3010_B
Data_3011_A,Data_3011_B
Data_3012_A,Data_3012_B
Data_3013_A,Data_3013_B
Data_3014_A,Data_3014_B
Data_3015_A,Data_3015_B
Data_3016_A,Data_3016_B
Data_3017_A,Data_3017_B
Data_3018_A,Data_3018_B
Data_3019_A,Data_3019_B
Data_3020_A,Data_3020_B
Data_3021_A,Data_3021_B
Data_3022_A,Data_3022_B
Data_3023_A,Data_3023_B
Data_3024_A,Data_3024_B
Data_3025_A,Data_3025_B
Data_3026_A,Data_3026_B
Data_3027_A,Data_3027_B
Data_3028_A,Data_3028_B
Data_3029_A,Data_3029_B
Data_3030_A,Data_3030_B
Data_3031_A,Data_3031_B
Data_3032_A,Data_3032_B
Data_3033_A,Data_3033_B
Data_3034_A,Data_3034_B
Data_3035_A,Data_3035_B
Data_3036_A,Data_3036_B
Data_3037_A,Data_3037_B
Data_3038_A,Data_3038_B
Data_3039_A,Data_3039_B
Data_3040_A,Data_3040_B
Data_3041_A,Data_3041_B
Data_3042_A,Data_3042_B
Data_3043_A,Data_3043_B
Data_3044_A,Data_3044_B
Data_3045_A,Data_3045_B
Data_3046_A,Data_3046_B
Data_3047_A,Data_3047_B
Data_3048_A,Data_3048_B
Data_3049_A,Data_3049_B
Data_3050_A,Data_3050_B
Data_3051_A,Data_3051_B
Data_3052_A,Data_3052_B
Data_3053_A,Data_3053_B
Data_3054_A,Data_3054_B
Data_3055_A,Data_3055_B
Data_3056_A,Data_3056_B
Data_3057_A,Data_3057_B
Data_3058_A,Data_3058_B
Data_3059_A,Data_3059_B
Data_3060_A,Data_3060_B
Data_3061_A,Data_3061_B
Data_3062_A,Data_3062_B
Data_3063_A,Data_3063_B
Data_3064_A,Data_3064_B
Data_3065_A,Data_3065_B
Data_3066_A,Data_3066_B
Data_3067_A,Data_3067_B
Data_3068_A,Data_3068_B
Data_3069_A,Data_3069_B
Data_3070_A,Data_3070_B
Data_3071_A,Data_3071_B
Data_3072_A,Data_3072_B
Data_3073_A,Data_3073_B
Data_3074_A,Data_3074_B
Data_3075_A,Data_3075_B
Data_3076_A,Data_3076_B
Data_3077_A,Data_3077_B
Data_3078_A,Data_3078_B
Data_3079_A,Data_3079_B
Data_3080_A,Data_3080_B
Data_3081_A,Data_3081_B
Data_3082_A,Data_3082_B
Data_3083_A,Data_3083_B
Data_3084_A,Data_3084_B
Data_3085_A,Data_3085_B
Data_3086_A,Data_3086_B
Data_3087_A,Data_3087_B
Data_3088_A,Data_3088_B
Data_3089_A,Data_3089_B
Data_3090_A,Data_3090_B
Data_3091_A,Data_3091_B
Data_3092_A,Data_3092_B
Data_3093_A,Data_3093_B
Data_3094_A,Data_3094_B
Data_3095_A,Data_3095_B
Data_3096_A,Data_3096_B
Data_3097_A,Data_3097_B
Data_3098_A,Data_3098_B
Data_3099_A,Data_3099_B
Data_3100_A,Data_3100_B
Data_3101_A,Data_3101_B
Data_3102_A,Data_3102_B
Data_3103_A,Data_3103_B
Data_3104_A,Data_3104_B
Data_3105_A,Data_3105_B
Data_3106_A,Data_3106_B
Data_3107_A,Data_3107_B
Data_3108_A,Data_3108_B
Data_3109_A,Data_3109_B
Data_3110_A,Data_3110_B
Data_3111_A,Data_3111_B
Data_3112_A,Data_3112_B
Data_3113_A,Data_3113_B
Data_3114_A,Data_3114_B
Data_3115_A,Data_3115_B
Data_3116_A,Data_3116_B
Data_3117_A,Data_3117_B
Data_3118_A,Data_3118_B
Data_3119_A,Data_3119_B
Data_3120_A,Data_3120_B
Data_3121_A,Data_3121_B
Data_3122_A,Data_3122_B
Data_3123_A,Data_3123_B
Data_3124_A,Data_3124_B
Data_3125_A,Data_3125_B
Data_3126_A,Data_3126_B
Data_3127_A,Data_3127_B
Data_3128_A,Data_3128_B
Data_3129_A,Data_3129_B
Data_3130_A,Data_3130_B
Data_3131_A,Data_3131_B
Data_3132_A,Data_3132_B
Data_3133_A,Data_3133_B
Data_3134_A,Data_3134_B
Data_3135_A,Data_3135_B
Data_3136_A,Data_3136_B
Data_3137_A,Data_3137_B
Data_3138_A,Data_3138_B
Data_3139_A,Data_3139_B
Data_3140_A,Data_3140_B
Data_3141_A,Data_3141_B
Data_3142_A,Data_3142_B
Data_3143_A,Data_3143_B
Data_3144_A,Data_3144_B
Data_3145_A,Data_3145_B
Data_3146_A,Data_3146_B
Data_3147_A,Data_3147_B
Data_3148_A,Data_3148_B
Data_3149_A,Data_3149_B
Data_3150_A,Data_3150_B
Data_3151_A,Data_3151_B
Data_3152_A,Data_3152_B
Data_3153_A,Data_3153_B
Data_3154_A,Data_3154_B
Data_3155_A,Data_3155_B
Data_3156_A,Data_3156_B
Data_3157_A,Data_3157_B
Data_3158_A,Data_3158_B
Data_3159_A,Data_3159_B
Data_3160_A,Data_3160_B
Data_3161_A,Data_3161_B
Data_3162_A,Data_3162_B
Data_3163_A,Data_3163_B
Data_3164_A,Data_3164_B
Data_3165_A,Data_3165_B
Data_3166_A,Data_3166_B
Data_3167_A,Data_3167_B
Data_3168_A,Data_3168_B
Data_3169_A,Data_3169_B
Data_3170_A,Data_3170_B
Data_3171_A,Data_3171_B
Data_3172_A,Data_3172_B
Data_3173_A,Data_3173_B
Data_3174_A,Data_3174_B
Data_3175_A,Data_3175_B
Data_3176_A,Data_3176_B
Data_3177_A,Data_3177_B
Data_3178_A,Data_3178_B
Data_3179_A,Data_3179_B
Data_3180_A,Data_3180_B
Data_3181_A,Data_3181_B
Data_3182_A,Data_3182_B
Data_3183_A,Data_3183_B
Data_3184_A,Data_3184_B
Data_3185_A,Data_3185_B
Data_3186_A,Data_3186_B
Data_3187_A,Data_3187_B
Data_3188_A,Data_3188_B
Data_3189_A,Data_3189_B
Data_3190_A,Data_3190_B
Data_3191_A,Data_3191_B
Data_3192_A,Data_3192_B
Data_3193_A,Data_3193_B
Data_3194_A,Data_3194_B
Data_3195_A,Data_3195_B
Data_3196_A,Data_3196_B
Data_3197_A,Data_3197_B
Data_3198_A,Data_3198_B
Data_3199_A,Data_3199_B
Data_3200_A,Data_3200_B
Data_3201_A,Data_3201_B
Data_3202_A,Data_3202_B
Data_3203_A,Data_3203_B
Data_3204_A,Data_3204_B
Data_3205_A,Data_3205_B
Data_3206_A,Data_3206_B
Data_3207_A,Data_3207_B
Data_3208_A,Data_3208_B
Data_3209_A,Data_3209_B
Data_3210_A,Data_3210_B
Data_3211_A,Data_3211_B
Data_3212_A,Data_3212_B
Data_3213_A,Data_3213_B
Data_3214_A,Data_3214_B
Data_3215_A,Data_3215_B
Data_3216_A,Data_3216_B
Data_3217_A,Data_3217_B
Data_3218_A,Data_3218_B
Data_3219_A,Data_3219_B
Data_3220_A,Data_3220_B
Data_3221_A,Data_3221_B
Data_3222_A,Data_3222_B
Data_3223_A,Data_3223_B
Data_3224_A,Data_3224_B
Data_3225_A,Data_3225_B
Data_3226_A,Data_3226_B
Data_3227_A,Data_3227_B
Data_3228_A,Data_3228_B
Data_3229_A,Data_3229_B
Data_3230_A,Data_3230_B
Data_3231_A,Data_3231_B
Data_3232_A,Data_3232_B
Data_3233_A,Data_3233_B
Data_3234_A,Data_3234_B
Data_3235_A,Data_3235_B
Data_3236_A,Data_3236_B
Data_3237_A,Data_3237_B
Data_3238_A,Data_3238_B
Data_3239_A,Data_3239_B
Data_3240_A,Data_3240_B
Data_3241_A,Data_3241_B
Data_3242_A,Data_3242_B
Data_3243_A,Data_3243_B
Data_3244_A,Data_3244_B
Data_3245_A,Data_3245_B
Data_3246_A,Data_3246_B
Data_3247_A,Data_3247_B
Data_3248_A,Data_3248_B
Data_3249_A,Data_3249_B
Data_3250_A,Data_3250_B
Data_3251_A,Data_3251_B
Data_3252_A,Data_3252_B
Data_3253_A,Data_3253_B
Data_3254_A,Data_3254_B
Data_3255_A,Data_3255_B
Data_3256_A,Data_3256_B
Data_3257_A,Data_3257_B
Data_3258_A,Data_3258_B
Data_3259_A,Data_3259_B
Data_3260_A,Data_3260_B
Data_3261_A,Data_3261_B
Data_3262_A,Data_3262_B
Data_3263_A,Data_3263_B
Data_3264_A,Data_3264_B
Data_3265_A,Data_3265_B
Data_3266_A,Data_3266_B
Data_3267_A,Data_3267_B
Data_3268_A,Data_3268_B
Data_3269_A,Data_3269_B
Data_3270_A,Data_3270_B
Data_3271_A,Data_3271_B
Data_3272_A,Data_3272_B
Data_3273_A,Data_3273_B
Data_3274_A,Data_3274_B
Data_3275_A,Data_3275_B
Data_3276_A,Data_3276_B
Data_3277_A,Data_3277_B
Data_3278_A,Data_3278_B
Data_3279_A,Data_3279_B
Data_3280_A,Data_3280_B
Data_3281_A,Data_3281_B
Data_3282_A,Data_3282_B
Data_3283_A,Data_3283_B
Data_3284_A,Data_3284_B
Data_3285_A,Data_3285_B
Data_3286_A,Data_3286_B
Data_3287_A,Data_3287_B
Data_3288_A,Data_3288_B
Data_3289_A,Data_3289_B
Data_3290_A,Data_3290_B
Data_3291_A,Data_3291_B
Data_3292_A,Data_3292_B
Data_3293_A,Data_3293_B
Data_3294_A,Data_3294_B
Data_3295_A,Data_3295_B
Data_3296_A,Data_3296_B
Data_3297_A,Data_3297_B
Data_3298_A,Data_3298_B
Data_3299_A,Data_3299_B
Data_3300_A,Data_3300_B
Data_3301_A,Data_3301_B
Data_3302_A,Data_3302_B
Data_3303_A,Data_3303_B
Data_3304_A,Data_3304_B
Data_3305_A,Data_3305_B
Data_3306_A,Data_3306_B
Data_3307_A,Data_3307_B
Data_3308_A,Data_3308_B
Data_3309_A,Data_3309_B
Data_3310_A,Data_3310_B
Data_3311_A,Data_3311_B
Data_3312_A,Data_3312_B
Data_3313_A,Data_3313_B
Data_3314_A,Data_3314_B
Data_3315_A,Data_3315_B
Data_3316_A,Data_3316_B
Data_3317_A,Data_3317_B
Data_3318_A,Data_3318_B
Data_3319_A,Data_3319_B
Data_3320_A,Data_3320_B
Data_3321_A,Data_3321_B
Data_3322_A,Data_3322_B
Data_3323_A,Data_3323_B
Data_3324_A,Data_3324_B
Data_3325_A,Data_3325_B
Data_3326_A,Data_3326_B
Data_3327_A,Data_3327_B
Data_3328_A,Data_3328_B
Data_3329_A,Data_3329_B
Data_3330_A,Data_3330_B
Data_3331_A,Data_3331_B
Data_3332_A,Data_3332_B
Data_3333_A,Data_3333_B
Data_3334_A,Data_3334_B
Data_3335_A,Data_3335_B
Data_3336_A,Data_3336_B
Data_3337_A,Data_3337_B
Data_3338_A,Data_3338_B
Data_3339_A,Data_3339_B
Data_3340_A,Data_3340_B
Data_3341_A,Data_3341_B
Data_3342_A,Data_3342_B
Data_3343_A,Data_3343_B
Data_3344_A,Data_3344_B
Data_3345_A,Data_3345_B
Data_3346_A,Data_3346_B
Data_3347_A,Data_3347_B
Data_3348_A,Data_3348_B
Data_3349_A,Data_3349_B
Data_3350_A,Data_3350_B
Data_3351_A,Data_3351_B
Data_3352_A,Data_3352_B
Data_3353_A,Data_3353_B
Data_3354_A,Data_3354_B
Data_3355_A,Data_3355_B
Data_3356_A,Data_3356_B
Data_3357_A,Data_3357_B
Data_3358_A,Data_3358_B
Data_3359_A,Data_3359_B
Data_3360_A,Data_3360_B
Data_3361_A,Data_3361_B
Data_3362_A,Data_3362_B
Data_3363_A,Data_3363_B
Data_3364_A,Data_3364_B
Data_3365_A,Data_3365_B
Data_3366_A,Data_3366_B
Data_3367_A,Data_3367_B
Data_3368_A,Data_3368_B
Data_3369_A,Data_3369_B
Data_3370_A,Data_3370_B
Data_3371_A,Data_3371_B
Data_3372_A,Data_3372_B
Data_3373_A,Data_3373_B
Data_3374_A,Data_3374_B
Data_3375_A,Data_3375_B
Data_3376_A,Data_3376_B
Data_3377_A,Data_3377_B
Data_3378_A,Data_3378_B
Data_3379_A,Data_3379_B
Data_3380_A,Data_3380_B
Data_3381_A,Data_3381_B
Data_3382_A,Data_3382_B
Data_3383_A,Data_3383_B
Data_3384_A,Data_3384_B
Data_3385_A,Data_3385_B
Data_3386_A,Data_3386_B
Data_3387_A,Data_3387_B
Data_3388_A,Data_3388_B
Data_3389_A,Data_3389_B
Data_3390_A,Data_3390_B
Data_3391_A,Data_3391_B
Data_3392_A,Data_3392_B
Data_3393_A,Data_3393_B
Data_3394_A,Data_3394_B
Data_3395_A,Data_3395_B
Data_3396_A,Data_3396_B
Data_3397_A,Data_3397_B
Data_3398_A,Data_3398_B
Data_3399_A,Data_3399_B
Data_3400_A,Data_3400_B
Data_3401_A,Data_3401_B
Data_3402_A,Data_3402_B
Data_3403_A,Data_3403_B
Data_3404_A,Data_3404_B
Data_3405_A,Data_3405_B
Data_3406_A,Data_3406_B
Data_3407_A,Data_3407_B
Data_3408_A,Data_3408_B
Data_3409_A,Data_3409_B
Data_3410_A,Data_3410_B
Data_3411_A,Data_3411_B
Data_3412_A,Data_3412_B
Data_3413_A,Data_3413_B
Data_3414_A,Data_3414_B
Data_3415_A,Data_3415_B
Data_3416_A,Data_3416_B
Data_3417_A,Data_3417_B
Data_3418_A,Data_3418_B
Data_3419_A,Data_3419_B
Data_3420_A,Data_3420_B
Data_3421_A,Data_3421_B
Data_3422_A,Data_3422_B
Data_3423_A,Data_3423_B
Data_3424_A,Data_3424_B
Data_3425_A,Data_3425_B
Data_3426_A,Data_3426_B
Data_3427_A,Data_3427_B
Data_3428_A,Data_3428_B
Data_3429_A,Data_3429_B
Data_3430_A,Data_3430_B
Data_3431_A,Data_3431_B
Data_3432_A,Data_3432_B
Data_3433_A,Data_3433_B
Data_3434_A,Data_3434_B
Data_3435_A,Data_3435_B
Data_3436_A,Data_3436_B
Data_3437_A,Data_3437_B
Data_3438_A,Data_3438_B
Data_3439_A,Data_3439_B
Data_3440_A,Data_3440_B
Data_3441_A,Data_3441_B
Data_3442_A,Data_3442_B
Data_3443_A,Data_3443_B
Data_3444_A,Data_3444_B
Data_3445_A,Data_3445_B
Data_3446_A,Data_3446_B
Data_3447_A,Data_3447_B
Data_3448_A,Data_3448_B
Data_3449_A,Data_3449_B
Data_3450_A,Data_3450_B
Data_3451_A,Data_3451_B
Data_3452_A,Data_3452_B
Data_3453_A,Data_3453_B
Data_3454_A,Data_3454_B
Data_3455_A,Data_3455_B
Data_3456_A,Data_3456_B
Data_3457_A,Data_3457_B
Data_3458_A,Data_3458_B
Data_3459_A,Data_3459_B
Data_3460_A,Data_3460_B
Data_3461_A,Data_3461_B
Data_3462_A,Data_3462_B
Data_3463_A,Data_3463_B
Data_3464_A,Data_3464_B
Data_3465_A,Data_3465_B
Data_3466_A,Data_3466_B
Data_3467_A,Data_3467_B
Data_3468_A,Data_3468_B
Data_3469_A,Data_3469_B
Data_3470_A,Data_3470_B
Data_3471_A,Data_3471_B
Data_3472_A,Data_3472_B
Data_3473_A,Data_3473_B
Data_3474_A,Data_3474_B
Data_3475_A,Data_3475_B
Data_3476_A,Data_3476_B
Data_3477_A,Data_3477_B
Data_3478_A,Data_3478_B
Data_3479_A,Data_3479_B
Data_3480_A,Data_3480_B
Data_3481_A,Data_3481_B
Data_3482_A,Data_3482_B
Data_3483_A,Data_3483_B
Data_3484_A,Data_3484_B
Data_3485_A,Data_3485_B
Data_3486_A,Data_3486_B
Data_3487_A,Data_3487_B
Data_3488_A,Data_3488_B
Data_3489_A,Data_3489_B
Data_3490_A,Data_3490_B
Data_3491_A,Data_3491_B
Data_3492_A,Data_3492_B
Data_3493_A,Data_3493_B
Data_3494_A,Data_3494_B
Data_3495_A,Data_3495_B
Data_3496_A,Data_3496_B
Data_3497_A,Data_3497_B
Data_3498_A,Data_3498_B
Data_3499_A,Data_3499_B
Data_3500_A,Data_3500_B
Data_3501_A,Data_3501_B
Data_3502_A,Data_3502_B
Data_3503_A,Data_3503_B
Data_3504_A,Data_3504_B
Data_3505_A,Data_3505_B
Data_3506_A,Data_3506_B
Data_3507_A,Data_3507_B
Data_3508_A,Data_3508_B
Data_3509_A,Data_3509_B
Data_3510_A,Data_3510_B
Data_3511_A,Data_3511_B
Data_3512_A,Data_3512_B
Data_3513_A,Data_3513_B
Data_3514_A,Data_3514_B
Data_3515_A,Data_3515_B
Data_3516_A,Data_3516_B
Data_3517_A,Data_3517_B
Data_3518_A,Data_3518_B
Data_3519_A,Data_3519_B
Data_3520_A,Data_3520_B
Data_3521_A,Data_3521_B
Data_3522_A,Data_3522_B
Data_3523_A,Data_3523_B
Data_3524_A,Data_3524_B
Data_3525_A,Data_3525_B
Data_3526_A,Data_3526_B
Data_3527_A,Data_3527_B
Data_3528_A,Data_3528_B
Data_3529_A,Data_3529_B
Data_3530_A,Data_3530_B
Data_3531_A,Data_3531_B
Data_3532_A,Data_3532_B
Data_3533_A,Data_3533_B
Data_3534_A,Data_3534_B
Data_3535_A,Data_3535_B
Data_3536_A,Data_3536_B
Data_3537_A,Data_3537_B
Data_3538_A,Data_3538_B
Data_3539_A,Data_3539_B
Data_3540_A,Data_3540_B
Data_3541_A,Data_3541_B
Data_3542_A,Data_3542_B
Data_3543_A,Data_3543_B
Data_3544_A,Data_3544_B
Data_3545_A,Data_3545_B
Data_3546_A,Data_3546_B
Data_3547_A,Data_3547_B
Data_3548_A,Data_3548_B
Data_3549_A,Data_3549_B
Data_3550_A,Data_3550_B
Data_3551_A,Data_3551_B
Data_3552_A,Data_3552_B
Data_3553_A,Data_3553_B
Data_3554_A,Data_3554_B
Data_3555_A,Data_3555_B
Data_3556_A,Data_3556_B
Data_3557_A,Data_3557_B
Data_3558_A,Data_3558_B
Data_3559_A,Data_3559_B
Data_3560_A,Data_3560_B
Data_3561_A,Data_3561_B
Data_3562_A,Data_3562_B
Data_3563_A,Data_3563_B
Data_3564_A,Data_3564_B
Data_3565_A,Data_3565_B
Data_3566_A,Data_3566_B
Data_3567_A,Data_3567_B
Data_3568_A,Data_3568_B
Data_3569_A,Data_3569_B
Data_3570_A,Data_3570_B
Data_3571_A,Data_3571_B
Data_3572_A,Data_3572_B
Data_3573_A,Data_3573_B
Data_3574_A,Data_3574_B
Data_3575_A,Data_3575_B
Data_3576_A,Data_3576_B
Data_3577_A,Data_3577_B
Data_3578_A,Data_3578_B
Data_3579_A,Data_3579_B
Data_3580_A,Data_3580_B
Data_3581_A,Data_3581_B
Data_3582_A,Data_3582_B
Data_3583_A,Data_3583_B
Data_3584_A,Data_3584_B
Data_3585_A,Data_3585_B
Data_3586_A,Data_3586_B
Data_3587_A,Data_3587_B
Data_3588_A,Data_3588_B
Data_3589_A,Data_3589_B
Data_3590_A,Data_3590_B
Data_3591_A,Data_3591_B
Data_3592_A,Data_3592_B
Data_3593_A,Data_3593_B
Data_3594_A,Data_3594_B
Data_3595_A,Data_3595_B
Data_3596_A,Data_3596_B
Data_3597_A,Data_3597_B
Data_3598_A,Data_3598_B
Data_3599_A,Data_3599_B
Data_3600_A,Data_3600_B
Data_3601_A,Data_3601_B
Data_3602_A,Data_3602_B
Data_3603_A,Data_3603_B
Data_3604_A,Data_3604_B
Data_3605_A,Data_3605_B
Data_3606_A,Data_3606_B
Data_3607_A,Data_3607_B
Data_3608_A,Data_3608_B
Data_3609_A,Data_3609_B
Data_3610_A,Data_3610_B
Data_3611_A,Data_3611_B
Data_3612_A,Data_3612_B
Data_3613_A,Data_3613_B
Data_3614_A,Data_3614_B
Data_3615_A,Data_3615_B
Data_3616_A,Data_3616_B
Data_3617_A,Data_3617_B
Data_3618_A,Data_3618_B
Data_3619_A,Data_3619_B
Data_3620_A,Data_3620_B
Data_3621_A,Data_3621_B
Data_3622_A,Data_3622_B
Data_3623_A,Data_3623_B
Data_3624_A,Data_3624_B
Data_3625_A,Data_3625_B
Data_3626_A,Data_3626_B
Data_3627_A,Data_3627_B
Data_3628_A,Data_3628_B
Data_3629_A,Data_3629_B
Data_3630_A,Data_3630_B
Data_3631_A,Data_3631_B
Data_3632_A,Data_3632_B
Data_3633_A,Data_3633_B
Data_3634_A,Data_3634_B
Data_3635_A,Data_3635_B
Data_3636_A,Data_3636_B
Data_3637_A,Data_3637_B
Data_3638_A,Data_3638_B
Data_3639_A,Data_3639_B
Data_3640_A,Data_3640_B
Data_3641_A,Data_3641_B
Data_3642_A,Data_3642_B
Data_3643_A,Data_3643_B
Data_3644_A,Data_3644_B
Data_3645_A,Data_3645_B
Data_3646_A,Data_3646_B
Data_3647_A,Data_3647_B
Data_3648_A,Data_3648_B
Data_3649_A,Data_3649_B
Data_3650_A,Data_3650_B
Data_3651_A,Data_3651_B
Data_3652_A,Data_3652_B
Data_3653_A,Data_3653_B
Data_3654_A,Data_3654_B
Data_3655_A,Data_3655_B
Data_3656_A,Data_3656_B
Data_3657_A,Data_3657_B
Data_3658_A,Data_3658_B
Data_3659_A,Data_3659_B
Data_3660_A,Data_3660_B
Data_3661_A,Data_3661_B
Data_3662_A,Data_3662_B
Data_3663_A,Data_3663_B
Data_3664_A,Data_3664_B
Data_3665_A,Data_3665_B
Data_3666_A,Data_3666_B
Data_3667_A,Data_3667_B
Data_3668_A,Data_3668_B
Data_3669_A,Data_3669_B
Data_3670_A,Data_3670_B
Data_3671_A,Data_3671_B
Data_3672_A,Data_3672_B
Data_3673_A,Data_3673_B
Data_3674_A,Data_3674_B
Data_3675_A,Data_3675_B
Data_3676_A,Data_3676_B
Data_3677_A,Data_3677_B
Data_3678_A,Data_3678_B
Data_3679_A,Data_3679_B
Data_3680_A,Data_3680_B
Data_3681_A,Data_3681_B
Data_3682_A,Data_3682_B
Data_3683_A,Data_3683_B
Data_3684_A,Data_3684_B
Data_3685_A,Data_3685_B
Data_3686_A,Data_3686_B
Data_3687_A,Data_3687_B
Data_3688_A,Data_3688_B
Data_3689_A,Data_3689_B
Data_3690_A,Data_3690_B
Data_3691_A,Data_3691_B
Data_3692_A,Data_3692_B
Data_3693_A,Data_3693_B
Data_3694_A,Data_3694_B
Data_3695_A,Data_3695_B
Data_3696_A,Data_3696_B
Data_3697_A,Data_3697_B
Data_3698_A,Data_3698_B
Data_3699_A,Data_3699_B
Data_3700_A,Data_3700_B
Data_3701_A,Data_3701_B
Data_3702_A,Data_3702_B
Data_3703_A,Data_3703_B
Data_3704_A,Data_3704_B
Data_3705_A,Data_3705_B
Data_3706_A,Data_3706_B
Data_3707_A,Data_3707_B
Data_3708_A,Data_3708_B
Data_3709_A,Data_3709_B
Data_3710_A,Data_3710_B
Data_3711_A,Data_3711_B
Data_3712_A,Data_3712_B
Data_3713_A,Data_3713_B
Data_3714_A,Data_3714_B
Data_3715_A,Data_3715_B
Data_3716_A,Data_3716_B
Data_3717_A,Data_3717_B
Data_3718_A,Data_3718_B
Data_3719_A,Data_3719_B
Data_3720_A,Data_3720_B
Data_3721_A,Data_3721_B
Data_3722_A,Data_3722_B
Data_3723_A,Data_3723_B
Data_3724_A,Data_3724_B
Data_3725_A,Data_3725_B
Data_3726_A,Data_3726_B
Data_3727_A,Data_3727_B
Data_3728_A,Data_3728_B
Data_3729_A,Data_3729_B
Data_3730_A,Data_3730_B
Data_3731_A,Data_3731_B
Data_3732_A,Data_3732_B
Data_3733_A,Data_3733_B
Data_3734_A,Data_3734_B
Data_3735_A,Data_3735_B
Data_3736_A,Data_3736_B
Data_3737_A,Data_3737_B
Data_3738_A,Data_3738_B
Data_3739_A,Data_3739_B
Data_3740_A,Data_3740_B
Data_3741_A,Data_3741_B
Data_3742_A,Data_3742_B
Data_3743_A,Data_3743_B
Data_3744_A,Data_3744_B
Data_3745_A,Data_3745_B
Data_3746_A,Data_3746_B
Data_3747_A,Data_3747_B
Data_3748_A,Data_3748_B
Data_3749_A,Data_3749_B
Data_3750_A,Data_3750_B
Data_3751_A,Data_3751_B
Data_3752_A,Data_3752_B
Data_3753_A,Data_3753_B
Data_3754_A,Data_3754_B
Data_3755_A,Data_3755_B
Data_3756_A,Data_3756_B
Data_3757_A,Data_3757_B
Data_3758_A,Data_3758_B
Data_3759_A,Data_3759_B
Data_3760_A,Data_3760_B
Data_3761_A,Data_3761_B
Data_3762_A,Data_3762_B
Data_3763_A,Data_3763_B
Data_3764_A,Data_3764_B
Data_3765_A,Data_3765_B
Data_3766_A,Data_3766_B
Data_3767_A,Data_3767_B
Data_3768_A,Data_3768_B
Data_3769_A,Data_3769_B
Data_3770_A,Data_3770_B
Data_3771_A,Data_3771_B
Data_3772_A,Data_3772_B
Data_3773_A,Data_3773_B
Data_3774_A,Data_3774_B
Data_3775_A,Data_3775_B
Data_3776_A,Data_3776_B
Data_3777_A,Data_3777_B
Data_3778_A,Data_3778_B
Data_3779_A,Data_3779_B
Data_3780_A,Data_3780_B
Data_3781_A,Data_3781_B
Data_3782_A,Data_3782_B
Data_3783_A,Data_3783_B
Data_3784_A,Data_3784_B
Data_3785_A,Data_3785_B
Data_3786_A,Data_3786_B
Data_3787_A,Data_3787_B
Data_3788_A,Data_3788_B
Data_3789_A,Data_3789_B
Data_3790_A,Data_3790_B
Data_3791_A,Data_3791_B
Data_3792_A,Data_3792_B
Data_3793_A,Data_3793_B
Data_3794_A,Data_3794_B
Data_3795_A,Data_3795_B
Data_3796_A,Data_3796_B
Data_3797_A,Data_3797_B
Data_3798_A,Data_3798_B
Data_3799_A,Data_3799_B
Data_3800_A,Data_3800_B
Data_3801_A,Data_3801_B
Data_3802_A,Data_3802_B
Data_3803_A,Data_3803_B
Data_3804_A,Data_3804_B
Data_3805_A,Data_3805_B
Data_3806_A,Data_3806_B
Data_3807_A,Data_3807_B
Data_3808_A,Data_3808_B
Data_3809_A,Data_3809_B
Data_3810_A,Data_3810_B
Data_3811_A,Data_3811_B
Data_3812_A,Data_3812_B
Data_3813_A,Data_3813_B
Data_3814_A,Data_3814_B
Data_3815_A,Data_3815_B
Data_3816_A,Data_3816_B
Data_3817_A,Data_3817_B
Data_3818_A,Data_3818_B
Data_3819_A,Data_3819_B
Data_3820_A,Data_3820_B
Data_3821_A,Data_3821_B
Data_3822_A,Data_3822_B
Data_3823_A,Data_3823_B
Data_3824_A,Data_3824_B
Data_3825_A,Data_3825_B
Data_3826_A,Data_3826_B
Data_3827_A,Data_3827_B
Data_3828_A,Data_3828_B
Data_3829_A,Data_3829_B
Data_3830_A,Data_3830_B
Data_3831_A,Data_3831_B
Data_3832_A,Data_3832_B
Data_3833_A,Data_3833_B
Data_3834_A,Data_3834_B
Data_3835_A,Data_3835_B
Data_3836_A,Data_3836_B
Data_3837_A,Data_3837_B
Data_3838_A,Data_3838_B
Data_3839_A,Data_3839_B
Data_3840_A,Data_3840_B
Data_3841_A,Data_3841_B
Data_3842_A,Data_3842_B
Data_3843_A,Data_3843_B
Data_3844_A,Data_3844_B
Data_3845_A,Data_3845_B
Data_3846_A,Data_3846_B
Data_3847_A,Data_3847_B
Data_3848_A,Data_3848_B
Data_3849_A,Data_3849_B
Data_3850_A,Data_3850_B
Data_3851_A,Data_3851_B
Data_3852_A,Data_3852_B
Data_3853_A,Data_3853_B
Data_3854_A,Data_3854_B
Data_3855_A,Data_3855_B
Data_3856_A,Data_3856_B
Data_3857_A,Data_3857_B
Data_3858_A,Data_3858_B
Data_3859_A,Data_3859_B
Data_3860_A,Data_3860_B
Data_3861_A,Data_3861_B
Data_3862_A,Data_3862_B
Data_3863_A,Data_3863_B
Data_3864_A,Data_3864_B
Data_3865_A,Data_3865_B
Data_3866_A,Data_3866_B
Data_3867_A,Data_3867_B
Data_3868_A,Data_3868_B
Data_3869_A,Data_3869_B
Data_3870_A,Data_3870_B
Data_3871_A,Data_3871_B
Data_3872_A,Data_3872_B
Data_3873_A,Data_3873_B
Data_3874_A,Data_3874_B
Data_3875_A,Data_3875_B
Data_3876_A,Data_3876_B
Data_3877_A,Data_3877_B
Data_3878_A,Data_3878_B
Data_3879_A,Data_3879_B
Data_3880_A,Data_3880_B
Data_3881_A,Data_3881_B
Data_3882_A,Data_3882_B
Data_3883_A,Data_3883_B
Data_3884_A,Data_3884_B
Data_3885_A,Data_3885_B
Data_3886_A,Data_3886_B
Data_3887_A,Data_3887_B
Data_3888_A,Data_3888_B
Data_3889_A,Data_3889_B
Data_3890_A,Data_3890_B
Data_3891_A,Data_3891_B
Data_3892_A,Data_3892_B
Data_3893_A,Data_3893_B
Data_3894_A,Data_3894_B
Data_3895_A,Data_3895_B
Data_3896_A,Data_3896_B
Data_3897_A,Data_3897_B
Data_3898_A,Data_3898_B
Data_3899_A,Data_3899_B
Data_3900_A,Data_3900_B
Data_3901_A,Data_3901_B
Data_3902_A,Data_3902_B
Data_3903_A,Data_3903_B
Data_3904_A,Data_3904_B
Data_3905_A,Data_3905_B
Data_3906_A,Data_3906_B
Data_3907_A,Data_3907_B
Data_3908_A,Data_3908_B
Data_3909_A,Data_3909_B
Data_3910_A,Data_3910_B
Data_3911_A,Data_3911_B
Data_3912_A,Data_3912_B
Data_3913_A,Data_3913_B
Data_3914_A,Data_3914_B
Data_3915_A,Data_3915_B
Data_3916_A,Data_3916_B
Data_3917_A,Data_3917_B
Data_3918_A,Data_3918_B
Data_3919_A,Data_3919_B
Data_3920_A,Data_3920_B
Data_3921_A,Data_3921_B
Data_3922_A,Data_3922_B
Data_3923_A,Data_3923_B
Data_3924_A,Data_3924_B
Data_3925_A,Data_3925_B
Data_3926_A,Data_3926_B
Data_3927_A,Data_3927_B
Data_3928_A,Data_3928_B
Data_3929_A,Data_3929_B
Data_3930_A,Data_3930_B
Data_3931_A,Data_3931_B
Data_3932_A,Data_3932_B
Data_3933_A,Data_3933_B
Data_3934_A,Data_3934_B
Data_3935_A,Data_3935_B
Data_3936_A,Data_3936_B
Data_3937_A,Data_3937_B
Data_3938_A,Data_3938_B
Data_3939_A,Data_3939_B
Data_3940_A,Data_3940_B
Data_3941_A,Data_3941_B
Data_3942_A,Data_3942_B
Data_3943_A,Data_3943_B
Data_3944_A,Data_3944_B
Data_3945_A,Data_3945_B
Data_3946_A,Data_3946_B
Data_3947_A,Data_3947_B
Data_3948_A,Data_3948_B
Data_3949_A,Data_3949_B
Data_3950_A,Data_3950_B
Data_3951_A,Data_3951_B
Data_3952_A,Data_3952_B
Data_3953_A,Data_3953_B
Data_3954_A,Data_3954_B
Data_3955_A,Data_3955_B
Data_3956_A,Data_3956_B
Data_3957_A,Data_3957_B
Data_3958_A,Data_3958_B
Data_3959_A,Data_3959_B
Data_3960_A,Data_3960_B
Data_3961_A,Data_3961_B
Data_3962_A,Data_3962_B
Data_3963_A,Data_3963_B
Data_3964_A,Data_3964_B
Data_3965_A,Data_3965_B
Data_3966_A,Data_3966_B
Data_3967_A,Data_3967_B
Data_3968_A,Data_3968_B
Data_3969_A,Data_3969_B
Data_3970_A,Data_3970_B
Data_3971_A,Data_3971_B
Data_3972_A,Data_3972_B
Data_3973_A,Data_3973_B
Data_3974_A,Data_3974_B
Data_3975_A,Data_3975_B
Data_3976_A,Data_3976_B
Data_3977_A,Data_3977_B
Data_3978_A,Data_3978_B
Data_3979_A,Data_3979_B
Data_3980_A,Data_3980_B
Data_3981_A,Data_3981_B
Data_3982_A,Data_3982_B
Data_3983_A,Data_3983_B
Data_3984_A,Data_3984_B
Data_3985_A,Data_3985_B
Data_3986_A,Data_3986_B
Data_3987_A,Data_3987_B
Data_3988_A,Data_3988_B
Data_3989_A,Data_3989_B
Data_3990_A,Data_3990_B
Data_3991_A,Data_3991_B
Data_3992_A,Data_3992_B
Data_3993_A,Data_3993_B
Data_3994_A,Data_3994_B
Data_3995_A,Data_3995_B
Data_3996_A,Data_3996_B
Data_3997_A,Data_3997_B
Data_3998_A,Data_3998_B
Data_3999_A,Data_3999_B
Data_4000_A,Data_4000_B
Data_4001_A,Data_4001_B
Data_4002_A,Data_4002_B
Data_4003_A,Data_4003_B
Data_4004_A,Data_4004_B
Data_4005_A,Data_4005_B
Data_4006_A,Data_4006_B
Data_4007_A,Data_4007_B
Data_4008_A,Data_4008_B
Data_4009_A,Data_4009_B
Data_4010_A,Data_4010_B
Data_4011_A,Data_4011_B
Data_4012_A,Data_4012_B
Data_4013_A,Data_4013_B
Data_4014_A,Data_4014_B
Data_4015_A,Data_4015_B
Data_4016_A,Data_4016_B
Data_4017_A,Data_4017_B
Data_4018_A,Data_4018_B
Data_4019_A,Data_4019_B
Data_4020_A,Data_4020_B
Data_4021_A,Data_4021_B
Data_4022_A,Data_4022_B
Data_4023_A,Data_4023_B
Data_4024_A,Data_4024_B
Data_4025_A,Data_4025_B
Data_4026_A,Data_4026_B
Data_4027_A,Data_4027_B
Data_4028_A,Data_4028_B
Data_4029_A,Data_4029_B
Data_4030_A,Data_4030_B
Data_4031_A,Data_4031_B
Data_4032_A,Data_4032_B
Data_4033_A,Data_4033_B
Data_4034_A,Data_4034_B
Data_4035_A,Data_4035_B
Data_4036_A,Data_4036_B
Data_4037_A,Data_4037_B
Data_4038_A,Data_4038_B
Data_4039_A,Data_4039_B
Data_4040_A,Data_4040_B
Data_4041_A,Data_4041_B
Data_4042_A,Data_4042_B
Data_4043_A,Data_4043_B
Data_4044_A,Data_4044_B
Data_4045_A,Data_4045_B
Data_4046_A,Data_4046_B
Data_4047_A,Data_4047_B
Data_4048_A,Data_4048_B
Data_4049_A,Data_4049_B
Data_4050_A,Data_4050_B
Data_4051_A,Data_4051_B
Data_4052_A,Data_4052_B
Data_4053_A,Data_4053_B
Data_4054_A,Data_4054_B
Data_4055_A,Data_4055_B
Data_4056_A,Data_4056_B
Data_4057_A,Data_4057_B
Data_4058_A,Data_4058_B
Data_4059_A,Data_4059_B
Data_4060_A,Data_4060_B
Data_4061_A,Data_4061_B
Data_4062_A,Data_4062_B
Data_4063_A,Data_4063_B
Data_4064_A,Data_4064_B
Data_4065_A,Data_4065_B
Data_4066_A,Data_4066_B
Data_4067_A,Data_4067_B
Data_4068_A,Data_4068_B
Data_4069_A,Data_4069_B
Data_4070_A,Data_4070_B
Data_4071_A,Data_4071_B
Data_4072_A,Data_4072_B
Data_4073_A,Data_4073_B
Data_4074_A,Data_4074_B
Data_4075_A,Data_4075_B
Data_4076_A,Data_4076_B
Data_4077_A,Data_4077_B
Data_4078_A,Data_4078_B
Data_4079_A,Data_4079_B
Data_4080_A,Data_4080_B
Data_4081_A,Data_4081_B
Data_4082_A,Data_4082_B
Data_4083_A,Data_4083_B
Data_4084_A,Data_4084_B
Data_4085_A,Data_4085_B
Data_4086_A,Data_4086_B
Data_4087_A,Data_4087_B
Data_4088_A,Data_4088_B
Data_4089_A,Data_4089_B
Data_4090_A,Data_4090_B
Data_4091_A,Data_4091_B
Data_4092_A,Data_4092_B
Data_4093_A,Data_4093_B
Data_4094_A,Data_4094_B
Data_4095_A,Data_4095_B
Data_4096_A,Data_4096_B
Data_4097_A,Data_4097_B
Data_4098_A,Data_4098_B
Data_4099_A,Data_4099_B
Data_4100_A,Data_4100_B
Data_4101_A,Data_4101_B
Data_4102_A,Data_4102_B
Data_4103_A,Data_4103_B
Data_4104_A,Data_4104_B
Data_4105_A,Data_4105_B
Data_4106_A,Data_4106_B
Data_4107_A,Data_4107_B
Data_4108_A,Data_4108_B
Data_4109_A,Data_4109_B
Data_4110_A,Data_4110_B
Data_4111_A,Data_4111_B
Data_4112_A,Data_4112_B
Data_4113_A,Data_4113_B
Data_4114_A,Data_4114_B
Data_4115_A,Data_4115_B
Data_4116_A,Data_4116_B
Data_4117_A,Data_4117_B
Data_4118_A,Data_4118_B
Data_4119_A,Data_4119_B
Data_4120_A,Data_4120_B
Data_4121_A,Data_4121_B
Data_4122_A,Data_4122_B
Data_4123_A,Data_4123_B
Data_4124_A,Data_4124_B
Data_4125_A,Data_4125_B
Data_4126_A,Data_4126_B
Data_4127_A,Data_4127_B
Data_4128_A,Data_4128_B
Data_4129_A,Data_4129_B
Data_4130_A,Data_4130_B
Data_4131_A,Data_4131_B
Data_4132_A,Data_4132_B
Data_4133_A,Data_4133_B
Data_4134_A,Data_4134_B
Data_4135_A,Data_4135_B
Data_4136_A,Data_4136_B
Data_4137_A,Data_4137_B
Data_4138_A,Data_4138_B
Data_4139_A,Data_4139_B
Data_4140_A,Data_4140_B
Data_4141_A,Data_4141_B
Data_4142_A,Data_4142_B
Data_4143_A,Data_4143_B
Data_4144_A,Data_4144_B
Data_4145_A,Data_4145_B
Data_4146_A,Data_4146_B
Data_4147_A,Data_4147_B
Data_4148_A,Data_4148_B
Data_4149_A,Data_4149_B
Data_4150_A,Data_4150_B
Data_4151_A,Data_4151_B
Data_4152_A,Data_4152_B
Data_4153_A,Data_4153_B
Data_4154_A,Data_4154_B
Data_4155_A,Data_4155_B
Data_4156_A,Data_4156_B
Data_4157_A,Data_4157_B
Data_4158_A,Data_4158_B
Data_4159_A,Data_4159_B
Data_4160_A,Data_4160_B
Data_4161_A,Data_4161_B
Data_4162_A,Data_4162_B
Data_4163_A,Data_4163_B
Data_4164_A,Data_4164_B
Data_4165_A,Data_4165_B
Data_4166_A,Data_4166_B
Data_4167_A,Data_4167_B
Data_4168_A,Data_4168_B
Data_4169_A,Data_4169_B
Data_4170_A,Data_4170_B
Data_4171_A,Data_4171_B
Data_4172_A,Data_4172_B
Data_4173_A,Data_4173_B
Data_4174_A,Data_4174_B
Data_4175_A,Data_4175_B
Data_4176_A,Data_4176_B
Data_4177_A,Data_4177_B
Data_4178_A,Data_4178_B
Data_4179_A,Data_4179_B
Data_4180_A,Data_4180_B
Data_4181_A,Data_4181_B
Data_4182_A,Data_4182_B
Data_4183_A,Data_4183_B
Data_4184_A,Data_4184_B
Data_4185_A,Data_4185_B
Data_4186_A,Data_4186_B
Data_4187_A,Data_4187_B
Data_4188_A,Data_4188_B
Data_4189_A,Data_4189_B
Data_4190_A,Data_4190_B
Data_4191_A,Data_4191_B
Data_4192_A,Data_4192_B
Data_4193_A,Data_4193_B
Data_4194_A,Data_4194_B
Data_4195_A,Data_4195_B
Data_4196_A,Data_4196_B
Data_4197_A,Data_4197_B
Data_4198_A,Data_4198_B
Data_4199_A,Data_4199_B
Data_4200_A,Data_4200_B
Data_4201_A,Data_4201_B
Data_4202_A,Data_4202_B
Data_4203_A,Data_4203_B
Data_4204_A,Data_4204_B
Data_4205_A,Data_4205_B
Data_4206_A,Data_4206_B
Data_4207_A,Data_4207_B
Data_4208_A,Data_4208_B
Data_4209_A,Data_4209_B
Data_4210_A,Data_4210_B
Data_4211_A,Data_4211_B
Data_4212_A,Data_4212_B
Data_4213_A,Data_4213_B
Data_4214_A,Data_4214_B
Data_4215_A,Data_4215_B
Data_4216_A,Data_4216_B
Data_4217_A,Data_4217_B
Data_4218_A,Data_4218_B
Data_4219_A,Data_4219_B
Data_4220_A,Data_4220_B
Data_4221_A,Data_4221_B
Data_4222_A,Data_4222_B
Data_4223_A,Data_4223_B
Data_4224_A,Data_4224_B
Data_4225_A,Data_4225_B
Data_4226_A,Data_4226_B
Data_4227_A,Data_4227_B
Data_4228_A,Data_4228_B
Data_4229_A,Data_4229_B
Data_4230_A,Data_4230_B
Data_4231_A,Data_4231_B
Data_4232_A,Data_4232_B
Data_4233_A,Data_4233_B
Data_4234_A,Data_4234_B
Data_4235_A,Data_4235_B
Data_4236_A,Data_4236_B
Data_4237_A,Data_4237_B
Data_4238_A,Data_4238_B
Data_4239_A,Data_4239_B
Data_4240_A,Data_4240_B
Data_4241_A,Data_4241_B
Data_4242_A,Data_4242_B
Data_4243_A,Data_4243_B
Data_4244_A,Data_4244_B
Data_4245_A,Data_4245_B
Data_4246_A,Data_4246_B
Data_4247_A,Data_4247_B
Data_4248_A,Data_4248_B
Data_4249_A,Data_4249_B
Data_4250_A,Data_4250_B
Data_4251_A,Data_4251_B
Data_4252_A,Data_4252_B
Data_4253_A,Data_4253_B
Data_4254_A,Data_4254_B
Data_4255_A,Data_4255_B
Data_4256_A,Data_4256_B
Data_4257_A,Data_4257_B
Data_4258_A,Data_4258_B
Data_4259_A,Data_4259_B
Data_4260_A,Data_4260_B
Data_4261_A,Data_4261_B
Data_4262_A,Data_4262_B
Data_4263_A,Data_4263_B
Data_4264_A,Data_4264_B
Data_4265_A,Data_4265_B
Data_4266_A,Data_4266_B
Data_4267_A,Data_4267_B
Data_4268_A,Data_4268_B
Data_4269_A,Data_4269_B
Data_4270_A,Data_4270_B
Data_4271_A,Data_4271_B
Data_4272_A,Data_4272_B
Data_4273_A,Data_4273_B
Data_4274_A,Data_4274_B
Data_4275_A,Data_4275_B
Data_4276_A,Data_4276_B
Data_4277_A,Data_4277_B
Data_4278_A,Data_4278_B
Data_4279_A,Data_4279_B
Data_4280_A,Data_4280_B
Data_4281_A,Data_4281_B
Data_4282_A,Data_4282_B
Data_4283_A,Data_4283_B
Data_4284_A,Data_4284_B
Data_4285_A,Data_4285_B
Data_4286_A,Data_4286_B
Data_4287_A,Data_4287_B
Data_4288_A,Data_4288_B
Data_4289_A,Data_4289_B
Data_4290_A,Data_4290_B
Data_4291_A,Data_4291_B
Data_4292_A,Data_4292_B
Data_4293_A,Data_4293_B
Data_4294_A,Data_4294_B
Data_4295_A,Data_4295_B
Data_4296_A,Data_4296_B
Data_4297_A,Data_4297_B
Data_4298_A,Data_4298_B
Data_4299_A,Data_4299_B
Data_4300_A,Data_4300_B
Data_4301_A,Data_4301_B
Data_4302_A,Data_4302_B
Data_4303_A,Data_4303_B
Data_4304_A,Data_4304_B
Data_4305_A,Data_4305_B
Data_4306_A,Data_4306_B
Data_4307_A,Data_4307_B
Data_4308_A,Data_4308_B
Data_4309_A,Data_4309_B
Data_4310_A,Data_4310_B
Data_4311_A,Data_4311_B
Data_4312_A,Data_4312_B
Data_4313_A,Data_4313_B
Data_4314_A,Data_4314_B
Data_4315_A,Data_4315_B
Data_4316_A,Data_4316_B
Data_4317_A,Data_4317_B
Data_4318_A,Data_4318_B
Data_4319_A,Data_4319_B
Data_4320_A,Data_4320_B
Data_4321_A,Data_4321_B
Data_4322_A,Data_4322_B
Data_4323_A,Data_4323_B
Data_4324_A,Data_4324_B
Data_4325_A,Data_4325_B
Data_4326_A,Data_4326_B
Data_4327_A,Data_4327_B
Data_4328_A,Data_4328_B
Data_4329_A,Data_4329_B
Data_4330_A,Data_4330_B
Data_4331_A,Data_4331_B
Data_4332_A,Data_4332_B
Data_4333_A,Data_4333_B
Data_4334_A,Data_4334_B
Data_4335_A,Data_4335_B
Data_4336_A,Data_4336_B
Data_4337_A,Data_4337_B
Data_4338_A,Data_4338_B
Data_4339_A,Data_4339_B
Data_4340_A,Data_4340_B
Data_4341_A,Data_4341_B
Data_4342_A,Data_4342_B
Data_4343_A,Data_4343_B
Data_4344_A,Data_4344_B
Data_4345_A,Data_4345_B
Data_4346_A,Data_4346_B
Data_4347_A,Data_4347_B
Data_4348_A,Data_4348_B
Data_4349_A,Data_4349_B
Data_4350_A,Data_4350_B
Data_4351_A,Data_4351_B
Data_4352_A,Data_4352_B
Data_4353_A,Data_4353_B
Data_4354_A,Data_4354_B
Data_4355_A,Data_4355_B
Data_4356_A,Data_4356_B
Data_4357_A,Data_4357_B
Data_4358_A,Data_4358_B
Data_4359_A,Data_4359_B
Data_4360_A,Data_4360_B
Data_4361_A,Data_4361_B
Data_4362_A,Data_4362_B
Data_4363_A,Data_4363_B
Data_4364_A,Data_4364_B
Data_4365_A,Data_4365_B
Data_4366_A,Data_4366_B
Data_4367_A,Data_4367_B
Data_4368_A,Data_4368_B
Data_4369_A,Data_4369_B
Data_4370_A,Data_4370_B
Data_4371_A,Data_4371_B
Data_4372_A,Data_4372_B
Data_4373_A,Data_4373_B
Data_4374_A,Data_4374_B
Data_4375_A,Data_4375_B
Data_4376_A,Data_4376_B
Data_4377_A,Data_4377_B
Data_4378_A,Data_4378_B
Data_4379_A,Data_4379_B
Data_4380_A,Data_4380_B
Data_4381_A,Data_4381_B
Data_4382_A,Data_4382_B
Data_4383_A,Data_4383_B
Data_4384_A,Data_4384_B
Data_4385_A,Data_4385_B
Data_4386_A,Data_4386_B
Data_4387_A,Data_4387_B
Data_4388_A,Data_4388_B
Data_4389_A,Data_4389_B
Data_4390_A,Data_4390_B
Data_4391_A,Data_4391_B
Data_4392_A,Data_4392_B
Data_4393_A,Data_4393_B
Data_4394_A,Data_4394_B
Data_4395_A,Data_4395_B
Data_4396_A,Data_4396_B
Data_4397_A,Data_4397_B
Data_4398_A,Data_4398_B
Data_4399_A,Data_4399_B
Data_4400_A,Data_4400_B
Data_4401_A,Data_4401_B
Data_4402_A,Data_4402_B
Data_4403_A,Data_4403_B
Data_4404_A,Data_4404_B
Data_4405_A,Data_4405_B
Data_4406_A,Data_4406_B
Data_4407_A,Data_4407_B
Data_4408_A,Data_4408_B
Data_4409_A,Data_4409_B
Data_4410_A,Data_4410_B
Data_4411_A,Data_4411_B
Data_4412_A,Data_4412_B
Data_4413_A,Data_4413_B
Data_4414_A,Data_4414_B
Data_4415_A,Data_4415_B
Data_4416_A,Data_4416_B
Data_4417_A,Data_4417_B
Data_4418_A,Data_4418_B
Data_4419_A,Data_4419_B
Data_4420_A,Data_4420_B
Data_4421_A,Data_4421_B
Data_4422_A,Data_4422_B
Data_4423_A,Data_4423_B
Data_4424_A,Data_4424_B
Data_4425_A,Data_4425_B
Data_4426_A,Data_4426_B
Data_4427_A,Data_4427_B
Data_4428_A,Data_4428_B
Data_4429_A,Data_4429_B
Data_4430_A,Data_4430_B
Data_4431_A,Data_4431_B
Data_4432_A,Data_4432_B
Data_4433_A,Data_4433_B
Data_4434_A,Data_4434_B
Data_4435_A,Data_4435_B
Data_4436_A,Data_4436_B
Data_4437_A,Data_4437_B
Data_4438_A,Data_4438_B
Data_4439_A,Data_4439_B
Data_4440_A,Data_4440_B
Data_4441_A,Data_4441_B
Data_4442_A,Data_4442_B
Data_4443_A,Data_4443_B
Data_4444_A,Data_4444_B
Data_4445_A,Data_4445_B
Data_4446_A,Data_4446_B
Data_4447_A,Data_4447_B
Data_4448_A,Data_4448_B
Data_4449_A,Data_4449_B
Data_4450_A,Data_4450_B
Data_4451_A,Data_4451_B
Data_4452_A,Data_4452_B
Data_4453_A,Data_4453_B
Data_4454_A,Data_4454_B
Data_4455_A,Data_4455_B
Data_4456_A,Data_4456_B
Data_4457_A,Data_4457_B
Data_4458_A,Data_4458_B
Data_4459_A,Data_4459_B
Data_4460_A,Data_4460_B
Data_4461_A,Data_4461_B
Data_4462_A,Data_4462_B
Data_4463_A,Data_4463_B
Data_4464_A,Data_4464_B
Data_4465_A,Data_4465_B
Data_4466_A,Data_4466_B
Data_4467_A,Data_4467_B
Data_4468_A,Data_4468_B
Data_4469_A,Data_4469_B
Data_4470_A,Data_4470_B
Data_4471_A,Data_4471_B
Data_4472_A,Data_4472_B
Data_4473_A,Data_4473_B
Data_4474_A,Data_4474_B
Data_4475_A,Data_4475_B
Data_4476_A,Data_4476_B
Data_4477_A,Data_4477_B
Data_4478_A,Data_4478_B
Data_4479_A,Data_4479_B
Data_4480_A,Data_4480_B
Data_4481_A,Data_4481_B
Data_4482_A,Data_4482_B
Data_4483_A,Data_4483_B
Data_4484_A,Data_4484_B
Data_4485_A,Data_4485_B
Data_4486_A,Data_4486_B
Data_4487_A,Data_4487_B
Data_4488_A,Data_4488_B
Data_4489_A,Data_4489_B
Data_4490_A,Data_4490_B
Data_4491_A,Data_4491_B
Data_4492_A,Data_4492_B
Data_4493_A,Data_4493_B
Data_4494_A,Data_4494_B
Data_4495_A,Data_4495_B
Data_4496_A,Data_4496_B
Data_4497_A,Data_4497_B
Data_4498_A,Data_4498_B
Data_4499_A,Data_4499_B
Data_4500_A,Data_4500_B
Data_4501_A,Data_4501_B
Data_4502_A,Data_4502_B
Data_4503_A,Data_4503_B
Data_4504_A,Data_4504_B
Data_4505_A,Data_4505_B
Data_4506_A,Data_4506_B
Data_4507_A,Data_4507_B
Data_4508_A,Data_4508_B
Data_4509_A,Data_4509_B
Data_4510_A,Data_4510_B
Data_4511_A,Data_4511_B
Data_4512_A,Data_4512_B
Data_4513_A,Data_4513_B
Data_4514_A,Data_4514_B
Data_4515_A,Data_4515_B
Data_4516_A,Data_4516_B
Data_4517_A,Data_4517_B
Data_4518_A,Data_4518_B
Data_4519_A,Data_4519_B
Data_4520_A,Data_4520_B
Data_4521_A,Data_4521_B
Data_4522_A,Data_4522_B
Data_4523_A,Data_4523_B
Data_4524_A,Data_4524_B
Data_4525_A,Data_4525_B
Data_4526_A,Data_4526_B
Data_4527_A,Data_4527_B
Data_4528_A,Data_4528_B
Data_4529_A,Data_4529_B
Data_4530_A,Data_4530_B
Data_4531_A,Data_4531_B
Data_4532_A,Data_4532_B
Data_4533_A,Data_4533_B
Data_4534_A,Data_4534_B
Data_4535_A,Data_4535_B
Data_4536_A,Data_4536_B
Data_4537_A,Data_4537_B
Data_4538_A,Data_4538_B
Data_4539_A,Data_4539_B
Data_4540_A,Data_4540_B
Data_4541_A,Data_4541_B
Data_4542_A,Data_4542_B
Data_4543_A,Data_4543_B
Data_4544_A,Data_4544_B
Data_4545_A,Data_4545_B
Data_4546_A,Data_4546_B
Data_4547_A,Data_4547_B
Data_4548_A,Data_4548_B
Data_4549_A,Data_4549_B
Data_4550_A,Data_4550_B
Data_4551_A,Data_4551_B
Data_4552_A,Data_4552_B
Data_4553_A,Data_4553_B
Data_4554_A,Data_4554_B
Data_4555_A,Data_4555_B
Data_4556_A,Data_4556_B
Data_4557_A,Data_4557_B
Data_4558_A,Data_4558_B
Data_4559_A,Data_4559_B
Data_4560_A,Data_4560_B
Data_4561_A,Data_4561_B
Data_4562_A,Data_4562_B
Data_4563_A,Data_4563_B
Data_4564_A,Data_4564_B
Data_4565_A,Data_4565_B
Data_4566_A,Data_4566_B
Data_4567_A,Data_4567_B
Data_4568_A,Data_4568_B
Data_4569_A,Data_4569_B
Data_4570_A,Data_4570_B
Data_4571_A,Data_4571_B
Data_4572_A,Data_4572_B
Data_4573_A,Data_4573_B
Data_4574_A,Data_4574_B
Data_4575_A,Data_4575_B
Data_4576_A,Data_4576_B
Data_4577_A,Data_4577_B
Data_4578_A,Data_4578_B
Data_4579_A,Data_4579_B
Data_4580_A,Data_4580_B
Data_4581_A,Data_4581_B
Data_4582_A,Data_4582_B
Data_4583_A,Data_4583_B
Data_4584_A,Data_4584_B
Data_4585_A,Data_4585_B
Data_4586_A,Data_4586_B
Data_4587_A,Data_4587_B
Data_4588_A,Data_4588_B
Data_4589_A,Data_4589_B
Data_4590_A,Data_4590_B
Data_4591_A,Data_4591_B
Data_4592_A,Data_4592_B
Data_4593_A,Data_4593_B
Data_4594_A,Data_4594_B
Data_4595_A,Data_4595_B
Data_4596_A,Data_4596_B
Data_4597_A,Data_4597_B
Data_4598_A,Data_4598_B
Data_4599_A,Data_4599_B
Data_4600_A,Data_4600_B
Data_4601_A,Data_4601_B
Data_4602_A,Data_4602_B
Data_4603_A,Data_4603_B
Data_4604_A,Data_4604_B
Data_4605_A,Data_4605_B
Data_4606_A,Data_4606_B
Data_4607_A,Data_4607_B
Data_4608_A,Data_4608_B
Data_4609_A,Data_4609_B
Data_4610_A,Data_4610_B
Data_4611_A,Data_4611_B
Data_4612_A,Data_4612_B
Data_4613_A,Data_4613_B
Data_4614_A,Data_4614_B
Data_4615_A,Data_4615_B
Data_4616_A,Data_4616_B
Data_4617_A,Data_4617_B
Data_4618_A,Data_4618_B
Data_4619_A,Data_4619_B
Data_4620_A,Data_4620_B
Data_4621_A,Data_4621_B
Data_4622_A,Data_4622_B
Data_4623_A,Data_4623_B
Data_4624_A,Data_4624_B
Data_4625_A,Data_4625_B
Data_4626_A,Data_4626_B
Data_4627_A,Data_4627_B
Data_4628_A,Data_4628_B
Data_4629_A,Data_4629_B
Data_4630_A,Data_4630_B
Data_4631_A,Data_4631_B
Data_4632_A,Data_4632_B
Data_4633_A,Data_4633_B
Data_4634_A,Data_4634_B
Data_4635_A,Data_4635_B
Data_4636_A,Data_4636_B
Data_4637_A,Data_4637_B
Data_4638_A,Data_4638_B
Data_4639_A,Data_4639_B
Data_4640_A,Data_4640_B
Data_4641_A,Data_4641_B
Data_4642_A,Data_4642_B
Data_4643_A,Data_4643_B
Data_4644_A,Data_4644_B
Data_4645_A,Data_4645_B
Data_4646_A,Data_4646_B
Data_4647_A,Data_4647_B
Data_4648_A,Data_4648_B
Data_4649_A,Data_4649_B
Data_4650_A,Data_4650_B
Data_4651_A,Data_4651_B
Data_4652_A,Data_4652_B
Data_4653_A,Data_4653_B
Data_4654_A,Data_4654_B
Data_4655_A,Data_4655_B
Data_4656_A,Data_4656_B
Data_4657_A,Data_4657_B
Data_4658_A,Data_4658_B
Data_4659_A,Data_4659_B
Data_4660_A,Data_4660_B
Data_4661_A,Data_4661_B
Data_4662_A,Data_4662_B
Data_4663_A,Data_4663_B
Data_4664_A,Data_4664_B
Data_4665_A,Data_4665_B
Data_4666_A,Data_4666_B
Data_4667_A,Data_4667_B
Data_4668_A,Data_4668_B
Data_4669_A,Data_4669_B
Data_4670_A,Data_4670_B
Data_4671_A,Data_4671_B
Data_4672_A,Data_4672_B
Data_4673_A,Data_4673_B
Data_4674_A,Data_4674_B
Data_4675_A,Data_4675_B
Data_4676_A,Data_4676_B
Data_4677_A,Data_4677_B
Data_4678_A,Data_4678_B
Data_4679_A,Data_4679_B
Data_4680_A,Data_4680_B
Data_4681_A,Data_4681_B
Data_4682_A,Data_4682_B
Data_4683_A,Data_4683_B
Data_4684_A,Data_4684_B
Data_4685_A,Data_4685_B
Data_4686_A,Data_4686_B
Data_4687_A,Data_4687_B
Data_4688_A,Data_4688_B
Data_4689_A,Data_4689_B
Data_4690_A,Data_4690_B
Data_4691_A,Data_4691_B
Data_4692_A,Data_4692_B
Data_4693_A,Data_4693_B
Data_4694_A,Data_4694_B
Data_4695_A,Data_4695_B
Data_4696_A,Data_4696_B
Data_4697_A,Data_4697_B
Data_4698_A,Data_4698_B
Data_4699_A,Data_4699_B
Data_4700_A,Data_4700_B
Data_4701_A,Data_4701_B
Data_4702_A,Data_4702_B
Data_4703_A,Data_4703_B
Data_4704_A,Data_4704_B
Data_4705_A,Data_4705_B
Data_4706_A,Data_4706_B
Data_4707_A,Data_4707_B
Data_4708_A,Data_4708_B
Data_4709_A,Data_4709_B
Data_4710_A,Data_4710_B
Data_4711_A,Data_4711_B
Data_4712_A,Data_4712_B
Data_4713_A,Data_4713_B
Data_4714_A,Data_4714_B
Data_4715_A,Data_4715_B
Data_4716_A,Data_4716_B
Data_4717_A,Data_4717_B
Data_4718_A,Data_4718_B
Data_4719_A,Data_4719_B
Data_4720_A,Data_4720_B
Data_4721_A,Data_4721_B
Data_4722_A,Data_4722_B
Data_4723_A,Data_4723_B
Data_4724_A,Data_4724_B
Data_4725_A,Data_4725_B
Data_4726_A,Data_4726_B
Data_4727_A,Data_4727_B
Data_4728_A,Data_4728_B
Data_4729_A,Data_4729_B
Data_4730_A,Data_4730_B
Data_4731_A,Data_4731_B
Data_4732_A,Data_4732_B
Data_4733_A,Data_4733_B
Data_4734_A,Data_4734_B
Data_4735_A,Data_4735_B
Data_4736_A,Data_4736_B
Data_4737_A,Data_4737_B
Data_4738_A,Data_4738_B
Data_4739_A,Data_4739_B
Data_4740_A,Data_4740_B
Data_4741_A,Data_4741_B
Data_4742_A,Data_4742_B
Data_4743_A,Data_4743_B
Data_4744_A,Data_4744_B
Data_4745_A,Data_4745_B
Data_4746_A,Data_4746_B
Data_4747_A,Data_4747_B
Data_4748_A,Data_4748_B
Data_4749_A,Data_4749_B
Data_4750_A,Data_4750_B
Data_4751_A,Data_4751_B
Data_4752_A,Data_4752_B
Data_4753_A,Data_4753_B
Data_4754_A,Data_4754_B
Data_4755_A,Data_4755_B
Data_4756_A,Data_4756_B
Data_4757_A,Data_4757_B
Data_4758_A,Data_4758_B
Data_4759_A,Data_4759_B
Data_4760_A,Data_4760_B
Data_4761_A,Data_4761_B
Data_4762_A,Data_4762_B
Data_4763_A,Data_4763_B
Data_4764_A,Data_4764_B
Data_4765_A,Data_4765_B
Data_4766_A,Data_4766_B
Data_4767_A,Data_4767_B
Data_4768_A,Data_4768_B
Data_4769_A,Data_4769_B
Data_4770_A,Data_4770_B
Data_4771_A,Data_4771_B
Data_4772_A,Data_4772_B
Data_4773_A,Data_4773_B
Data_4774_A,Data_4774_B
Data_4775_A,Data_4775_B
Data_4776_A,Data_4776_B
Data_4777_A,Data_4777_B
Data_4778_A,Data_4778_B
Data_4779_A,Data_4779_B
Data_4780_A,Data_4780_B
Data_4781_A,Data_4781_B
Data_4782_A,Data_4782_B
Data_4783_A,Data_4783_B
Data_4784_A,Data_4784_B
Data_4785_A,Data_4785_B
Data_4786_A,Data_4786_B
Data_4787_A,Data_4787_B
Data_4788_A,Data_4788_B
Data_4789_A,Data_4789_B
Data_4790_A,Data_4790_B
Data_4791_A,Data_4791_B
Data_4792_A,Data_4792_B
Data_4793_A,Data_4793_B
Data_4794_A,Data_4794_B
Data_4795_A,Data_4795_B
Data_4796_A,Data_4796_B
Data_4797_A,Data_4797_B
Data_4798_A,Data_4798_B
Data_4799_A,Data_4799_B
Data_4800_A,Data_4800_B
Data_4801_A,Data_4801_B
Data_4802_A,Data_4802_B
Data_4803_A,Data_4803_B
Data_4804_A,Data_4804_B
Data_4805_A,Data_4805_B
Data_4806_A,Data_4806_B
Data_4807_A,Data_4807_B
Data_4808_A,Data_4808_B
Data_4809_A,Data_4809_B
Data_4810_A,Data_4810_B
Data_4811_A,Data_4811_B
Data_4812_A,Data_4812_B
Data_4813_A,Data_4813_B
Data_4814_A,Data_4814_B
Data_4815_A,Data_4815_B
Data_4816_A,Data_4816_B
Data_4817_A,Data_4817_B
Data_4818_A,Data_4818_B
Data_4819_A,Data_4819_B
Data_4820_A,Data_4820_B
Data_4821_A,Data_4821_B
Data_4822_A,Data_4822_B
Data_4823_A,Data_4823_B
Data_4824_A,Data_4824_B
Data_4825_A,Data_4825_B
Data_4826_A,Data_4826_B
Data_4827_A,Data_4827_B
Data_4828_A,Data_4828_B
Data_4829_A,Data_4829_B
Data_4830_A,Data_4830_B
Data_4831_A,Data_4831_B
Data_4832_A,Data_4832_B
Data_4833_A,Data_4833_B
Data_4834_A,Data_4834_B
Data_4835_A,Data_4835_B
Data_4836_A,Data_4836_B
Data_4837_A,Data_4837_B
Data_4838_A,Data_4838_B
Data_4839_A,Data_4839_B
Data_4840_A,Data_4840_B
Data_4841_A,Data_4841_B
Data_4842_A,Data_4842_B
Data_4843_A,Data_4843_B
Data_4844_A,Data_4844_B
Data_4845_A,Data_4845_B
Data_4846_A,Data_4846_B
Data_4847_A,Data_4847_B
Data_4848_A,Data_4848_B
Data_4849_A,Data_4849_B
Data_4850_A,Data_4850_B
Data_4851_A,Data_4851_B
Data_4852_A,Data_4852_B
Data_4853_A,Data_4853_B
Data_4854_A,Data_4854_B
Data_4855_A,Data_4855_B
Data_4856_A,Data_4856_B
Data_4857_A,Data_4857_B
Data_4858_A,Data_4858_B
Data_4859_A,Data_4859_B
Data_4860_A,Data_4860_B
Data_4861_A,Data_4861_B
Data_4862_A,Data_4862_B
Data_4863_A,Data_4863_B
Data_4864_A,Data_4864_B
Data_4865_A,Data_4865_B
Data_4866_A,Data_4866_B
Data_4867_A,Data_4867_B
Data_4868_A,Data_4868_B
Data_4869_A,Data_4869_B
Data_4870_A,Data_4870_B
Data_4871_A,Data_4871_B
Data_4872_A,Data_4872_B
Data_4873_A,Data_4873_B
Data_4874_A,Data_4874_B
Data_4875_A,Data_4875_B
Data_4876_A,Data_4876_B
Data_4877_A,Data_4877_B
Data_4878_A,Data_4878_B
Data_4879_A,Data_4879_B
Data_4880_A,Data_4880_B
Data_4881_A,Data_4881_B
Data_4882_A,Data_4882_B
Data_4883_A,Data_4883_B
Data_4884_A,Data_4884_B
Data_4885_A,Data_4885_B
Data_4886_A,Data_4886_B
Data_4887_A,Data_4887_B
Data_4888_A,Data_4888_B
Data_4889_A,Data_4889_B
Data_4890_A,Data_4890_B
Data_4891_A,Data_4891_B
Data_4892_A,Data_4892_B
Data_4893_A,Data_4893_B
Data_4894_A,Data_4894_B
Data_4895_A,Data_4895_B
Data_4896_A,Data_4896_B
Data_4897_A,Data_4897_B
Data_4898_A,Data_4898_B
Data_4899_A,Data_4899_B
Data_4900_A,Data_4900_B
Data_4901_A,Data_4901_B
Data_4902_A,Data_4902_B
Data_4903_A,Data_4903_B
Data_4904_A,Data_4904_B
Data_4905_A,Data_4905_B
Data_4906_A,Data_4906_B
Data_4907_A,Data_4907_B
Data_4908_A,Data_4908_B
Data_4909_A,Data_4909_B
Data_4910_A,Data_4910_B
Data_4911_A,Data_4911_B
Data_4912_A,Data_4912_B
Data_4913_A,Data_4913_B
Data_4914_A,Data_4914_B
Data_4915_A,Data_4915_B
Data_4916_A,Data_4916_B
Data_4917_A,Data_4917_B
Data_4918_A,Data_4918_B
Data_4919_A,Data_4919_B
Data_4920_A,Data_4920_B
Data_4921_A,Data_4921_B
Data_4922_A,Data_4922_B
Data_4923_A,Data_4923_B
Data_4924_A,Data_4924_B
Data_4925_A,Data_4925_B
Data_4926_A,Data_4926_B
Data_4927_A,Data_4927_B
Data_4928_A,Data_4928_B
Data_4929_A,Data_4929_B
Data_4930_A,Data_4930_B
Data_4931_A,Data_4931_B
Data_4932_A,Data_4932_B
Data_4933_A,Data_4933_B
Data_4934_A,Data_4934_B
Data_4935_A,Data_4935_B
Data_4936_A,Data_4936_B
Data_4937_A,Data_4937_B
Data_4938_A,Data_4938_B
Data_4939_A,Data_4939_B
Data_4940_A,Data_4940_B
Data_4941_A,Data_4941_B
Data_4942_A,Data_4942_B
Data_4943_A,Data_4943_B
Data_4944_A,Data_4944_B
Data_4945_A,Data_4945_B
Data_4946_A,Data_4946_B
Data_4947_A,Data_4947_B
Data_4948_A,Data_4948_B
Data_4949_A,Data_4949_B
Data_4950_A,Data_4950_B
Data_4951_A,Data_4951_B
Data_4952_A,Data_4952_B
Data_4953_A,Data_4953_B
Data_4954_A,Data_4954_B
Data_4955_A,Data_4955_B
Data_4956_A,Data_4956_B
Data_4957_A,Data_4957_B
Data_4958_A,Data_4958_B
Data_4959_A,Data_4959_B
Data_4960_A,Data_4960_B
Data_4961_A,Data_4961_B
Data_4962_A,Data_4962_B
Data_4963_A,Data_4963_B
Data_4964_A,Data_4964_B
Data_4965_A,Data_4965_B
Data_4966_A,Data_4966_B
Data_4967_A,Data_4967_B
Data_4968_A,Data_4968_B
Data_4969_A,Data_4969_B
Data_4970_A,Data_4970_B
Data_4971_A,Data_4971_B
Data_4972_A,Data_4972_B
Data_4973_A,Data_4973_B
Data_4974_A,Data_4974_B
Data_4975_A,Data_4975_B
Data_4976_A,Data_4976_B
Data_4977_A,Data_4977_B
Data_4978_A,Data_4978_B
Data_4979_A,Data_4979_B
Data_4980_A,Data_4980_B
Data_4981_A,Data_4981_B
Data_4982_A,Data_4982_B
Data_4983_A,Data_4983_B
Data_4984_A,Data_4984_B
Data_4985_A,Data_4985_B
Data_4986_A,Data_4986_B
Data_4987_A,Data_4987_B
Data_4988_A,Data_4988_B
Data_4989_A,Data_4989_B
Data_4990_A,Data_4990_B
Data_4991_A,Data_4991_B
Data_4992_A,Data_4992_B
Data_4993_A,Data_4993_B
Data_4994_A,Data_4994_B
Data_4995_A,Data_4995_B
Data_4996_A,Data_4996_B
Data_4997_A,Data_4997_B
Data_4998_A,Data_4998_B
Data_4999_A,Data_4999_B
Data_5000_A,Data_5000_B
Data_5001_A,Data_5001_B
Data_5002_A,Data_5002_B
Data_5003_A,Data_5003_B
Data_5004_A,Data_5004_B
Data_5005_A,Data_5005_B
Data_5006_A,Data_5006_B
Data_5007_A,Data_5007_B
Data_5008_A,Data_5008_B
Data_5009_A,Data_5009_B
Data_5010_A,Data_5010_B
Data_5011_A,Data_5011_B
Data_5012_A,Data_5012_B
Data_5013_A,Data_5013_B
Data_5014_A,Data_5014_B
Data_5015_A,Data_5015_B
Data_5016_A,Data_5016_B
Data_5017_A,Data_5017_B
Data_5018_A,Data_5018_B
Data_5019_A,Data_5019_B
Data_5020_A,Data_5020_B
Data_5021_A,Data_5021_B
Data_5022_A,Data_5022_B
Data_5023_A,Data_5023_B
Data_5024_A,Data_5024_B
Data_5025_A,Data_5025_B
Data_5026_A,Data_5026_B
Data_5027_A,Data_5027_B
Data_5028_A,Data_5028_B
Data_5029_A,Data_5029_B
Data_5030_A,Data_5030_B
Data_5031_A,Data_5031_B
Data_5032_A,Data_5032_B
Data_5033_A,Data_5033_B
Data_5034_A,Data_5034_B
Data_5035_A,Data_5035_B
Data_5036_A,Data_5036_B
Data_5037_A,Data_5037_B
Data_5038_A,Data_5038_B
Data_5039_A,Data_5039_B
Data_5040_A,Data_5040_B
Data_5041_A,Data_5041_B
Data_5042_A,Data_5042_B
Data_5043_A,Data_5043_B
Data_5044_A,Data_5044_B
Data_5045_A,Data_5045_B
Data_5046_A,Data_5046_B
Data_5047_A,Data_5047_B
Data_5048_A,Data_5048_B
Data_5049_A,Data_5049_B
Data_5050_A,Data_5050_B
Data_5051_A,Data_5051_B
Data_5052_A,Data_5052_B
Data_5053_A,Data_5053_B
Data_5054_A,Data_5054_B
Data_5055_A,Data_5055_B
Data_5056_A,Data_5056_B
Data_5057_A,Data_5057_B
Data_5058_A,Data_5058_B
Data_5059_A,Data_5059_B
Data_5060_A,Data_5060_B
Data_5061_A,Data_5061_B
Data_5062_A,Data_5062_B
Data_5063_A,Data_5063_B
Data_5064_A,Data_5064_B
Data_5065_A,Data_5065_B
Data_5066_A,Data_5066_B
Data_5067_A,Data_5067_B
Data_5068_A,Data_5068_B
Data_5069_A,Data_5069_B
Data_5070_A,Data_5070_B
Data_5071_A,Data_5071_B
Data_5072_A,Data_5072_B
Data_5073_A,Data_5073_B
Data_5074_A,Data_5074_B
Data_5075_A,Data_5075_B
Data_5076_A,Data_5076_B
Data_5077_A,Data_5077_B
Data_5078_A,Data_5078_B
Data_5079_A,Data_5079_B
Data_5080_A,Data_5080_B
Data_5081_A,Data_5081_B
Data_5082_A,Data_5082_B
Data_5083_A,Data_5083_B
Data_5084_A,Data_5084_B
Data_5085_A,Data_5085_B
Data_5086_A,Data_5086_B
Data_5087_A,Data_5087_B
Data_5088_A,Data_5088_B
Data_5089_A,Data_5089_B
Data_5090_A,Data_5090_B
Data_5091_A,Data_5091_B
Data_5092_A,Data_5092_B
Data_5093_A,Data_5093_B
Data_5094_A,Data_5094_B
Data_5095_A,Data_5095_B
Data_5096_A,Data_5096_B
Data_5097_A,Data_5097_B
Data_5098_A,Data_5098_B
Data_5099_A,Data_5099_B
Data_5100_A,Data_5100_B
Data_5101_A,Data_5101_B
Data_5102_A,Data_5102_B
Data_5103_A,Data_5103_B
Data_5104_A,Data_5104_B
Data_5105_A,Data_5105_B
Data_5106_A,Data_5106_B
Data_5107_A,Data_5107_B
Data_5108_A,Data_5108_B
Data_5109_A,Data_5109_B
Data_5110_A,Data_5110_B
Data_5111_A,Data_5111_B
Data_5112_A,Data_5112_B
Data_5113_A,Data_5113_B
Data_5114_A,Data_5114_B
Data_5115_A,Data_5115_B
Data_5116_A,Data_5116_B
Data_5117_A,Data_5117_B
Data_5118_A,Data_5118_B
Data_5119_A,Data_5119_B
Data_5120_A,Data_5120_B
Data_5121_A,Data_5121_B
Data_5122_A,Data_5122_B
Data_5123_A,Data_5123_B
Data_5124_A,Data_5124_B
Data_5125_A,Data_5125_B
Data_5126_A,Data_5126_B
Data_5127_A,Data_5127_B
Data_5128_A,Data_5128_B
Data_5129_A,Data_5129_B
Data_5130_A,Data_5130_B
Data_5131_A,Data_5131_B
Data_5132_A,Data_5132_B
Data_5133_A,Data_5133_B
Data_5134_A,Data_5134_B
Data_5135_A,Data_5135_B
Data_5136_A,Data_5136_B
Data_5137_A,Data_5137_B
Data_5138_A,Data_5138_B
Data_5139_A,Data_5139_B
Data_5140_A,Data_5140_B
Data_5141_A,Data_5141_B
Data_5142_A,Data_5142_B
Data_5143_A,Data_5143_B
Data_5144_A,Data_5144_B
Data_5145_A,Data_5145_B
Data_5146_A,Data_5146_B
Data_5147_A,Data_5147_B
Data_5148_A,Data_5148_B
Data_5149_A,Data_5149_B
Data_5150_A,Data_5150_B
Data_5151_A,Data_5151_B
Data_5152_A,Data_5152_B
Data_5153_A,Data_5153_B
Data_5154_A,Data_5154_B
Data_5155_A,Data_5155_B
Data_5156_A,Data_5156_B
Data_5157_A,Data_5157_B
Data_5158_A,Data_5158_B
Data_5159_A,Data_5159_B
Data_5160_A,Data_5160_B
Data_5161_A,Data_5161_B
Data_5162_A,Data_5162_B
Data_5163_A,Data_5163_B
Data_5164_A,Data_5164_B
Data_5165_A,Data_5165_B
Data_5166_A,Data_5166_B
Data_5167_A,Data_5167_B
Data_5168_A,Data_5168_B
Data_5169_A,Data_5169_B
Data_5170_A,Data_5170_B
Data_5171_A,Data_5171_B
Data_5172_A,Data_5172_B
Data_5173_A,Data_5173_B
Data_5174_A,Data_5174_B
Data_5175_A,Data_5175_B
Data_5176_A,Data_5176_B
Data_5177_A,Data_5177_B
Data_5178_A,Data_5178_B
Data_5179_A,Data_5179_B
Data_5180_A,Data_5180_B
Data_5181_A,Data_5181_B
Data_5182_A,Data_5182_B
Data_5183_A,Data_5183_B
Data_5184_A,Data_5184_B
Data_5185_A,Data_5185_B
Data_5186_A,Data_5186_B
Data_5187_A,Data_5187_B
Data_5188_A,Data_5188_B
Data_5189_A,Data_5189_B
Data_5190_A,Data_5190_B
Data_5191_A,Data_5191_B
Data_5192_A,Data_5192_B
Data_5193_A,Data_5193_B
Data_5194_A,Data_5194_B
Data_5195_A,Data_5195_B
Data_5196_A,Data_5196_B
Data_5197_A,Data_5197_B
Data_5198_A,Data_5198_B
Data_5199_A,Data_5199_B
Data_5200_A,Data_5200_B
Data_5201_A,Data_5201_B
Data_5202_A,Data_5202_B
Data_5203_A,Data_5203_B
Data_5204_A,Data_5204_B
Data_5205_A,Data_5205_B
Data_5206_A,Data_5206_B
Data_5207_A,Data_5207_B
Data_5208_A,Data_5208_B
Data_5209_A,Data_5209_B
Data_5210_A,Data_5210_B
Data_5211_A,Data_5211_B
Data_5212_A,Data_5212_B
Data_5213_A,Data_5213_B
Data_5214_A,Data_5214_B
Data_5215_A,Data_5215_B
Data_5216_A,Data_5216_B
Data_5217_A,Data_5217_B
Data_5218_A,Data_5218_B
Data_5219_A,Data_5219_B
Data_5220_A,Data_5220_B
Data_5221_A,Data_5221_B
Data_5222_A,Data_5222_B
Data_5223_A,Data_5223_B
Data_5224_A,Data_5224_B
Data_5225_A,Data_5225_B
Data_5226_A,Data_5226_B
Data_5227_A,Data_5227_B
Data_5228_A,Data_5228_B
Data_5229_A,Data_5229_B
Data_5230_A,Data_5230_B
Data_5231_A,Data_5231_B
Data_5232_A,Data_5232_B
Data_5233_A,Data_5233_B
Data_5234_A,Data_5234_B
Data_5235_A,Data_5235_B
Data_5236_A,Data_5236_B
Data_5237_A,Data_5237_B
Data_5238_A,Data_5238_B
Data_5239_A,Data_5239_B
Data_5240_A,Data_5240_B
Data_5241_A,Data_5241_B
Data_5242_A,Data_5242_B
Data_5243_A,Data_5243_B
Data_5244_A,Data_5244_B
Data_5245_A,Data_5245_B
Data_5246_A,Data_5246_B
Data_5247_A,Data_5247_B
Data_5248_A,Data_5248_B
Data_5249_A,Data_5249_B
Data_5250_A,Data_5250_B
Data_5251_A,Data_5251_B
Data_5252_A,Data_5252_B
Data_5253_A,Data_5253_B
Data_5254_A,Data_5254_B
Data_5255_A,Data_5255_B
Data_5256_A,Data_5256_B
Data_5257_A,Data_5257_B
Data_5258_A,Data_5258_B
Data_5259_A,Data_5259_B
Data_5260_A,Data_5260_B
Data_5261_A,Data_5261_B
Data_5262_A,Data_5262_B
Data_5263_A,Data_5263_B
Data_5264_A,Data_5264_B
Data_5265_A,Data_5265_B
Data_5266_A,Data_5266_B
Data_5267_A,Data_5267_B
Data_5268_A,Data_5268_B
Data_5269_A,Data_5269_B
Data_5270_A,Data_5270_B
Data_5271_A,Data_5271_B
Data_5272_A,Data_5272_B
Data_5273_A,Data_5273_B
Data_5274_A,Data_5274_B
Data_5275_A,Data_5275_B
Data_5276_A,Data_5276_B
Data_5277_A,Data_5277_B
Data_5278_A,Data_5278_B
Data_5279_A,Data_5279_B
Data_5280_A,Data_5280_B
Data_5281_A,Data_5281_B
Data_5282_A,Data_5282_B
Data_5283_A,Data_5283_B
Data_5284_A,Data_5284_B
Data_5285_A,Data_5285_B
Data_5286_A,Data_5286_B
Data_5287_A,Data_5287_B
Data_5288_A,Data_5288_B
Data_5289_A,Data_5289_B
Data_5290_A,Data_5290_B
Data_5291_A,Data_5291_B
Data_5292_A,Data_5292_B
Data_5293_A,Data_5293_B
Data_5294_A,Data_5294_B
Data_5295_A,Data_5295_B
Data_5296_A,Data_5296_B
Data_5297_A,Data_5297_B
Data_5298_A,Data_5298_B
Data_5299_A,Data_5299_B
Data_5300_A,Data_5300_B
Data_5301_A,Data_5301_B
Data_5302_A,Data_5302_B
Data_5303_A,Data_5303_B
Data_5304_A,Data_5304_B
Data_5305_A,Data_5305_B
Data_5306_A,Data_5306_B
Data_5307_A,Data_5307_B
Data_5308_A,Data_5308_B
Data_5309_A,Data_5309_B
Data_5310_A,Data_5310_B
Data_5311_A,Data_5311_B
Data_5312_A,Data_5312_B
Data_5313_A,Data_5313_B
Data_5314_A,Data_5314_B
Data_5315_A,Data_5315_B
Data_5316_A,Data_5316_B
Data_5317_A,Data_5317_B
Data_5318_A,Data_5318_B
Data_5319_A,Data_5319_B
Data_5320_A,Data_5320_B
Data_5321_A,Data_5321_B
Data_5322_A,Data_5322_B
Data_5323_A,Data_5323_B
Data_5324_A,Data_5324_B
Data_5325_A,Data_5325_B
Data_5326_A,Data_5326_B
Data_5327_A,Data_5327_B
Data_5328_A,Data_5328_B
Data_5329_A,Data_5329_B
Data_5330_A,Data_5330_B
Data_5331_A,Data_5331_B
Data_5332_A,Data_5332_B
Data_5333_A,Data_5333_B
Data_5334_A,Data_5334_B
Data_5335_A,Data_5335_B
Data_5336_A,Data_5336_B
Data_5337_A,Data_5337_B
Data_5338_A,Data_5338_B
Data_5339_A,Data_5339_B
Data_5340_A,Data_5340_B
Data_5341_A,Data_5341_B
Data_5342_A,Data_5342_B
Data_5343_A,Data_5343_B
Data_5344_A,Data_5344_B
Data_5345_A,Data_5345_B
Data_5346_A,Data_5346_B
Data_5347_A,Data_5347_B
Data_5348_A,Data_5348_B
Data_5349_A,Data_5349_B
Data_5350_A,Data_5350_B
Data_5351_A,Data_5351_B
Data_5352_A,Data_5352_B
Data_5353_A,Data_5353_B
Data_5354_A,Data_5354_B
Data_5355_A,Data_5355_B
Data_5356_A,Data_5356_B
Data_5357_A,Data_5357_B
Data_5358_A,Data_5358_B
Data_5359_A,Data_5359_B
Data_5360_A,Data_5360_B
Data_5361_A,Data_5361_B
Data_5362_A,Data_5362_B
Data_5363_A,Data_5363_B
Data_5364_A,Data_5364_B
Data_5365_A,Data_5365_B
Data_5366_A,Data_5366_B
Data_5367_A,Data_5367_B
Data_5368_A,Data_5368_B
Data_5369_A,Data_5369_B
Data_5370_A,Data_5370_B
Data_5371_A,Data_5371_B
Data_5372_A,Data_5372_B
Data_5373_A,Data_5373_B
Data_5374_A,Data_5374_B
Data_5375_A,Data_5375_B
Data_5376_A,Data_5376_B
Data_5377_A,Data_5377_B
Data_5378_A,Data_5378_B
Data_5379_A,Data_5379_B
Data_5380_A,Data_5380_B
Data_5381_A,Data_5381_B
Data_5382_A,Data_5382_B
Data_5383_A,Data_5383_B
Data_5384_A,Data_5384_B
Data_5385_A,Data_5385_B
Data_5386_A,Data_5386_B
Data_5387_A,Data_5387_B
Data_5388_A,Data_5388_B
Data_5389_A,Data_5389_B
Data_5390_A,Data_5390_B
Data_5391_A,Data_5391_B
Data_5392_A,Data_5392_B
Data_5393_A,Data_5393_B
Data_5394_A,Data_5394_B
Data_5395_A,Data_5395_B
Data_5396_A,Data_5396_B
Data_5397_A,Data_5397_B
Data_5398_A,Data_5398_B
Data_5399_A,Data_5399_B
Data_5400_A,Data_5400_B
Data_5401_A,Data_5401_B
Data_5402_A,Data_5402_B
Data_5403_A,Data_5403_B
Data_5404_A,Data_5404_B
Data_5405_A,Data_5405_B
Data_5406_A,Data_5406_B
Data_5407_A,Data_5407_B
Data_5408_A,Data_5408_B
Data_5409_A,Data_5409_B
Data_5410_A,Data_5410_B
Data_5411_A,Data_5411_B
Data_5412_A,Data_5412_B
Data_5413_A,Data_5413_B
Data_5414_A,Data_5414_B
Data_5415_A,Data_5415_B
Data_5416_A,Data_5416_B
Data_5417_A,Data_5417_B
Data_5418_A,Data_5418_B
Data_5419_A,Data_5419_B
Data_5420_A,Data_5420_B
Data_5421_A,Data_5421_B
Data_5422_A,Data_5422_B
Data_5423_A,Data_5423_B
Data_5424_A,Data_5424_B
Data_5425_A,Data_5425_B
Data_5426_A,Data_5426_B
Data_5427_A,Data_5427_B
Data_5428_A,Data_5428_B
Data_5429_A,Data_5429_B
Data_5430_A,Data_5430_B
Data_5431_A,Data_5431_B
Data_5432_A,Data_5432_B
Data_5433_A,Data_5433_B
Data_5434_A,Data_5434_B
Data_5435_A,Data_5435_B
Data_5436_A,Data_5436_B
Data_5437_A,Data_5437_B
Data_5438_A,Data_5438_B
Data_5439_A,Data_5439_B
Data_5440_A,Data_5440_B
Data_5441_A,Data_5441_B
Data_5442_A,Data_5442_B
Data_5443_A,Data_5443_B
Data_5444_A,Data_5444_B
Data_5445_A,Data_5445_B
Data_5446_A,Data_5446_B
Data_5447_A,Data_5447_B
Data_5448_A,Data_5448_B
Data_5449_A,Data_5449_B
Data_5450_A,Data_5450_B
Data_5451_A,Data_5451_B
Data_5452_A,Data_5452_B
Data_5453_A,Data_5453_B
Data_5454_A,Data_5454_B
Data_5455_A,Data_5455_B
Data_5456_A,Data_5456_B
Data_5457_A,Data_5457_B
Data_5458_A,Data_5458_B
Data_5459_A,Data_5459_B
Data_5460_A,Data_5460_B
Data_5461_A,Data_5461_B
Data_5462_A,Data_5462_B
Data_5463_A,Data_5463_B
Data_5464_A,Data_5464_B
Data_5465_A,Data_5465_B
Data_5466_A,Data_5466_B
Data_5467_A,Data_5467_B
Data_5468_A,Data_5468_B
Data_5469_A,Data_5469_B
Data_5470_A,Data_5470_B
Data_5471_A,Data_5471_B
Data_5472_A,Data_5472_B
Data_5473_A,Data_5473_B
Data_5474_A,Data_5474_B
Data_5475_A,Data_5475_B
Data_5476_A,Data_5476_B
Data_5477_A,Data_5477_B
Data_5478_A,Data_5478_B
Data_5479_A,Data_5479_B
Data_5480_A,Data_5480_B
Data_5481_A,Data_5481_B
Data_5482_A,Data_5482_B
Data_5483_A,Data_5483_B
Data_5484_A,Data_5484_B
Data_5485_A,Data_5485_B
Data_5486_A,Data_5486_B
Data_5487_A,Data_5487_B
Data_5488_A,Data_5488_B
Data_5489_A,Data_5489_B
Data_5490_A,Data_5490_B
Data_5491_A,Data_5491_B
Data_5492_A,Data_5492_B
Data_5493_A,Data_5493_B
Data_5494_A,Data_5494_B
Data_5495_A,Data_5495_B
Data_5496_A,Data_5496_B
Data_5497_A,Data_5497_B
Data_5498_A,Data_5498_B
Data_5499_A,Data_5499_B
Data_5500_A,Data_5500_B
Data_5501_A,Data_5501_B
Data_5502_A,Data_5502_B
Data_5503_A,Data_5503_B
Data_5504_A,Data_5504_B
Data_5505_A,Data_5505_B
Data_5506_A,Data_5506_B
Data_5507_A,Data_5507_B
Data_5508_A,Data_5508_B
Data_5509_A,Data_5509_B
Data_5510_A,Data_5510_B
Data_5511_A,Data_5511_B
Data_5512_A,Data_5512_B
Data_5513_A,Data_5513_B
Data_5514_A,Data_5514_B
Data_5515_A,Data_5515_B
Data_5516_A,Data_5516_B
Data_5517_A,Data_5517_B
Data_5518_A,Data_5518_B
Data_5519_A,Data_5519_B
Data_5520_A,Data_5520_B
Data_5521_A,Data_5521_B
Data_5522_A,Data_5522_B
Data_5523_A,Data_5523_B
Data_5524_A,Data_5524_B
Data_5525_A,Data_5525_B
Data_5526_A,Data_5526_B
Data_5527_A,Data_5527_B
Data_5528_A,Data_5528_B
Data_5529_A,Data_5529_B
Data_5530_A,Data_5530_B
Data_5531_A,Data_5531_B
Data_5532_A,Data_5532_B
Data_5533_A,Data_5533_B
Data_5534_A,Data_5534_B
Data_5535_A,Data_5535_B
Data_5536_A,Data_5536_B
Data_5537_A,Data_5537_B
Data_5538_A,Data_5538_B
Data_5539_A,Data_5539_B
Data_5540_A,Data_5540_B
Data_5541_A,Data_5541_B
Data_5542_A,Data_5542_B
Data_5543_A,Data_5543_B
Data_5544_A,Data_5544_B
Data_5545_A,Data_5545_B
Data_5546_A,Data_5546_B
Data_5547_A,Data_5547_B
Data_5548_A,Data_5548_B
Data_5549_A,Data_5549_B
Data_5550_A,Data_5550_B
Data_5551_A,Data_5551_B
Data_5552_A,Data_5552_B
Data_5553_A,Data_5553_B
Data_5554_A,Data_5554_B
Data_5555_A,Data_5555_B
Data_5556_A,Data_5556_B
Data_5557_A,Data_5557_B
Data_5558_A,Data_5558_B
Data_5559_A,Data_5559_B
Data_5560_A,Data_5560_B
Data_5561_A,Data_5561_B
Data_5562_A,Data_5562_B
Data_5563_A,Data_5563_B
Data_5564_A,Data_5564_B
Data_5565_A,Data_5565_B
Data_5566_A,Data_5566_B
Data_5567_A,Data_5567_B
Data_5568_A,Data_5568_B
Data_5569_A,Data_5569_B
Data_5570_A,Data_5570_B
Data_5571_A,Data_5571_B
Data_5572_A,Data_5572_B
Data_5573_A,Data_5573_B
Data_5574_A,Data_5574_B
Data_5575_A,Data_5575_B
Data_5576_A,Data_5576_B
Data_5577_A,Data_5577_B
Data_5578_A,Data_5578_B
Data_5579_A,Data_5579_B
Data_5580_A,Data_5580_B
Data_5581_A,Data_5581_B
Data_5582_A,Data_5582_B
Data_5583_A,Data_5583_B
Data_5584_A,Data_5584_B
Data_5585_A,Data_5585_B
Data_5586_A,Data_5586_B
Data_5587_A,Data_5587_B
Data_5588_A,Data_5588_B
Data_5589_A,Data_5589_B
Data_5590_A,Data_5590_B
Data_5591_A,Data_5591_B
Data_5592_A,Data_5592_B
Data_5593_A,Data_5593_B
Data_5594_A,Data_5594_B
Data_5595_A,Data_5595_B
Data_5596_A,Data_5596_B
Data_5597_A,Data_5597_B
Data_5598_A,Data_5598_B
Data_5599_A,Data_5599_B
Data_5600_A,Data_5600_B
Data_5601_A,Data_5601_B
Data_5602_A,Data_5602_B
Data_5603_A,Data_5603_B
Data_5604_A,Data_5604_B
Data_5605_A,Data_5605_B
Data_5606_A,Data_5606_B
Data_5607_A,Data_5607_B
Data_5608_A,Data_5608_B
Data_5609_A,Data_5609_B
Data_5610_A,Data_5610_B
Data_5611_A,Data_5611_B
Data_5612_A,Data_5612_B
Data_5613_A,Data_5613_B
Data_5614_A,Data_5614_B
Data_5615_A,Data_5615_B
Data_5616_A,Data_5616_B
Data_5617_A,Data_5617_B
Data_5618_A,Data_5618_B
Data_5619_A,Data_5619_B
Data_5620_A,Data_5620_B
Data_5621_A,Data_5621_B
Data_5622_A,Data_5622_B
Data_5623_A,Data_5623_B
Data_5624_A,Data_5624_B
Data_5625_A,Data_5625_B
Data_5626_A,Data_5626_B
Data_5627_A,Data_5627_B
Data_5628_A,Data_5628_B
Data_5629_A,Data_5629_B
Data_5630_A,Data_5630_B
Data_5631_A,Data_5631_B
Data_5632_A,Data_5632_B
Data_5633_A,Data_5633_B
Data_5634_A,Data_5634_B
Data_5635_A,Data_5635_B
Data_5636_A,Data_5636_B
Data_5637_A,Data_5637_B
Data_5638_A,Data_5638_B
Data_5639_A,Data_5639_B
Data_5640_A,Data_5640_B
Data_5641_A,Data_5641_B
Data_5642_A,Data_5642_B
Data_5643_A,Data_5643_B
Data_5644_A,Data_5644_B
Data_5645_A,Data_5645_B
Data_5646_A,Data_5646_B
Data_5647_A,Data_5647_B
Data_5648_A,Data_5648_B
Data_5649_A,Data_5649_B
Data_5650_A,Data_5650_B
Data_5651_A,Data_5651_B
Data_5652_A,Data_5652_B
Data_5653_A,Data_5653_B
Data_5654_A,Data_5654_B
Data_5655_A,Data_5655_B
Data_5656_A,Data_5656_B
Data_5657_A,Data_5657_B
Data_5658_A,Data_5658_B
Data_5659_A,Data_5659_B
Data_5660_A,Data_5660_B
Data_5661_A,Data_5661_B
Data_5662_A,Data_5662_B
Data_5663_A,Data_5663_B
Data_5664_A,Data_5664_B
Data_5665_A,Data_5665_B
Data_5666_A,Data_5666_B
Data_5667_A,Data_5667_B
Data_5668_A,Data_5668_B
Data_5669_A,Data_5669_B
Data_5670_A,Data_5670_B
Data_5671_A,Data_5671_B
Data_5672_A,Data_5672_B
Data_5673_A,Data_5673_B
Data_5674_A,Data_5674_B
Data_5675_A,Data_5675_B
Data_5676_A,Data_5676_B
Data_5677_A,Data_5677_B
Data_5678_A,Data_5678_B
Data_5679_A,Data_5679_B
Data_5680_A,Data_5680_B
Data_5681_A,Data_5681_B
Data_5682_A,Data_5682_B
Data_5683_A,Data_5683_B
Data_5684_A,Data_5684_B
Data_5685_A,Data_5685_B
Data_5686_A,Data_5686_B
Data_5687_A,Data_5687_B
Data_5688_A,Data_5688_B
Data_5689_A,Data_5689_B
Data_5690_A,Data_5690_B
Data_5691_A,Data_5691_B
Data_5692_A,Data_5692_B
Data_5693_A,Data_5693_B
Data_5694_A,Data_5694_B
Data_5695_A,Data_5695_B
Data_5696_A,Data_5696_B
Data_5697_A,Data_5697_B
Data_5698_A,Data_5698_B
Data_5699_A,Data_5699_B
Data_5700_A,Data_5700_B
Data_5701_A,Data_5701_B
Data_5702_A,Data_5702_B
Data_5703_A,Data_5703_B
Data_5704_A,Data_5704_B
Data_5705_A,Data_5705_B
Data_5706_A,Data_5706_B
Data_5707_A,Data_5707_B
Data_5708_A,Data_5708_B
Data_5709_A,Data_5709_B
Data_5710_A,Data_5710_B
Data_5711_A,Data_5711_B
Data_5712_A,Data_5712_B
Data_5713_A,Data_5713_B
Data_5714_A,Data_5714_B
Data_5715_A,Data_5715_B
Data_5716_A,Data_5716_B
Data_5717_A,Data_5717_B
Data_5718_A,Data_5718_B
Data_5719_A,Data_5719_B
Data_5720_A,Data_5720_B
Data_5721_A,Data_5721_B
Data_5722_A,Data_5722_B
Data_5723_A,Data_5723_B
Data_5724_A,Data_5724_B
Data_5725_A,Data_5725_B
Data_5726_A,Data_5726_B
Data_5727_A,Data_5727_B
Data_5728_A,Data_5728_B
Data_5729_A,Data_5729_B
Data_5730_A,Data_5730_B
Data_5731_A,Data_5731_B
Data_5732_A,Data_5732_B
Data_5733_A,Data_5733_B
Data_5734_A,Data_5734_B
Data_5735_A,Data_5735_B
Data_5736_A,Data_5736_B
Data_5737_A,Data_5737_B
Data_5738_A,Data_5738_B
Data_5739_A,Data_5739_B
Data_5740_A,Data_5740_B
Data_5741_A,Data_5741_B
Data_5742_A,Data_5742_B
Data_5743_A,Data_5743_B
Data_5744_A,Data_5744_B
Data_5745_A,Data_5745_B
Data_5746_A,Data_5746_B
Data_5747_A,Data_5747_B
Data_5748_A,Data_5748_B
Data_5749_A,Data_5749_B
Data_5750_A,Data_5750_B
Data_5751_A,Data_5751_B
Data_5752_A,Data_5752_B
Data_5753_A,Data_5753_B
Data_5754_A,Data_5754_B
Data_5755_A,Data_5755_B
Data_5756_A,Data_5756_B
Data_5757_A,Data_5757_B
Data_5758_A,Data_5758_B
Data_5759_A,Data_5759_B
Data_5760_A,Data_5760_B
Data_5761_A,Data_5761_B
Data_5762_A,Data_5762_B
Data_5763_A,Data_5763_B
Data_5764_A,Data_5764_B
Data_5765_A,Data_5765_B
Data_5766_A,Data_5766_B
Data_5767_A,Data_5767_B
Data_5768_A,Data_5768_B
Data_5769_A,Data_5769_B
Data_5770_A,Data_5770_B
Data_5771_A,Data_5771_B
Data_5772_A,Data_5772_B
Data_5773_A,Data_5773_B
Data_5774_A,Data_5774_B
Data_5775_A,Data_5775_B
Data_5776_A,Data_5776_B
Data_5777_A,Data_5777_B
Data_5778_A,Data_5778_B
Data_5779_A,Data_5779_B
Data_5780_A,Data_5780_B
Data_5781_A,Data_5781_B
Data_5782_A,Data_5782_B
Data_5783_A,Data_5783_B
Data_5784_A,Data_5784_B
Data_5785_A,Data_5785_B
Data_5786_A,Data_5786_B
Data_5787_A,Data_5787_B
Data_5788_A,Data_5788_B
Data_5789_A,Data_5789_B
Data_5790_A,Data_5790_B
Data_5791_A,Data_5791_B
Data_5792_A,Data_5792_B
Data_5793_A,Data_5793_B
Data_5794_A,Data_5794_B
Data_5795_A,Data_5795_B
Data_5796_A,Data_5796_B
Data_5797_A,Data_5797_B
Data_5798_A,Data_5798_B
Data_5799_A,Data_5799_B
Data_5800_A,Data_5800_B
Data_5801_A,Data_5801_B
Data_5802_A,Data_5802_B
Data_5803_A,Data_5803_B
Data_5804_A,Data_5804_B
Data_5805_A,Data_5805_B
Data_5806_A,Data_5806_B
Data_5807_A,Data_5807_B
Data_5808_A,Data_5808_B
Data_5809_A,Data_5809_B
Data_5810_A,Data_5810_B
Data_5811_A,Data_5811_B
Data_5812_A,Data_5812_B
Data_5813_A,Data_5813_B
Data_5814_A,Data_5814_B
Data_5815_A,Data_5815_B
Data_5816_A,Data_5816_B
Data_5817_A,Data_5817_B
Data_5818_A,Data_5818_B
Data_5819_A,Data_5819_B
Data_5820_A,Data_5820_B
Data_5821_A,Data_5821_B
Data_5822_A,Data_5822_B
Data_5823_A,Data_5823_B
Data_5824_A,Data_5824_B
Data_5825_A,Data_5825_B
Data_5826_A,Data_5826_B
Data_5827_A,Data_5827_B
Data_5828_A,Data_5828_B
Data_5829_A,Data_5829_B
Data_5830_A,Data_5830_B
Data_5831_A,Data_5831_B
Data_5832_A,Data_5832_B
Data_5833_A,Data_5833_B
Data_5834_A,Data_5834_B
Data_5835_A,Data_5835_B
Data_5836_A,Data_5836_B
Data_5837_A,Data_5837_B
Data_5838_A,Data_5838_B
Data_5839_A,Data_5839_B
Data_5840_A,Data_5840_B
Data_5841_A,Data_5841_B
Data_5842_A,Data_5842_B
Data_5843_A,Data_5843_B
Data_5844_A,Data_5844_B
Data_5845_A,Data_5845_B
Data_5846_A,Data_5846_B
Data_5847_A,Data_5847_B
Data_5848_A,Data_5848_B
Data_5849_A,Data_5849_B
Data_5850_A,Data_5850_B
Data_5851_A,Data_5851_B
Data_5852_A,Data_5852_B
Data_5853_A,Data_5853_B
Data_5854_A,Data_5854_B
Data_5855_A,Data_5855_B
Data_5856_A,Data_5856_B
Data_5857_A,Data_5857_B
Data_5858_A,Data_5858_B
Data_5859_A,Data_5859_B
Data_5860_A,Data_5860_B
Data_5861_A,Data_5861_B
Data_5862_A,Data_5862_B
Data_5863_A,Data_5863_B
Data_5864_A,Data_5864_B
Data_5865_A,Data_5865_B
Data_5866_A,Data_5866_B
Data_5867_A,Data_5867_B
Data_5868_A,Data_5868_B
Data_5869_A,Data_5869_B
Data_5870_A,Data_5870_B
Data_5871_A,Data_5871_B
Data_5872_A,Data_5872_B
Data_5873_A,Data_5873_B
Data_5874_A,Data_5874_B
Data_5875_A,Data_5875_B
Data_5876_A,Data_5876_B
Data_5877_A,Data_5877_B
Data_5878_A,Data_5878_B
Data_5879_A,Data_5879_B
Data_5880_A,Data_5880_B
Data_5881_A,Data_5881_B
Data_5882_A,Data_5882_B
Data_5883_A,Data_5883_B
Data_5884_A,Data_5884_B
Data_5885_A,Data_5885_B
Data_5886_A,Data_5886_B
Data_5887_A,Data_5887_B
Data_5888_A,Data_5888_B
Data_5889_A,Data_5889_B
Data_5890_A,Data_5890_B
Data_5891_A,Data_5891_B
Data_5892_A,Data_5892_B
Data_5893_A,Data_5893_B
Data_5894_A,Data_5894_B
Data_5895_A,Data_5895_B
Data_5896_A,Data_5896_B
Data_5897_A,Data_5897_B
Data_5898_A,Data_5898_B
Data_5899_A,Data_5899_B
Data_5900_A,Data_5900_B
Data_5901_A,Data_5901_B
Data_5902_A,Data_5902_B
Data_5903_A,Data_5903_B
Data_5904_A,Data_5904_B
Data_5905_A,Data_5905_B
Data_5906_A,Data_5906_B
Data_5907_A,Data_5907_B
Data_5908_A,Data_5908_B
Data_5909_A,Data_5909_B
Data_5910_A,Data_5910_B
Data_5911_A,Data_5911_B
Data_5912_A,Data_5912_B
Data_5913_A,Data_5913_B
Data_5914_A,Data_5914_B
Data_5915_A,Data_5915_B
Data_5916_A,Data_5916_B
Data_5917_A,Data_5917_B
Data_5918_A,Data_5918_B
Data_5919_A,Data_5919_B
Data_5920_A,Data_5920_B
Data_5921_A,Data_5921_B
Data_5922_A,Data_5922_B
Data_5923_A,Data_5923_B
Data_5924_A,Data_5924_B
Data_5925_A,Data_5925_B
Data_5926_A,Data_5926_B
Data_5927_A,Data_5927_B
Data_5928_A,Data_5928_B
Data_5929_A,Data_5929_B
Data_5930_A,Data_5930_B
Data_5931_A,Data_5931_B
Data_5932_A,Data_5932_B
Data_5933_A,Data_5933_B
Data_5934_A,Data_5934_B
Data_5935_A,Data_5935_B
Data_5936_A,Data_5936_B
Data_5937_A,Data_5937_B
Data_5938_A,Data_5938_B
Data_5939_A,Data_5939_B
Data_5940_A,Data_5940_B
Data_5941_A,Data_5941_B
Data_5942_A,Data_5942_B
Data_5943_A,Data_5943_B
Data_5944_A,Data_5944_B
Data_5945_A,Data_5945_B
Data_5946_A,Data_5946_B
Data_5947_A,Data_5947_B
Data_5948_A,Data_5948_B
Data_5949_A,Data_5949_B
Data_5950_A,Data_5950_B
Data_5951_A,Data_5951_B
Data_5952_A,Data_5952_B
Data_5953_A,Data_5953_B
Data_5954_A,Data_5954_B
Data_5955_A,Data_5955_B
Data_5956_A,Data_5956_B
Data_5957_A,Data_5957_B
Data_5958_A,Data_5958_B
Data_5959_A,Data_5959_B
Data_5960_A,Data_5960_B
Data_5961_A,Data_5961_B
Data_5962_A,Data_5962_B
Data_5963_A,Data_5963_B
Data_5964_A,Data_5964_B
Data_5965_A,Data_5965_B
Data_5966_A,Data_5966_B
Data_5967_A,Data_5967_B
Data_5968_A,Data_5968_B
Data_5969_A,Data_5969_B
Data_5970_A,Data_5970_B
Data_5971_A,Data_5971_B
Data_5972_A,Data_5972_B
Data_5973_A,Data_5973_B
Data_5974_A,Data_5974_B
Data_5975_A,Data_5975_B
Data_5976_A,Data_5976_B
Data_5977_A,Data_5977_B
Data_5978_A,Data_5978_B
Data_5979_A,Data_5979_B
Data_5980_A,Data_5980_B
Data_5981_A,Data_5981_B
Data_5982_A,Data_5982_B
Data_5983_A,Data_5983_B
Data_5984_A,Data_5984_B
Data_5985_A,Data_5985_B
Data_5986_A,Data_5986_B
Data_5987_A,Data_5987_B
Data_5988_A,Data_5988_B
Data_5989_A,Data_5989_B
Data_5990_A,Data_5990_B
Data_5991_A,Data_5991_B
Data_5992_A,Data_5992_B
Data_5993_A,Data_5993_B
Data_5994_A,Data_5994_B
Data_5995_A,Data_5995_B
Data_5996_A,Data_5996_B
Data_5997_A,Data_5997_B
Data_5998_A,Data_5998_B
Data_5999_A,Data_5999_B
Data_6000_A,Data_6000_B
Data_6001_A,Data_6001_B
Data_6002_A,Data_6002_B
Data_6003_A,Data_6003_B
Data_6004_A,Data_6004_B
Data_6005_A,Data_6005_B
Data_6006_A,Data_6006_B
Data_6007_A,Data_6007_B
Data_6008_A,Data_6008_B
Data_6009_A,Data_6009_B
Data_6010_A,Data_6010_B
Data_6011_A,Data_6011_B
Data_6012_A,Data_6012_B
Data_6013_A,Data_6013_B
Data_6014_A,Data_6014_B
Data_6015_A,Data_6015_B
Data_6016_A,Data_6016_B
Data_6017_A,Data_6017_B
Data_6018_A,Data_6018_B
Data_6019_A,Data_6019_B
Data_6020_A,Data_6020_B
Data_6021_A,Data_6021_B
Data_6022_A,Data_6022_B
Data_6023_A,Data_6023_B
Data_6024_A,Data_6024_B
Data_6025_A,Data_6025_B
Data_6026_A,Data_6026_B
Data_6027_A,Data_6027_B
Data_6028_A,Data_6028_B
Data_6029_A,Data_6029_B
Data_6030_A,Data_6030_B
Data_6031_A,Data_6031_B
Data_6032_A,Data_6032_B
Data_6033_A,Data_6033_B
Data_6034_A,Data_6034_B
Data_6035_A,Data_6035_B
Data_6036_A,Data_6036_B
Data_6037_A,Data_6037_B
Data_6038_A,Data_6038_B
Data_6039_A,Data_6039_B
Data_6040_A,Data_6040_B
Data_6041_A,Data_6041_B
Data_6042_A,Data_6042_B
Data_6043_A,Data_6043_B
Data_6044_A,Data_6044_B
Data_6045_A,Data_6045_B
Data_6046_A,Data_6046_B
Data_6047_A,Data_6047_B
Data_6048_A,Data_6048_B
Data_6049_A,Data_6049_B
Data_6050_A,Data_6050_B
Data_6051_A,Data_6051_B
Data_6052_A,Data_6052_B
Data_6053_A,Data_6053_B
Data_6054_A,Data_6054_B
Data_6055_A,Data_6055_B
Data_6056_A,Data_6056_B
Data_6057_A,Data_6057_B
Data_6058_A,Data_6058_B
Data_6059_A,Data_6059_B
Data_6060_A,Data_6060_B
Data_6061_A,Data_6061_B
Data_6062_A,Data_6062_B
Data_6063_A,Data_6063_B
Data_6064_A,Data_6064_B
Data_6065_A,Data_6065_B
Data_6066_A,Data_6066_B
Data_6067_A,Data_6067_B
Data_6068_A,Data_6068_B
Data_6069_A,Data_6069_B
Data_6070_A,Data_6070_B
Data_6071_A,Data_6071_B
Data_6072_A,Data_6072_B
Data_6073_A,Data_6073_B
Data_6074_A,Data_6074_B
Data_6075_A,Data_6075_B
Data_6076_A,Data_6076_B
Data_6077_A,Data_6077_B
Data_6078_A,Data_6078_B
Data_6079_A,Data_6079_B
Data_6080_A,Data_6080_B
Data_6081_A,Data_6081_B
Data_6082_A,Data_6082_B
Data_6083_A,Data_6083_B
Data_6084_A,Data_6084_B
Data_6085_A,Data_6085_B
Data_6086_A,Data_6086_B
Data_6087_A,Data_6087_B
Data_6088_A,Data_6088_B
Data_6089_A,Data_6089_B
Data_6090_A,Data_6090_B
Data_6091_A,Data_6091_B
Data_6092_A,Data_6092_B
Data_6093_A,Data_6093_B
Data_6094_A,Data_6094_B
Data_6095_A,Data_6095_B
Data_6096_A,Data_6096_B
Data_6097_A,Data_6097_B
Data_6098_A,Data_6098_B
Data_6099_A,Data_6099_B
Data_6100_A,Data_6100_B
Data_6101_A,Data_6101_B
Data_6102_A,Data_6102_B
Data_6103_A,Data_6103_B
Data_6104_A,Data_6104_B
Data_6105_A,Data_6105_B
Data_6106_A,Data_6106_B
Data_6107_A,Data_6107_B
Data_6108_A,Data_6108_B
Data_6109_A,Data_6109_B
Data_6110_A,Data_6110_B
Data_6111_A,Data_6111_B
Data_6112_A,Data_6112_B
Data_6113_A,Data_6113_B
Data_6114_A,Data_6114_B
Data_6115_A,Data_6115_B
Data_6116_A,Data_6116_B
Data_6117_A,Data_6117_B
Data_6118_A,Data_6118_B
Data_6119_A,Data_6119_B
Data_6120_A,Data_6120_B
Data_6121_A,Data_6121_B
Data_6122_A,Data_6122_B
Data_6123_A,Data_6123_B
Data_6124_A,Data_6124_B
Data_6125_A,Data_6125_B
Data_6126_A,Data_6126_B
Data_6127_A,Data_6127_B
Data_6128_A,Data_6128_B
Data_6129_A,Data_6129_B
Data_6130_A,Data_6130_B
Data_6131_A,Data_6131_B
Data_6132_A,Data_6132_B
Data_6133_A,Data_6133_B
Data_6134_A,Data_6134_B
Data_6135_A,Data_6135_B
Data_6136_A,Data_6136_B
Data_6137_A,Data_6137_B
Data_6138_A,Data_6138_B
Data_6139_A,Data_6139_B
Data_6140_A,Data_6140_B
Data_6141_A,Data_6141_B
Data_6142_A,Data_6142_B
Data_6143_A,Data_6143_B
Data_6144_A,Data_6144_B
Data_6145_A,Data_6145_B
Data_6146_A,Data_6146_B
Data_6147_A,Data_6147_B
Data_6148_A,Data_6148_B
Data_6149_A,Data_6149_B
Data_6150_A,Data_6150_B
Data_6151_A,Data_6151_B
Data_6152_A,Data_6152_B
Data_6153_A,Data_6153_B
Data_6154_A,Data_6154_B
Data_6155_A,Data_6155_B
Data_6156_A,Data_6156_B
Data_6157_A,Data_6157_B
Data_6158_A,Data_6158_B
Data_6159_A,Data_6159_B
Data_6160_A,Data_6160_B
Data_6161_A,Data_6161_B
Data_6162_A,Data_6162_B
Data_6163_A,Data_6163_B
Data_6164_A,Data_6164_B
Data_6165_A,Data_6165_B
Data_6166_A,Data_6166_B
Data_6167_A,Data_6167_B
Data_6168_A,Data_6168_B
Data_6169_A,Data_6169_B
Data_6170_A,Data_6170_B
Data_6171_A,Data_6171_B
Data_6172_A,Data_6172_B
Data_6173_A,Data_6173_B
Data_6174_A,Data_6174_B
Data_6175_A,Data_6175_B
Data_6176_A,Data_6176_B
Data_6177_A,Data_6177_B
Data_6178_A,Data_6178_B
Data_6179_A,Data_6179_B
Data_6180_A,Data_6180_B
Data_6181_A,Data_6181_B
Data_6182_A,Data_6182_B
Data_6183_A,Data_6183_B
Data_6184_A,Data_6184_B
Data_6185_A,Data_6185_B
Data_6186_A,Data_6186_B
Data_6187_A,Data_6187_B
Data_6188_A,Data_6188_B
Data_6189_A,Data_6189_B
Data_6190_A,Data_6190_B
Data_6191_A,Data_6191_B
Data_6192_A,Data_6192_B
Data_6193_A,Data_6193_B
Data_6194_A,Data_6194_B
Data_6195_A,Data_6195_B
Data_6196_A,Data_6196_B
Data_6197_A,Data_6197_B
Data_6198_A,Data_6198_B
Data_6199_A,Data_6199_B
Data_6200_A,Data_6200_B
Data_6201_A,Data_6201_B
Data_6202_A,Data_6202_B
Data_6203_A,Data_6203_B
Data_6204_A,Data_6204_B
Data_6205_A,Data_6205_B
Data_6206_A,Data_6206_B
Data_6207_A,Data_6207_B
Data_6208_A,Data_6208_B
Data_6209_A,Data_6209_B
Data_6210_A,Data_6210_B
Data_6211_A,Data_6211_B
Data_6212_A,Data_6212_B
Data_6213_A,Data_6213_B
Data_6214_A,Data_6214_B
Data_6215_A,Data_6215_B
Data_6216_A,Data_6216_B
Data_6217_A,Data_6217_B
Data_6218_A,Data_6218_B
Data_6219_A,Data_6219_B
Data_6220_A,Data_6220_B
Data_6221_A,Data_6221_B
Data_6222_A,Data_6222_B
Data_6223_A,Data_6223_B
Data_6224_A,Data_6224_B
Data_6225_A,Data_6225_B
Data_6226_A,Data_6226_B
Data_6227_A,Data_6227_B
Data_6228_A,Data_6228_B
Data_6229_A,Data_6229_B
Data_6230_A,Data_6230_B
Data_6231_A,Data_6231_B
Data_6232_A,Data_6232_B
Data_6233_A,Data_6233_B
Data_6234_A,Data_6234_B
Data_6235_A,Data_6235_B
Data_6236_A,Data_6236_B
Data_6237_A,Data_6237_B
Data_6238_A,Data_6238_B
Data_6239_A,Data_6239_B
Data_6240_A,Data_6240_B
Data_6241_A,Data_6241_B
Data_6242_A,Data_6242_B
Data_6243_A,Data_6243_B
Data_6244_A,Data_6244_B
Data_6245_A,Data_6245_B
Data_6246_A,Data_6246_B
Data_6247_A,Data_6247_B
Data_6248_A,Data_6248_B
Data_6249_A,Data_6249_B
Data_6250_A,Data_6250_B
Data_6251_A,Data_6251_B
Data_6252_A,Data_6252_B
Data_6253_A,Data_6253_B
Data_6254_A,Data_6254_B
Data_6255_A,Data_6255_B
Data_6256_A,Data_6256_B
Data_6257_A,Data_6257_B
Data_6258_A,Data_6258_B
Data_6259_A,Data_6259_B
Data_6260_A,Data_6260_B
Data_6261_A,Data_6261_B
Data_6262_A,Data_6262_B
Data_6263_A,Data_6263_B
Data_6264_A,Data_6264_B
Data_6265_A,Data_6265_B
Data_6266_A,Data_6266_B
Data_6267_A,Data_6267_B
Data_6268_A,Data_6268_B
Data_6269_A,Data_6269_B
Data_6270_A,Data_6270_B
Data_6271_A,Data_6271_B
Data_6272_A,Data_6272_B
Data_6273_A,Data_6273_B
Data_6274_A,Data_6274_B
Data_6275_A,Data_6275_B
Data_6276_A,Data_6276_B
Data_6277_A,Data_6277_B
Data_6278_A,Data_6278_B
Data_6279_A,Data_6279_B
Data_6280_A,Data_6280_B
Data_6281_A,Data_6281_B
Data_6282_A,Data_6282_B
Data_6283_A,Data_6283_B
Data_6284_A,Data_6284_B
Data_6285_A,Data_6285_B
Data_6286_A,Data_6286_B
Data_6287_A,Data_6287_B
Data_6288_A,Data_6288_B
Data_6289_A,Data_6289_B
Data_6290_A,Data_6290_B
Data_6291_A,Data_6291_B
Data_6292_A,Data_6292_B
Data_6293_A,Data_6293_B
Data_6294_A,Data_6294_B
Data_6295_A,Data_6295_B
Data_6296_A,Data_6296_B
Data_6297_A,Data_6297_B
Data_6298_A,Data_6298_B
Data_6299_A,Data_6299_B
Data_6300_A,Data_6300_B
Data_6301_A,Data_6301_B
Data_6302_A,Data_6302_B
Data_6303_A,Data_6303_B
Data_6304_A,Data_6304_B
Data_6305_A,Data_6305_B
Data_6306_A,Data_6306_B
Data_6307_A,Data_6307_B
Data_6308_A,Data_6308_B
Data_6309_A,Data_6309_B
Data_6310_A,Data_6310_B
Data_6311_A,Data_6311_B
Data_6312_A,Data_6312_B
Data_6313_A,Data_6313_B
Data_6314_A,Data_6314_B
Data_6315_A,Data_6315_B
Data_6316_A,Data_6316_B
Data_6317_A,Data_6317_B
Data_6318_A,Data_6318_B
Data_6319_A,Data_6319_B
Data_6320_A,Data_6320_B
Data_6321_A,Data_6321_B
Data_6322_A,Data_6322_B
Data_6323_A,Data_6323_B
Data_6324_A,Data_6324_B
Data_6325_A,Data_6325_B
Data_6326_A,Data_6326_B
Data_6327_A,Data_6327_B
Data_6328_A,Data_6328_B
Data_6329_A,Data_6329_B
Data_6330_A,Data_6330_B
Data_6331_A,Data_6331_B
Data_6332_A,Data_6332_B
Data_6333_A,Data_6333_B
Data_6334_A,Data_6334_B
Data_6335_A,Data_6335_B
Data_6336_A,Data_6336_B
Data_6337_A,Data_6337_B
Data_6338_A,Data_6338_B
Data_6339_A,Data_6339_B
Data_6340_A,Data_6340_B
Data_6341_A,Data_6341_B
Data_6342_A,Data_6342_B
Data_6343_A,Data_6343_B
Data_6344_A,Data_6344_B
Data_6345_A,Data_6345_B
Data_6346_A,Data_6346_B
Data_6347_A,Data_6347_B
Data_6348_A,Data_6348_B
Data_6349_A,Data_6349_B
Data_6350_A,Data_6350_B
Data_6351_A,Data_6351_B
Data_6352_A,Data_6352_B
Data_6353_A,Data_6353_B
Data_6354_A,Data_6354_B
Data_6355_A,Data_6355_B
Data_6356_A,Data_6356_B
Data_6357_A,Data_6357_B
Data_6358_A,Data_6358_B
Data_6359_A,Data_6359_B
Data_6360_A,Data_6360_B
Data_6361_A,Data_6361_B
Data_6362_A,Data_6362_B
Data_6363_A,Data_6363_B
Data_6364_A,Data_6364_B
Data_6365_A,Data_6365_B
Data_6366_A,Data_6366_B
Data_6367_A,Data_6367_B
Data_6368_A,Data_6368_B
Data_6369_A,Data_6369_B
Data_6370_A,Data_6370_B
Data_6371_A,Data_6371_B
Data_6372_A,Data_6372_B
Data_6373_A,Data_6373_B
Data_6374_A,Data_6374_B
Data_6375_A,Data_6375_B
Data_6376_A,Data_6376_B
Data_6377_A,Data_6377_B
Data_6378_A,Data_6378_B
Data_6379_A,Data_6379_B
Data_6380_A,Data_6380_B
Data_6381_A,Data_6381_B
Data_6382_A,Data_6382_B
Data_6383_A,Data_6383_B
Data_6384_A,Data_6384_B
Data_6385_A,Data_6385_B
Data_6386_A,Data_6386_B
Data_6387_A,Data_6387_B
Data_6388_A,Data_6388_B
Data_6389_A,Data_6389_B
Data_6390_A,Data_6390_B
Data_6391_A,Data_6391_B
Data_6392_A,Data_6392_B
Data_6393_A,Data_6393_B
Data_6394_A,Data_6394_B
Data_6395_A,Data_6395_B
Data_6396_A,Data_6396_B
Data_6397_A,Data_6397_B
Data_6398_A,Data_6398_B
Data_6399_A,Data_6399_B
Data_6400_A,Data_6400_B
Data_6401_A,Data_6401_B
Data_6402_A,Data_6402_B
Data_6403_A,Data_6403_B
Data_6404_A,Data_6404_B
Data_6405_A,Data_6405_B
Data_6406_A,Data_6406_B
Data_6407_A,Data_6407_B
Data_6408_A,Data_6408_B
Data_6409_A,Data_6409_B
Data_6410_A,Data_6410_B
Data_6411_A,Data_6411_B
Data_6412_A,Data_6412_B
Data_6413_A,Data_6413_B
Data_6414_A,Data_6414_B
Data_6415_A,Data_6415_B
Data_6416_A,Data_6416_B
Data_6417_A,Data_6417_B
Data_6418_A,Data_6418_B
Data_6419_A,Data_6419_B
Data_6420_A,Data_6420_B
Data_6421_A,Data_6421_B
Data_6422_A,Data_6422_B
Data_6423_A,Data_6423_B
Data_6424_A,Data_6424_B
Data_6425_A,Data_6425_B
Data_6426_A,Data_6426_B
Data_6427_A,Data_6427_B
Data_6428_A,Data_6428_B
Data_6429_A,Data_6429_B
Data_6430_A,Data_6430_B
Data_6431_A,Data_6431_B
Data_6432_A,Data_6432_B
Data_6433_A,Data_6433_B
Data_6434_A,Data_6434_B
Data_6435_A,Data_6435_B
Data_6436_A,Data_6436_B
Data_6437_A,Data_6437_B
Data_6438_A,Data_6438_B
Data_6439_A,Data_6439_B
Data_6440_A,Data_6440_B
Data_6441_A,Data_6441_B
Data_6442_A,Data_6442_B
Data_6443_A,Data_6443_B
Data_6444_A,Data_6444_B
Data_6445_A,Data_6445_B
Data_6446_A,Data_6446_B
Data_6447_A,Data_6447_B
Data_6448_A,Data_6448_B
Data_6449_A,Data_6449_B
Data_6450_A,Data_6450_B
Data_6451_A,Data_6451_B
Data_6452_A,Data_6452_B
Data_6453_A,Data_6453_B
Data_6454_A,Data_6454_B
Data_6455_A,Data_6455_B
Data_6456_A,Data_6456_B
Data_6457_A,Data_6457_B
Data_6458_A,Data_6458_B
Data_6459_A,Data_6459_B
Data_6460_A,Data_6460_B
Data_6461_A,Data_6461_B
Data_6462_A,Data_6462_B
Data_6463_A,Data_6463_B
Data_6464_A,Data_6464_B
Data_6465_A,Data_6465_B
Data_6466_A,Data_6466_B
Data_6467_A,Data_6467_B
Data_6468_A,Data_6468_B
Data_6469_A,Data_6469_B
Data_6470_A,Data_6470_B
Data_6471_A,Data_6471_B
Data_6472_A,Data_6472_B
Data_6473_A,Data_6473_B
Data_6474_A,Data_6474_B
Data_6475_A,Data_6475_B
Data_6476_A,Data_6476_B
Data_6477_A,Data_6477_B
Data_6478_A,Data_6478_B
Data_6479_A,Data_6479_B
Data_6480_A,Data_6480_B
Data_6481_A,Data_6481_B
Data_6482_A,Data_6482_B
Data_6483_A,Data_6483_B
Data_6484_A,Data_6484_B
Data_6485_A,Data_6485_B
Data_6486_A,Data_6486_B
Data_6487_A,Data_6487_B
Data_6488_A,Data_6488_B
Data_6489_A,Data_6489_B
Data_6490_A,Data_6490_B
Data_6491_A,Data_6491_B
Data_6492_A,Data_6492_B
Data_6493_A,Data_6493_B
Data_6494_A,Data_6494_B
Data_6495_A,Data_6495_B
Data_6496_A,Data_6496_B
Data_6497_A,Data_6497_B
Data_6498_A,Data_6498_B
Data_6499_A,Data_6499_B
Data_6500_A,Data_6500_B
Data_6501_A,Data_6501_B
Data_6502_A,Data_6502_B
Data_6503_A,Data_6503_B
Data_6504_A,Data_6504_B
Data_6505_A,Data_6505_B
Data_6506_A,Data_6506_B
Data_6507_A,Data_6507_B
Data_6508_A,Data_6508_B
Data_6509_A,Data_6509_B
Data_6510_A,Data_6510_B
Data_6511_A,Data_6511_B
Data_6512_A,Data_6512_B
Data_6513_A,Data_6513_B
Data_6514_A,Data_6514_B
Data_6515_A,Data_6515_B
Data_6516_A,Data_6516_B
Data_6517_A,Data_6517_B
Data_6518_A,Data_6518_B
Data_6519_A,Data_6519_B
Data_6520_A,Data_6520_B
Data_6521_A,Data_6521_B
Data_6522_A,Data_6522_B
Data_6523_A,Data_6523_B
Data_6524_A,Data_6524_B
Data_6525_A,Data_6525_B
Data_6526_A,Data_6526_B
Data_6527_A,Data_6527_B
Data_6528_A,Data_6528_B
Data_6529_A,Data_6529_B
Data_6530_A,Data_6530_B
Data_6531_A,Data_6531_B
Data_6532_A,Data_6532_B
Data_6533_A,Data_6533_B
Data_6534_A,Data_6534_B
Data_6535_A,Data_6535_B
Data_6536_A,Data_6536_B
Data_6537_A,Data_6537_B
Data_6538_A,Data_6538_B
Data_6539_A,Data_6539_B
Data_6540_A,Data_6540_B
Data_6541_A,Data_6541_B
Data_6542_A,Data_6542_B
Data_6543_A,Data_6543_B
Data_6544_A,Data_6544_B
Data_6545_A,Data_6545_B
Data_6546_A,Data_6546_B
Data_6547_A,Data_6547_B
Data_6548_A,Data_6548_B
Data_6549_A,Data_6549_B
Data_6550_A,Data_6550_B
Data_6551_A,Data_6551_B
Data_6552_A,Data_6552_B
Data_6553_A,Data_6553_B
Data_6554_A,Data_6554_B
Data_6555_A,Data_6555_B
Data_6556_A,Data_6556_B
Data_6557_A,Data_6557_B
Data_6558_A,Data_6558_B
Data_6559_A,Data_6559_B
Data_6560_A,Data_6560_B
Data_6561_A,Data_6561_B
Data_6562_A,Data_6562_B
Data_6563_A,Data_6563_B
Data_6564_A,Data_6564_B
Data_6565_A,Data_6565_B
Data_6566_A,Data_6566_B
Data_6567_A,Data_6567_B
Data_6568_A,Data_6568_B
Data_6569_A,Data_6569_B
Data_6570_A,Data_6570_B
Data_6571_A,Data_6571_B
Data_6572_A,Data_6572_B
Data_6573_A,Data_6573_B
Data_6574_A,Data_6574_B
Data_6575_A,Data_6575_B
Data_6576_A,Data_6576_B
Data_6577_A,Data_6577_B
Data_6578_A,Data_6578_B
Data_6579_A,Data_6579_B
Data_6580_A,Data_6580_B
Data_6581_A,Data_6581_B
Data_6582_A,Data_6582_B
Data_6583_A,Data_6583_B
Data_6584_A,Data_6584_B
Data_6585_A,Data_6585_B
Data_6586_A,Data_6586_B
Data_6587_A,Data_6587_B
Data_6588_A,Data_6588_B
Data_6589_A,Data_6589_B
Data_6590_A,Data_6590_B
Data_6591_A,Data_6591_B
Data_6592_A,Data_6592_B
Data_6593_A,Data_6593_B
Data_6594_A,Data_6594_B
Data_6595_A,Data_6595_B
Data_6596_A,Data_6596_B
Data_6597_A,Data_6597_B
Data_6598_A,Data_6598_B
Data_6599_A,Data_6599_B
Data_6600_A,Data_6600_B
Data_6601_A,Data_6601_B
Data_6602_A,Data_6602_B
Data_6603_A,Data_6603_B
Data_6604_A,Data_6604_B
Data_6605_A,Data_6605_B
Data_6606_A,Data_6606_B
Data_6607_A,Data_6607_B
Data_6608_A,Data_6608_B
Data_6609_A,Data_6609_B
Data_6610_A,Data_6610_B
Data_6611_A,Data_6611_B
Data_6612_A,Data_6612_B
Data_6613_A,Data_6613_B
Data_6614_A,Data_6614_B
Data_6615_A,Data_6615_B
Data_6616_A,Data_6616_B
Data_6617_A,Data_6617_B
Data_6618_A,Data_6618_B
Data_6619_A,Data_6619_B
Data_6620_A,Data_6620_B
Data_6621_A,Data_6621_B
Data_6622_A,Data_6622_B
Data_6623_A,Data_6623_B
Data_6624_A,Data_6624_B
Data_6625_A,Data_6625_B
Data_6626_A,Data_6626_B
Data_6627_A,Data_6627_B
Data_6628_A,Data_6628_B
Data_6629_A,Data_6629_B
Data_6630_A,Data_6630_B
Data_6631_A,Data_6631_B
Data_6632_A,Data_6632_B
Data_6633_A,Data_6633_B
Data_6634_A,Data_6634_B
Data_6635_A,Data_6635_B
Data_6636_A,Data_6636_B
Data_6637_A,Data_6637_B
Data_6638_A,Data_6638_B
Data_6639_A,Data_6639_B
Data_6640_A,Data_6640_B
Data_6641_A,Data_6641_B
Data_6642_A,Data_6642_B
Data_6643_A,Data_6643_B
Data_6644_A,Data_6644_B
Data_6645_A,Data_6645_B
Data_6646_A,Data_6646_B
Data_6647_A,Data_6647_B
Data_6648_A,Data_6648_B
Data_6649_A,Data_6649_B
Data_6650_A,Data_6650_B
Data_6651_A,Data_6651_B
Data_6652_A,Data_6652_B
Data_6653_A,Data_6653_B
Data_6654_A,Data_6654_B
Data_6655_A,Data_6655_B
Data_6656_A,Data_6656_B
Data_6657_A,Data_6657_B
Data_6658_A,Data_6658_B
Data_6659_A,Data_6659_B
Data_6660_A,Data_6660_B
Data_6661_A,Data_6661_B
Data_6662_A,Data_6662_B
Data_6663_A,Data_6663_B
Data_6664_A,Data_6664_B
Data_6665_A,Data_6665_B
Data_6666_A,Data_6666_B
Data_6667_A,Data_6667_B
Data_6668_A,Data_6668_B
Data_6669_A,Data_6669_B
Data_6670_A,Data_6670_B
Data_6671_A,Data_6671_B
Data_6672_A,Data_6672_B
Data_6673_A,Data_6673_B
Data_6674_A,Data_6674_B
Data_6675_A,Data_6675_B
Data_6676_A,Data_6676_B
Data_6677_A,Data_6677_B
Data_6678_A,Data_6678_B
Data_6679_A,Data_6679_B
Data_6680_A,Data_6680_B
Data_6681_A,Data_6681_B
Data_6682_A,Data_6682_B
Data_6683_A,Data_6683_B
Data_6684_A,Data_6684_B
Data_6685_A,Data_6685_B
Data_6686_A,Data_6686_B
Data_6687_A,Data_6687_B
Data_6688_A,Data_6688_B
Data_6689_A,Data_6689_B
Data_6690_A,Data_6690_B
Data_6691_A,Data_6691_B
Data_6692_A,Data_6692_B
Data_6693_A,Data_6693_B
Data_6694_A,Data_6694_B
Data_6695_A,Data_6695_B
Data_6696_A,Data_6696_B
Data_6697_A,Data_6697_B
Data_6698_A,Data_6698_B
Data_6699_A,Data_6699_B
Data_6700_A,Data_6700_B
Data_6701_A,Data_6701_B
Data_6702_A,Data_6702_B
Data_6703_A,Data_6703_B
Data_6704_A,Data_6704_B
Data_6705_A,Data_6705_B
Data_6706_A,Data_6706_B
Data_6707_A,Data_6707_B
Data_6708_A,Data_6708_B
Data_6709_A,Data_6709_B
Data_6710_A,Data_6710_B
Data_6711_A,Data_6711_B
Data_6712_A,Data_6712_B
Data_6713_A,Data_6713_B
Data_6714_A,Data_6714_B
Data_6715_A,Data_6715_B
Data_6716_A,Data_6716_B
Data_6717_A,Data_6717_B
Data_6718_A,Data_6718_B
Data_6719_A,Data_6719_B
Data_6720_A,Data_6720_B
Data_6721_A,Data_6721_B
Data_6722_A,Data_6722_B
Data_6723_A,Data_6723_B
Data_6724_A,Data_6724_B
Data_6725_A,Data_6725_B
Data_6726_A,Data_6726_B
Data_6727_A,Data_6727_B
Data_6728_A,Data_6728_B
Data_6729_A,Data_6729_B
Data_6730_A,Data_6730_B
Data_6731_A,Data_6731_B
Data_6732_A,Data_6732_B
Data_6733_A,Data_6733_B
Data_6734_A,Data_6734_B
Data_6735_A,Data_6735_B
Data_6736_A,Data_6736_B
Data_6737_A,Data_6737_B
Data_6738_A,Data_6738_B
Data_6739_A,Data_6739_B
Data_6740_A,Data_6740_B
Data_6741_A,Data_6741_B
Data_6742_A,Data_6742_B
Data_6743_A,Data_6743_B
Data_6744_A,Data_6744_B
Data_6745_A,Data_6745_B
Data_6746_A,Data_6746_B
Data_6747_A,Data_6747_B
Data_6748_A,Data_6748_B
Data_6749_A,Data_6749_B
Data_6750_A,Data_6750_B
Data_6751_A,Data_6751_B
Data_6752_A,Data_6752_B
Data_6753_A,Data_6753_B
Data_6754_A,Data_6754_B
Data_6755_A,Data_6755_B
Data_6756_A,Data_6756_B
Data_6757_A,Data_6757_B
Data_6758_A,Data_6758_B
Data_6759_A,Data_6759_B
Data_6760_A,Data_6760_B
Data_6761_A,Data_6761_B
Data_6762_A,Data_6762_B
Data_6763_A,Data_6763_B
Data_6764_A,Data_6764_B
Data_6765_A,Data_6765_B
Data_6766_A,Data_6766_B
Data_6767_A,Data_6767_B
Data_6768_A,Data_6768_B
Data_6769_A,Data_6769_B
Data_6770_A,Data_6770_B
Data_6771_A,Data_6771_B
Data_6772_A,Data_6772_B
Data_6773_A,Data_6773_B
Data_6774_A,Data_6774_B
Data_6775_A,Data_6775_B
Data_6776_A,Data_6776_B
Data_6777_A,Data_6777_B
Data_6778_A,Data_6778_B
Data_6779_A,Data_6779_B
Data_6780_A,Data_6780_B
Data_6781_A,Data_6781_B
Data_6782_A,Data_6782_B
Data_6783_A,Data_6783_B
Data_6784_A,Data_6784_B
Data_6785_A,Data_6785_B
Data_6786_A,Data_6786_B
Data_6787_A,Data_6787_B
Data_6788_A,Data_6788_B
Data_6789_A,Data_6789_B
Data_6790_A,Data_6790_B
Data_6791_A,Data_6791_B
Data_6792_A,Data_6792_B
Data_6793_A,Data_6793_B
Data_6794_A,Data_6794_B
Data_6795_A,Data_6795_B
Data_6796_A,Data_6796_B
Data_6797_A,Data_6797_B
Data_6798_A,Data_6798_B
Data_6799_A,Data_6799_B
Data_6800_A,Data_6800_B
Data_6801_A,Data_6801_B
Data_6802_A,Data_6802_B
Data_6803_A,Data_6803_B
Data_6804_A,Data_6804_B
Data_6805_A,Data_6805_B
Data_6806_A,Data_6806_B
Data_6807_A,Data_6807_B
Data_6808_A,Data_6808_B
Data_6809_A,Data_6809_B
Data_6810_A,Data_6810_B
Data_6811_A,Data_6811_B
Data_6812_A,Data_6812_B
Data_6813_A,Data_6813_B
Data_6814_A,Data_6814_B
Data_6815_A,Data_6815_B
Data_6816_A,Data_6816_B
Data_6817_A,Data_6817_B
Data_6818_A,Data_6818_B
Data_6819_A,Data_6819_B
Data_6820_A,Data_6820_B
Data_6821_A,Data_6821_B
Data_6822_A,Data_6822_B
Data_6823_A,Data_6823_B
Data_6824_A,Data_6824_B
Data_6825_A,Data_6825_B
Data_6826_A,Data_6826_B
Data_6827_A,Data_6827_B
Data_6828_A,Data_6828_B
Data_6829_A,Data_6829_B
Data_6830_A,Data_6830_B
Data_6831_A,Data_6831_B
Data_6832_A,Data_6832_B
Data_6833_A,Data_6833_B
Data_6834_A,Data_6834_B
Data_6835_A,Data_6835_B
Data_6836_A,Data_6836_B
Data_6837_A,Data_6837_B
Data_6838_A,Data_6838_B
Data_6839_A,Data_6839_B
Data_6840_A,Data_6840_B
Data_6841_A,Data_6841_B
Data_6842_A,Data_6842_B
Data_6843_A,Data_6843_B
Data_6844_A,Data_6844_B
Data_6845_A,Data_6845_B
Data_6846_A,Data_6846_B
Data_6847_A,Data_6847_B
Data_6848_A,Data_6848_B
Data_6849_A,Data_6849_B
Data_6850_A,Data_6850_B
Data_6851_A,Data_6851_B
Data_6852_A,Data_6852_B
Data_6853_A,Data_6853_B
Data_6854_A,Data_6854_B
Data_6855_A,Data_6855_B
Data_6856_A,Data_6856_B
Data_6857_A,Data_6857_B
Data_6858_A,Data_6858_B
Data_6859_A,Data_6859_B
Data_6860_A,Data_6860_B
Data_6861_A,Data_6861_B
Data_6862_A,Data_6862_B
Data_6863_A,Data_6863_B
Data_6864_A,Data_6864_B
Data_6865_A,Data_6865_B
Data_6866_A,Data_6866_B
Data_6867_A,Data_6867_B
Data_6868_A,Data_6868_B
Data_6869_A,Data_6869_B
Data_6870_A,Data_6870_B
Data_6871_A,Data_6871_B
Data_6872_A,Data_6872_B
Data_6873_A,Data_6873_B
Data_6874_A,Data_6874_B
Data_6875_A,Data_6875_B
Data_6876_A,Data_6876_B
Data_6877_A,Data_6877_B
Data_6878_A,Data_6878_B
Data_6879_A,Data_6879_B
Data_6880_A,Data_6880_B
Data_6881_A,Data_6881_B
Data_6882_A,Data_6882_B
Data_6883_A,Data_6883_B
Data_6884_A,Data_6884_B
Data_6885_A,Data_6885_B
Data_6886_A,Data_6886_B
Data_6887_A,Data_6887_B
Data_6888_A,Data_6888_B
Data_6889_A,Data_6889_B
Data_6890_A,Data_6890_B
Data_6891_A,Data_6891_B
Data_6892_A,Data_6892_B
Data_6893_A,Data_6893_B
Data_6894_A,Data_6894_B
Data_6895_A,Data_6895_B
Data_6896_A,Data_6896_B
Data_6897_A,Data_6897_B
Data_6898_A,Data_6898_B
Data_6899_A,Data_6899_B
Data_6900_A,Data_6900_B
Data_6901_A,Data_6901_B
Data_6902_A,Data_6902_B
Data_6903_A,Data_6903_B
Data_6904_A,Data_6904_B
Data_6905_A,Data_6905_B
Data_6906_A,Data_6906_B
Data_6907_A,Data_6907_B
Data_6908_A,Data_6908_B
Data_6909_A,Data_6909_B
Data_6910_A,Data_6910_B
Data_6911_A,Data_6911_B
Data_6912_A,Data_6912_B
Data_6913_A,Data_6913_B
Data_6914_A,Data_6914_B
Data_6915_A,Data_6915_B
Data_6916_A,Data_6916_B
Data_6917_A,Data_6917_B
Data_6918_A,Data_6918_B
Data_6919_A,Data_6919_B
Data_6920_A,Data_6920_B
Data_6921_A,Data_6921_B
Data_6922_A,Data_6922_B
Data_6923_A,Data_6923_B
Data_6924_A,Data_6924_B
Data_6925_A,Data_6925_B
Data_6926_A,Data_6926_B
Data_6927_A,Data_6927_B
Data_6928_A,Data_6928_B
Data_6929_A,Data_6929_B
Data_6930_A,Data_6930_B
Data_6931_A,Data_6931_B
Data_6932_A,Data_6932_B
Data_6933_A,Data_6933_B
Data_6934_A,Data_6934_B
Data_6935_A,Data_6935_B
Data_6936_A,Data_6936_B
Data_6937_A,Data_6937_B
Data_6938_A,Data_6938_B
Data_6939_A,Data_6939_B
Data_6940_A,Data_6940_B
Data_6941_A,Data_6941_B
Data_6942_A,Data_6942_B
Data_6943_A,Data_6943_B
Data_6944_A,Data_6944_B
Data_6945_A,Data_6945_B
Data_6946_A,Data_6946_B
Data_6947_A,Data_6947_B
Data_6948_A,Data_6948_B
Data_6949_A,Data_6949_B
Data_6950_A,Data_6950_B
Data_6951_A,Data_6951_B
Data_6952_A,Data_6952_B
Data_6953_A,Data_6953_B
Data_6954_A,Data_6954_B
Data_6955_A,Data_6955_B
Data_6956_A,Data_6956_B
Data_6957_A,Data_6957_B
Data_6958_A,Data_6958_B
Data_6959_A,Data_6959_B
Data_6960_A,Data_6960_B
Data_6961_A,Data_6961_B
Data_6962_A,Data_6962_B
Data_6963_A,Data_6963_B
Data_6964_A,Data_6964_B
Data_6965_A,Data_6965_B
Data_6966_A,Data_6966_B
Data_6967_A,Data_6967_B
Data_6968_A,Data_6968_B
Data_6969_A,Data_6969_B
Data_6970_A,Data_6970_B
Data_6971_A,Data_6971_B
Data_6972_A,Data_6972_B
Data_6973_A,Data_6973_B
Data_6974_A,Data_6974_B
Data_6975_A,Data_6975_B
Data_6976_A,Data_6976_B
Data_6977_A,Data_6977_B
Data_6978_A,Data_6978_B
Data_6979_A,Data_6979_B
Data_6980_A,Data_6980_B
Data_6981_A,Data_6981_B
Data_6982_A,Data_6982_B
Data_6983_A,Data_6983_B
Data_6984_A,Data_6984_B
Data_6985_A,Data_6985_B
Data_6986_A,Data_6986_B
Data_6987_A,Data_6987_B
Data_6988_A,Data_6988_B
Data_6989_A,Data_6989_B
Data_6990_A,Data_6990_B
Data_6991_A,Data_6991_B
Data_6992_A,Data_6992_B
Data_6993_A,Data_6993_B
Data_6994_A,Data_6994_B
Data_6995_A,Data_6995_B
Data_6996_A,Data_6996_B
Data_6997_A,Data_6997_B
Data_6998_A,Data_6998_B
Data_6999_A,Data_6999_B
Data_7000_A,Data_7000_B
Data_7001_A,Data_7001_B
Data_7002_A,Data_7002_B
Data_7003_A,Data_7003_B
Data_7004_A,Data_7004_B
Data_7005_A,Data_7005_B
Data_7006_A,Data_7006_B
Data_7007_A,Data_7007_B
Data_7008_A,Data_7008_B
Data_7009_A,Data_7009_B
Data_7010_A,Data_7010_B
Data_7011_A,Data_7011_B
Data_7012_A,Data_7012_B
Data_7013_A,Data_7013_B
Data_7014_A,Data_7014_B
Data_7015_A,Data_7015_B
Data_7016_A,Data_7016_B
Data_7017_A,Data_7017_B
Data_7018_A,Data_7018_B
Data_7019_A,Data_7019_B
Data_7020_A,Data_7020_B
Data_7021_A,Data_7021_B
Data_7022_A,Data_7022_B
Data_7023_A,Data_7023_B
Data_7024_A,Data_7024_B
Data_7025_A,Data_7025_B
Data_7026_A,Data_7026_B
Data_7027_A,Data_7027_B
Data_7028_A,Data_7028_B
Data_7029_A,Data_7029_B
Data_7030_A,Data_7030_B
Data_7031_A,Data_7031_B
Data_7032_A,Data_7032_B
Data_7033_A,Data_7033_B
Data_7034_A,Data_7034_B
Data_7035_A,Data_7035_B
Data_7036_A,Data_7036_B
Data_7037_A,Data_7037_B
Data_7038_A,Data_7038_B
Data_7039_A,Data_7039_B
Data_7040_A,Data_7040_B
Data_7041_A,Data_7041_B
Data_7042_A,Data_7042_B
Data_7043_A,Data_7043_B
Data_7044_A,Data_7044_B
Data_7045_A,Data_7045_B
Data_7046_A,Data_7046_B
Data_7047_A,Data_7047_B
Data_7048_A,Data_7048_B
Data_7049_A,Data_7049_B
Data_7050_A,Data_7050_B
Data_7051_A,Data_7051_B
Data_7052_A,Data_7052_B
Data_7053_A,Data_7053_B
Data_7054_A,Data_7054_B
Data_7055_A,Data_7055_B
Data_7056_A,Data_7056_B
Data_7057_A,Data_7057_B
Data_7058_A,Data_7058_B
Data_7059_A,Data_7059_B
Data_7060_A,Data_7060_B
Data_7061_A,Data_7061_B
Data_7062_A,Data_7062_B
Data_7063_A,Data_7063_B
Data_7064_A,Data_7064_B
Data_7065_A,Data_7065_B
Data_7066_A,Data_7066_B
Data_7067_A,Data_7067_B
Data_7068_A,Data_7068_B
Data_7069_A,Data_7069_B
Data_7070_A,Data_7070_B
Data_7071_A,Data_7071_B
Data_7072_A,Data_7072_B
Data_7073_A,Data_7073_B
Data_7074_A,Data_7074_B
Data_7075_A,Data_7075_B
Data_7076_A,Data_7076_B
Data_7077_A,Data_7077_B
Data_7078_A,Data_7078_B
Data_7079_A,Data_7079_B
Data_7080_A,Data_7080_B
Data_7081_A,Data_7081_B
Data_7082_A,Data_7082_B
Data_7083_A,Data_7083_B
Data_7084_A,Data_7084_B
Data_7085_A,Data_7085_B
Data_7086_A,Data_7086_B
Data_7087_A,Data_7087_B
Data_7088_A,Data_7088_B
Data_7089_A,Data_7089_B
Data_7090_A,Data_7090_B
Data_7091_A,Data_7091_B
Data_7092_A,Data_7092_B
Data_7093_A,Data_7093_B
Data_7094_A,Data_7094_B
Data_7095_A,Data_7095_B
Data_7096_A,Data_7096_B
Data_7097_A,Data_7097_B
Data_7098_A,Data_7098_B
Data_7099_A,Data_7099_B
Data_7100_A,Data_7100_B
Data_7101_A,Data_7101_B
Data_7102_A,Data_7102_B
Data_7103_A,Data_7103_B
Data_7104_A,Data_7104_B
Data_7105_A,Data_7105_B
Data_7106_A,Data_7106_B
Data_7107_A,Data_7107_B
Data_7108_A,Data_7108_B
Data_7109_A,Data_7109_B
Data_7110_A,Data_7110_B
Data_7111_A,Data_7111_B
Data_7112_A,Data_7112_B
Data_7113_A,Data_7113_B
Data_7114_A,Data_7114_B
Data_7115_A,Data_7115_B
Data_7116_A,Data_7116_B
Data_7117_A,Data_7117_B
Data_7118_A,Data_7118_B
Data_7119_A,Data_7119_B
Data_7120_A,Data_7120_B
Data_7121_A,Data_7121_B
Data_7122_A,Data_7122_B
Data_7123_A,Data_7123_B
Data_7124_A,Data_7124_B
Data_7125_A,Data_7125_B
Data_7126_A,Data_7126_B
Data_7127_A,Data_7127_B
Data_7128_A,Data_7128_B
Data_7129_A,Data_7129_B
Data_7130_A,Data_7130_B
Data_7131_A,Data_7131_B
Data_7132_A,Data_7132_B
Data_7133_A,Data_7133_B
Data_7134_A,Data_7134_B
Data_7135_A,Data_7135_B
Data_7136_A,Data_7136_B
Data_7137_A,Data_7137_B
Data_7138_A,Data_7138_B
Data_7139_A,Data_7139_B
Data_7140_A,Data_7140_B
Data_7141_A,Data_7141_B
Data_7142_A,Data_7142_B
Data_7143_A,Data_7143_B
Data_7144_A,Data_7144_B
Data_7145_A,Data_7145_B
Data_7146_A,Data_7146_B
Data_7147_A,Data_7147_B
Data_7148_A,Data_7148_B
Data_7149_A,Data_7149_B
Data_7150_A,Data_7150_B
Data_7151_A,Data_7151_B
Data_7152_A,Data_7152_B
Data_7153_A,Data_7153_B
Data_7154_A,Data_7154_B
Data_7155_A,Data_7155_B
Data_7156_A,Data_7156_B
Data_7157_A,Data_7157_B
Data_7158_A,Data_7158_B
Data_7159_A,Data_7159_B
Data_7160_A,Data_7160_B
Data_7161_A,Data_7161_B
Data_7162_A,Data_7162_B
Data_7163_A,Data_7163_B
Data_7164_A,Data_7164_B
Data_7165_A,Data_7165_B
Data_7166_A,Data_7166_B
Data_7167_A,Data_7167_B
Data_7168_A,Data_7168_B
Data_7169_A,Data_7169_B
Data_7170_A,Data_7170_B
Data_7171_A,Data_7171_B
Data_7172_A,Data_7172_B
Data_7173_A,Data_7173_B
Data_7174_A,Data_7174_B
Data_7175_A,Data_7175_B
Data_7176_A,Data_7176_B
Data_7177_A,Data_7177_B
Data_7178_A,Data_7178_B
Data_7179_A,Data_7179_B
Data_7180_A,Data_7180_B
Data_7181_A,Data_7181_B
Data_7182_A,Data_7182_B
Data_7183_A,Data_7183_B
Data_7184_A,Data_7184_B
Data_7185_A,Data_7185_B
Data_7186_A,Data_7186_B
Data_7187_A,Data_7187_B
Data_7188_A,Data_7188_B
Data_7189_A,Data_7189_B
Data_7190_A,Data_7190_B
Data_7191_A,Data_7191_B
Data_7192_A,Data_7192_B
Data_7193_A,Data_7193_B
Data_7194_A,Data_7194_B
Data_7195_A,Data_7195_B
Data_7196_A,Data_7196_B
Data_7197_A,Data_7197_B
Data_7198_A,Data_7198_B
Data_7199_A,Data_7199_B
Data_7200_A,Data_7200_B
Data_7201_A,Data_7201_B
Data_7202_A,Data_7202_B
Data_7203_A,Data_7203_B
Data_7204_A,Data_7204_B
Data_7205_A,Data_7205_B
Data_7206_A,Data_7206_B
Data_7207_A,Data_7207_B
Data_7208_A,Data_7208_B
Data_7209_A,Data_7209_B
Data_7210_A,Data_7210_B
Data_7211_A,Data_7211_B
Data_7212_A,Data_7212_B
Data_7213_A,Data_7213_B
Data_7214_A,Data_7214_B
Data_7215_A,Data_7215_B
Data_7216_A,Data_7216_B
Data_7217_A,Data_7217_B
Data_7218_A,Data_7218_B
Data_7219_A,Data_7219_B
Data_7220_A,Data_7220_B
Data_7221_A,Data_7221_B
Data_7222_A,Data_7222_B
Data_7223_A,Data_7223_B
Data_7224_A,Data_7224_B
Data_7225_A,Data_7225_B
Data_7226_A,Data_7226_B
Data_7227_A,Data_7227_B
Data_7228_A,Data_7228_B
Data_7229_A,Data_7229_B
Data_7230_A,Data_7230_B
Data_7231_A,Data_7231_B
Data_7232_A,Data_7232_B
Data_7233_A,Data_7233_B
Data_7234_A,Data_7234_B
Data_7235_A,Data_7235_B
Data_7236_A,Data_7236_B
Data_7237_A,Data_7237_B
Data_7238_A,Data_7238_B
Data_7239_A,Data_7239_B
Data_7240_A,Data_7240_B
Data_7241_A,Data_7241_B
Data_7242_A,Data_7242_B
Data_7243_A,Data_7243_B
Data_7244_A,Data_7244_B
Data_7245_A,Data_7245_B
Data_7246_A,Data_7246_B
Data_7247_A,Data_7247_B
Data_7248_A,Data_7248_B
Data_7249_A,Data_7249_B
Data_7250_A,Data_7250_B
Data_7251_A,Data_7251_B
Data_7252_A,Data_7252_B
Data_7253_A,Data_7253_B
Data_7254_A,Data_7254_B
Data_7255_A,Data_7255_B
Data_7256_A,Data_7256_B
Data_7257_A,Data_7257_B
Data_7258_A,Data_7258_B
Data_7259_A,Data_7259_B
Data_7260_A,Data_7260_B
Data_7261_A,Data_7261_B
Data_7262_A,Data_7262_B
Data_7263_A,Data_7263_B
Data_7264_A,Data_7264_B
Data_7265_A,Data_7265_B
Data_7266_A,Data_7266_B
Data_7267_A,Data_7267_B
Data_7268_A,Data_7268_B
Data_7269_A,Data_7269_B
Data_7270_A,Data_7270_B
Data_7271_A,Data_7271_B
Data_7272_A,Data_7272_B
Data_7273_A,Data_7273_B
Data_7274_A,Data_7274_B
Data_7275_A,Data_7275_B
Data_7276_A,Data_7276_B
Data_7277_A,Data_7277_B
Data_7278_A,Data_7278_B
Data_7279_A,Data_7279_B
Data_7280_A,Data_7280_B
Data_7281_A,Data_7281_B
Data_7282_A,Data_7282_B
Data_7283_A,Data_7283_B
Data_7284_A,Data_7284_B
Data_7285_A,Data_7285_B
Data_7286_A,Data_7286_B
Data_7287_A,Data_7287_B
Data_7288_A,Data_7288_B
Data_7289_A,Data_7289_B
Data_7290_A,Data_7290_B
Data_7291_A,Data_7291_B
Data_7292_A,Data_7292_B
Data_7293_A,Data_7293_B
Data_7294_A,Data_7294_B
Data_7295_A,Data_7295_B
Data_7296_A,Data_7296_B
Data_7297_A,Data_7297_B
Data_7298_A,Data_7298_B
Data_7299_A,Data_7299_B
Data_7300_A,Data_7300_B
Data_7301_A,Data_7301_B
Data_7302_A,Data_7302_B
Data_7303_A,Data_7303_B
Data_7304_A,Data_7304_B
Data_7305_A,Data_7305_B
Data_7306_A,Data_7306_B
Data_7307_A,Data_7307_B
Data_7308_A,Data_7308_B
Data_7309_A,Data_7309_B
Data_7310_A,Data_7310_B
Data_7311_A,Data_7311_B
Data_7312_A,Data_7312_B
Data_7313_A,Data_7313_B
Data_7314_A,Data_7314_B
Data_7315_A,Data_7315_B
Data_7316_A,Data_7316_B
Data_7317_A,Data_7317_B
Data_7318_A,Data_7318_B
Data_7319_A,Data_7319_B
Data_7320_A,Data_7320_B
Data_7321_A,Data_7321_B
Data_7322_A,Data_7322_B
Data_7323_A,Data_7323_B
Data_7324_A,Data_7324_B
Data_7325_A,Data_7325_B
Data_7326_A,Data_7326_B
Data_7327_A,Data_7327_B
Data_7328_A,Data_7328_B
Data_7329_A,Data_7329_B
Data_7330_A,Data_7330_B
Data_7331_A,Data_7331_B
Data_7332_A,Data_7332_B
Data_7333_A,Data_7333_B
Data_7334_A,Data_7334_B
Data_7335_A,Data_7335_B
Data_7336_A,Data_7336_B
Data_7337_A,Data_7337_B
Data_7338_A,Data_7338_B
Data_7339_A,Data_7339_B
Data_7340_A,Data_7340_B
Data_7341_A,Data_7341_B
Data_7342_A,Data_7342_B
Data_7343_A,Data_7343_B
Data_7344_A,Data_7344_B
Data_7345_A,Data_7345_B
Data_7346_A,Data_7346_B
Data_7347_A,Data_7347_B
Data_7348_A,Data_7348_B
Data_7349_A,Data_7349_B
Data_7350_A,Data_7350_B
Data_7351_A,Data_7351_B
Data_7352_A,Data_7352_B
Data_7353_A,Data_7353_B
Data_7354_A,Data_7354_B
Data_7355_A,Data_7355_B
Data_7356_A,Data_7356_B
Data_7357_A,Data_7357_B
Data_7358_A,Data_7358_B
Data_7359_A,Data_7359_B
Data_7360_A,Data_7360_B
Data_7361_A,Data_7361_B
Data_7362_A,Data_7362_B
Data_7363_A,Data_7363_B
Data_7364_A,Data_7364_B
Data_7365_A,Data_7365_B
Data_7366_A,Data_7366_B
Data_7367_A,Data_7367_B
Data_7368_A,Data_7368_B
Data_7369_A,Data_7369_B
Data_7370_A,Data_7370_B
Data_7371_A,Data_7371_B
Data_7372_A,Data_7372_B
Data_7373_A,Data_7373_B
Data_7374_A,Data_7374_B
Data_7375_A,Data_7375_B
Data_7376_A,Data_7376_B
Data_7377_A,Data_7377_B
Data_7378_A,Data_7378_B
Data_7379_A,Data_7379_B
Data_7380_A,Data_7380_B
Data_7381_A,Data_7381_B
Data_7382_A,Data_7382_B
Data_7383_A,Data_7383_B
Data_7384_A,Data_7384_B
Data_7385_A,Data_7385_B
Data_7386_A,Data_7386_B
Data_7387_A,Data_7387_B
Data_7388_A,Data_7388_B
Data_7389_A,Data_7389_B
Data_7390_A,Data_7390_B
Data_7391_A,Data_7391_B
Data_7392_A,Data_7392_B
Data_7393_A,Data_7393_B
Data_7394_A,Data_7394_B
Data_7395_A,Data_7395_B
Data_7396_A,Data_7396_B
Data_7397_A,Data_7397_B
Data_7398_A,Data_7398_B
Data_7399_A,Data_7399_B
Data_7400_A,Data_7400_B
Data_7401_A,Data_7401_B
Data_7402_A,Data_7402_B
Data_7403_A,Data_7403_B
Data_7404_A,Data_7404_B
Data_7405_A,Data_7405_B
Data_7406_A,Data_7406_B
Data_7407_A,Data_7407_B
Data_7408_A,Data_7408_B
Data_7409_A,Data_7409_B
Data_7410_A,Data_7410_B
Data_7411_A,Data_7411_B
Data_7412_A,Data_7412_B
Data_7413_A,Data_7413_B
Data_7414_A,Data_7414_B
Data_7415_A,Data_7415_B
Data_7416_A,Data_7416_B
Data_7417_A,Data_7417_B
Data_7418_A,Data_7418_B
Data_7419_A,Data_7419_B
Data_7420_A,Data_7420_B
Data_7421_A,Data_7421_B
Data_7422_A,Data_7422_B
Data_7423_A,Data_7423_B
Data_7424_A,Data_7424_B
Data_7425_A,Data_7425_B
Data_7426_A,Data_7426_B
Data_7427_A,Data_7427_B
Data_7428_A,Data_7428_B
Data_7429_A,Data_7429_B
Data_7430_A,Data_7430_B
Data_7431_A,Data_7431_B
Data_7432_A,Data_7432_B
Data_7433_A,Data_7433_B
Data_7434_A,Data_7434_B
Data_7435_A,Data_7435_B
Data_7436_A,Data_7436_B
Data_7437_A,Data_7437_B
Data_7438_A,Data_7438_B
Data_7439_A,Data_7439_B
Data_7440_A,Data_7440_B
Data_7441_A,Data_7441_B
Data_7442_A,Data_7442_B
Data_7443_A,Data_7443_B
Data_7444_A,Data_7444_B
Data_7445_A,Data_7445_B
Data_7446_A,Data_7446_B
Data_7447_A,Data_7447_B
Data_7448_A,Data_7448_B
Data_7449_A,Data_7449_B
Data_7450_A,Data_7450_B
Data_7451_A,Data_7451_B
Data_7452_A,Data_7452_B
Data_7453_A,Data_7453_B
Data_7454_A,Data_7454_B
Data_7455_A,Data_7455_B
Data_7456_A,Data_7456_B
Data_7457_A,Data_7457_B
Data_7458_A,Data_7458_B
Data_7459_A,Data_7459_B
Data_7460_A,Data_7460_B
Data_7461_A,Data_7461_B
Data_7462_A,Data_7462_B
Data_7463_A,Data_7463_B
Data_7464_A,Data_7464_B
Data_7465_A,Data_7465_B
Data_7466_A,Data_7466_B
Data_7467_A,Data_7467_B
Data_7468_A,Data_7468_B
Data_7469_A,Data_7469_B
Data_7470_A,Data_7470_B
Data_7471_A,Data_7471_B
Data_7472_A,Data_7472_B
Data_7473_A,Data_7473_B
Data_7474_A,Data_7474_B
Data_7475_A,Data_7475_B
Data_7476_A,Data_7476_B
Data_7477_A,Data_7477_B
Data_7478_A,Data_7478_B
Data_7479_A,Data_7479_B
Data_7480_A,Data_7480_B
Data_7481_A,Data_7481_B
Data_7482_A,Data_7482_B
Data_7483_A,Data_7483_B
Data_7484_A,Data_7484_B
Data_7485_A,Data_7485_B
Data_7486_A,Data_7486_B
Data_7487_A,Data_7487_B
Data_7488_A,Data_7488_B
Data_7489_A,Data_7489_B
Data_7490_A,Data_7490_B
Data_7491_A,Data_7491_B
Data_7492_A,Data_7492_B
Data_7493_A,Data_7493_B
Data_7494_A,Data_7494_B
Data_7495_A,Data_7495_B
Data_7496_A,Data_7496_B
Data_7497_A,Data_7497_B
Data_7498_A,Data_7498_B
Data_7499_A,Data_7499_B
Data_7500_A,Data_7500_B
Data_7501_A,Data_7501_B
Data_7502_A,Data_7502_B
Data_7503_A,Data_7503_B
Data_7504_A,Data_7504_B
Data_7505_A,Data_7505_B
Data_7506_A,Data_7506_B
Data_7507_A,Data_7507_B
Data_7508_A,Data_7508_B
Data_7509_A,Data_7509_B
Data_7510_A,Data_7510_B
Data_7511_A,Data_7511_B
Data_7512_A,Data_7512_B
Data_7513_A,Data_7513_B
Data_7514_A,Data_7514_B
Data_7515_A,Data_7515_B
Data_7516_A,Data_7516_B
Data_7517_A,Data_7517_B
Data_7518_A,Data_7518_B
Data_7519_A,Data_7519_B
Data_7520_A,Data_7520_B
Data_7521_A,Data_7521_B
Data_7522_A,Data_7522_B
Data_7523_A,Data_7523_B
Data_7524_A,Data_7524_B
Data_7525_A,Data_7525_B
Data_7526_A,Data_7526_B
Data_7527_A,Data_7527_B
Data_7528_A,Data_7528_B
Data_7529_A,Data_7529_B
Data_7530_A,Data_7530_B
Data_7531_A,Data_7531_B
Data_7532_A,Data_7532_B
Data_7533_A,Data_7533_B
Data_7534_A,Data_7534_B
Data_7535_A,Data_7535_B
Data_7536_A,Data_7536_B
Data_7537_A,Data_7537_B
Data_7538_A,Data_7538_B
Data_7539_A,Data_7539_B
Data_7540_A,Data_7540_B
Data_7541_A,Data_7541_B
Data_7542_A,Data_7542_B
Data_7543_A,Data_7543_B
Data_7544_A,Data_7544_B
Data_7545_A,Data_7545_B
Data_7546_A,Data_7546_B
Data_7547_A,Data_7547_B
Data_7548_A,Data_7548_B
Data_7549_A,Data_7549_B
Data_7550_A,Data_7550_B
Data_7551_A,Data_7551_B
Data_7552_A,Data_7552_B
Data_7553_A,Data_7553_B
Data_7554_A,Data_7554_B
Data_7555_A,Data_7555_B
Data_7556_A,Data_7556_B
Data_7557_A,Data_7557_B
Data_7558_A,Data_7558_B
Data_7559_A,Data_7559_B
Data_7560_A,Data_7560_B
Data_7561_A,Data_7561_B
Data_7562_A,Data_7562_B
Data_7563_A,Data_7563_B
Data_7564_A,Data_7564_B
Data_7565_A,Data_7565_B
Data_7566_A,Data_7566_B
Data_7567_A,Data_7567_B
Data_7568_A,Data_7568_B
Data_7569_A,Data_7569_B
Data_7570_A,Data_7570_B
Data_7571_A,Data_7571_B
Data_7572_A,Data_7572_B
Data_7573_A,Data_7573_B
Data_7574_A,Data_7574_B
Data_7575_A,Data_7575_B
Data_7576_A,Data_7576_B
Data_7577_A,Data_7577_B
Data_7578_A,Data_7578_B
Data_7579_A,Data_7579_B
Data_7580_A,Data_7580_B
Data_7581_A,Data_7581_B
Data_7582_A,Data_7582_B
Data_7583_A,Data_7583_B
Data_7584_A,Data_7584_B
Data_7585_A,Data_7585_B
Data_7586_A,Data_7586_B
Data_7587_A,Data_7587_B
Data_7588_A,Data_7588_B
Data_7589_A,Data_7589_B
Data_7590_A,Data_7590_B
Data_7591_A,Data_7591_B
Data_7592_A,Data_7592_B
Data_7593_A,Data_7593_B
Data_7594_A,Data_7594_B
Data_7595_A,Data_7595_B
Data_7596_A,Data_7596_B
Data_7597_A,Data_7597_B
Data_7598_A,Data_7598_B
Data_7599_A,Data_7599_B
Data_7600_A,Data_7600_B
Data_7601_A,Data_7601_B
Data_7602_A,Data_7602_B
Data_7603_A,Data_7603_B
Data_7604_A,Data_7604_B
Data_7605_A,Data_7605_B
Data_7606_A,Data_7606_B
Data_7607_A,Data_7607_B
Data_7608_A,Data_7608_B
Data_7609_A,Data_7609_B
Data_7610_A,Data_7610_B
Data_7611_A,Data_7611_B
Data_7612_A,Data_7612_B
Data_7613_A,Data_7613_B
Data_7614_A,Data_7614_B
Data_7615_A,Data_7615_B
Data_7616_A,Data_7616_B
Data_7617_A,Data_7617_B
Data_7618_A,Data_7618_B
Data_7619_A,Data_7619_B
Data_7620_A,Data_7620_B
Data_7621_A,Data_7621_B
Data_7622_A,Data_7622_B
Data_7623_A,Data_7623_B
Data_7624_A,Data_7624_B
Data_7625_A,Data_7625_B
Data_7626_A,Data_7626_B
Data_7627_A,Data_7627_B
Data_7628_A,Data_7628_B
Data_7629_A,Data_7629_B
Data_7630_A,Data_7630_B
Data_7631_A,Data_7631_B
Data_7632_A,Data_7632_B
Data_7633_A,Data_7633_B
Data_7634_A,Data_7634_B
Data_7635_A,Data_7635_B
Data_7636_A,Data_7636_B
Data_7637_A,Data_7637_B
Data_7638_A,Data_7638_B
Data_7639_A,Data_7639_B
Data_7640_A,Data_7640_B
Data_7641_A,Data_7641_B
Data_7642_A,Data_7642_B
Data_7643_A,Data_7643_B
Data_7644_A,Data_7644_B
Data_7645_A,Data_7645_B
Data_7646_A,Data_7646_B
Data_7647_A,Data_7647_B
Data_7648_A,Data_7648_B
Data_7649_A,Data_7649_B
Data_7650_A,Data_7650_B
Data_7651_A,Data_7651_B
Data_7652_A,Data_7652_B
Data_7653_A,Data_7653_B
Data_7654_A,Data_7654_B
Data_7655_A,Data_7655_B
Data_7656_A,Data_7656_B
Data_7657_A,Data_7657_B
Data_7658_A,Data_7658_B
Data_7659_A,Data_7659_B
Data_7660_A,Data_7660_B
Data_7661_A,Data_7661_B
Data_7662_A,Data_7662_B
Data_7663_A,Data_7663_B
Data_7664_A,Data_7664_B
Data_7665_A,Data_7665_B
Data_7666_A,Data_7666_B
Data_7667_A,Data_7667_B
Data_7668_A,Data_7668_B
Data_7669_A,Data_7669_B
Data_7670_A,Data_7670_B
Data_7671_A,Data_7671_B
Data_7672_A,Data_7672_B
Data_7673_A,Data_7673_B
Data_7674_A,Data_7674_B
Data_7675_A,Data_7675_B
Data_7676_A,Data_7676_B
Data_7677_A,Data_7677_B
Data_7678_A,Data_7678_B
Data_7679_A,Data_7679_B
Data_7680_A,Data_7680_B
Data_7681_A,Data_7681_B
Data_7682_A,Data_7682_B
Data_7683_A,Data_7683_B
Data_7684_A,Data_7684_B
Data_7685_A,Data_7685_B
Data_7686_A,Data_7686_B
Data_7687_A,Data_7687_B
Data_7688_A,Data_7688_B
Data_7689_A,Data_7689_B
Data_7690_A,Data_7690_B
Data_7691_A,Data_7691_B
Data_7692_A,Data_7692_B
Data_7693_A,Data_7693_B
Data_7694_A,Data_7694_B
Data_7695_A,Data_7695_B
Data_7696_A,Data_7696_B
Data_7697_A,Data_7697_B
Data_7698_A,Data_7698_B
Data_7699_A,Data_7699_B
Data_7700_A,Data_7700_B
Data_7701_A,Data_7701_B
Data_7702_A,Data_7702_B
Data_7703_A,Data_7703_B
Data_7704_A,Data_7704_B
Data_7705_A,Data_7705_B
Data_7706_A,Data_7706_B
Data_7707_A,Data_7707_B
Data_7708_A,Data_7708_B
Data_7709_A,Data_7709_B
Data_7710_A,Data_7710_B
Data_7711_A,Data_7711_B
Data_7712_A,Data_7712_B
Data_7713_A,Data_7713_B
Data_7714_A,Data_7714_B
Data_7715_A,Data_7715_B
Data_7716_A,Data_7716_B
Data_7717_A,Data_7717_B
Data_7718_A,Data_7718_B
Data_7719_A,Data_7719_B
Data_7720_A,Data_7720_B
Data_7721_A,Data_7721_B
Data_7722_A,Data_7722_B
Data_7723_A,Data_7723_B
Data_7724_A,Data_7724_B
Data_7725_A,Data_7725_B
Data_7726_A,Data_7726_B
Data_7727_A,Data_7727_B
Data_7728_A,Data_7728_B
Data_7729_A,Data_7729_B
Data_7730_A,Data_7730_B
Data_7731_A,Data_7731_B
Data_7732_A,Data_7732_B
Data_7733_A,Data_7733_B
Data_7734_A,Data_7734_B
Data_7735_A,Data_7735_B
Data_7736_A,Data_7736_B
Data_7737_A,Data_7737_B
Data_7738_A,Data_7738_B
Data_7739_A,Data_7739_B
Data_7740_A,Data_7740_B
Data_7741_A,Data_7741_B
Data_7742_A,Data_7742_B
Data_7743_A,Data_7743_B
Data_7744_A,Data_7744_B
Data_7745_A,Data_7745_B
Data_7746_A,Data_7746_B
Data_7747_A,Data_7747_B
Data_7748_A,Data_7748_B
Data_7749_A,Data_7749_B
Data_7750_A,Data_7750_B
Data_7751_A,Data_7751_B
Data_7752_A,Data_7752_B
Data_7753_A,Data_7753_B
Data_7754_A,Data_7754_B
Data_7755_A,Data_7755_B
Data_7756_A,Data_7756_B
Data_7757_A,Data_7757_B
Data_7758_A,Data_7758_B
Data_7759_A,Data_7759_B
Data_7760_A,Data_7760_B
Data_7761_A,Data_7761_B
Data_7762_A,Data_7762_B
Data_7763_A,Data_7763_B
Data_7764_A,Data_7764_B
Data_7765_A,Data_7765_B
Data_7766_A,Data_7766_B
Data_7767_A,Data_7767_B
Data_7768_A,Data_7768_B
Data_7769_A,Data_7769_B
Data_7770_A,Data_7770_B
Data_7771_A,Data_7771_B
Data_7772_A,Data_7772_B
Data_7773_A,Data_7773_B
Data_7774_A,Data_7774_B
Data_7775_A,Data_7775_B
Data_7776_A,Data_7776_B
Data_7777_A,Data_7777_B
Data_7778_A,Data_7778_B
Data_7779_A,Data_7779_B
Data_7780_A,Data_7780_B
Data_7781_A,Data_7781_B
Data_7782_A,Data_7782_B
Data_7783_A,Data_7783_B
Data_7784_A,Data_7784_B
Data_7785_A,Data_7785_B
Data_7786_A,Data_7786_B
Data_7787_A,Data_7787_B
Data_7788_A,Data_7788_B
Data_7789_A,Data_7789_B
Data_7790_A,Data_7790_B
Data_7791_A,Data_7791_B
Data_7792_A,Data_7792_B
Data_7793_A,Data_7793_B
Data_7794_A,Data_7794_B
Data_7795_A,Data_7795_B
Data_7796_A,Data_7796_B
Data_7797_A,Data_7797_B
Data_7798_A,Data_7798_B
Data_7799_A,Data_7799_B
Data_7800_A,Data_7800_B
Data_7801_A,Data_7801_B
Data_7802_A,Data_7802_B
Data_7803_A,Data_7803_B
Data_7804_A,Data_7804_B
Data_7805_A,Data_7805_B
Data_7806_A,Data_7806_B
Data_7807_A,Data_7807_B
Data_7808_A,Data_7808_B
Data_7809_A,Data_7809_B
Data_7810_A,Data_7810_B
Data_7811_A,Data_7811_B
Data_7812_A,Data_7812_B
Data_7813_A,Data_7813_B
Data_7814_A,Data_7814_B
Data_7815_A,Data_7815_B
Data_7816_A,Data_7816_B
Data_7817_A,Data_7817_B
Data_7818_A,Data_7818_B
Data_7819_A,Data_7819_B
Data_7820_A,Data_7820_B
Data_7821_A,Data_7821_B
Data_7822_A,Data_7822_B
Data_7823_A,Data_7823_B
Data_7824_A,Data_7824_B
Data_7825_A,Data_7825_B
Data_7826_A,Data_7826_B
Data_7827_A,Data_7827_B
Data_7828_A,Data_7828_B
Data_7829_A,Data_7829_B
Data_7830_A,Data_7830_B
Data_7831_A,Data_7831_B
Data_7832_A,Data_7832_B
Data_7833_A,Data_7833_B
Data_7834_A,Data_7834_B
Data_7835_A,Data_7835_B
Data_7836_A,Data_7836_B
Data_7837_A,Data_7837_B
Data_7838_A,Data_7838_B
Data_7839_A,Data_7839_B
Data_7840_A,Data_7840_B
Data_7841_A,Data_7841_B
Data_7842_A,Data_7842_B
Data_7843_A,Data_7843_B
Data_7844_A,Data_7844_B
Data_7845_A,Data_7845_B
Data_7846_A,Data_7846_B
Data_7847_A,Data_7847_B
Data_7848_A,Data_7848_B
Data_7849_A,Data_7849_B
Data_7850_A,Data_7850_B
Data_7851_A,Data_7851_B
Data_7852_A,Data_7852_B
Data_7853_A,Data_7853_B
Data_7854_A,Data_7854_B
Data_7855_A,Data_7855_B
Data_7856_A,Data_7856_B
Data_7857_A,Data_7857_B
Data_7858_A,Data_7858_B
Data_7859_A,Data_7859_B
Data_7860_A,Data_7860_B
Data_7861_A,Data_7861_B
Data_7862_A,Data_7862_B
Data_7863_A,Data_7863_B
Data_7864_A,Data_7864_B
Data_7865_A,Data_7865_B
Data_7866_A,Data_7866_B
Data_7867_A,Data_7867_B
Data_7868_A,Data_7868_B
Data_7869_A,Data_7869_B
Data_7870_A,Data_7870_B
Data_7871_A,Data_7871_B
Data_7872_A,Data_7872_B
Data_7873_A,Data_7873_B
Data_7874_A,Data_7874_B
Data_7875_A,Data_7875_B
Data_7876_A,Data_7876_B
Data_7877_A,Data_7877_B
Data_7878_A,Data_7878_B
Data_7879_A,Data_7879_B
Data_7880_A,Data_7880_B
Data_7881_A,Data_7881_B
Data_7882_A,Data_7882_B
Data_7883_A,Data_7883_B
Data_7884_A,Data_7884_B
Data_7885_A,Data_7885_B
Data_7886_A,Data_7886_B
Data_7887_A,Data_7887_B
Data_7888_A,Data_7888_B
Data_7889_A,Data_7889_B
Data_7890_A,Data_7890_B
Data_7891_A,Data_7891_B
Data_7892_A,Data_7892_B
Data_7893_A,Data_7893_B
Data_7894_A,Data_7894_B
Data_7895_A,Data_7895_B
Data_7896_A,Data_7896_B
Data_7897_A,Data_7897_B
Data_7898_A,Data_7898_B
Data_7899_A,Data_7899_B
Data_7900_A,Data_7900_B
Data_7901_A,Data_7901_B
Data_7902_A,Data_7902_B
Data_7903_A,Data_7903_B
Data_7904_A,Data_7904_B
Data_7905_A,Data_7905_B
Data_7906_A,Data_7906_B
Data_7907_A,Data_7907_B
Data_7908_A,Data_7908_B
Data_7909_A,Data_7909_B
Data_7910_A,Data_7910_B
Data_7911_A,Data_7911_B
Data_7912_A,Data_7912_B
Data_7913_A,Data_7913_B
Data_7914_A,Data_7914_B
Data_7915_A,Data_7915_B
Data_7916_A,Data_7916_B
Data_7917_A,Data_7917_B
Data_7918_A,Data_7918_B
Data_7919_A,Data_7919_B
Data_7920_A,Data_7920_B
Data_7921_A,Data_7921_B
Data_7922_A,Data_7922_B
Data_7923_A,Data_7923_B
Data_7924_A,Data_7924_B
Data_7925_A,Data_7925_B
Data_7926_A,Data_7926_B
Data_7927_A,Data_7927_B
Data_7928_A,Data_7928_B
Data_7929_A,Data_7929_B
Data_7930_A,Data_7930_B
Data_7931_A,Data_7931_B
Data_7932_A,Data_7932_B
Data_7933_A,Data_7933_B
Data_7934_A,Data_7934_B
Data_7935_A,Data_7935_B
Data_7936_A,Data_7936_B
Data_7937_A,Data_7937_B
Data_7938_A,Data_7938_B
Data_7939_A,Data_7939_B
Data_7940_A,Data_7940_B
Data_7941_A,Data_7941_B
Data_7942_A,Data_7942_B
Data_7943_A,Data_7943_B
Data_7944_A,Data_7944_B
Data_7945_A,Data_7945_B
Data_7946_A,Data_7946_B
Data_7947_A,Data_7947_B
Data_7948_A,Data_7948_B
Data_7949_A,Data_7949_B
Data_7950_A,Data_7950_B
Data_7951_A,Data_7951_B
Data_7952_A,Data_7952_B
Data_7953_A,Data_7953_B
Data_7954_A,Data_7954_B
Data_7955_A,Data_7955_B
Data_7956_A,Data_7956_B
Data_7957_A,Data_7957_B
Data_7958_A,Data_7958_B
Data_7959_A,Data_7959_B
Data_7960_A,Data_7960_B
Data_7961_A,Data_7961_B
Data_7962_A,Data_7962_B
Data_7963_A,Data_7963_B
Data_7964_A,Data_7964_B
Data_7965_A,Data_7965_B
Data_7966_A,Data_7966_B
Data_7967_A,Data_7967_B
Data_7968_A,Data_7968_B
Data_7969_A,Data_7969_B
Data_7970_A,Data_7970_B
Data_7971_A,Data_7971_B
Data_7972_A,Data_7972_B
Data_7973_A,Data_7973_B
Data_7974_A,Data_7974_B
Data_7975_A,Data_7975_B
Data_7976_A,Data_7976_B
Data_7977_A,Data_7977_B
Data_7978_A,Data_7978_B
Data_7979_A,Data_7979_B
Data_7980_A,Data_7980_B
Data_7981_A,Data_7981_B
Data_7982_A,Data_7982_B
Data_7983_A,Data_7983_B
Data_7984_A,Data_7984_B
Data_7985_A,Data_7985_B
Data_7986_A,Data_7986_B
Data_7987_A,Data_7987_B
Data_7988_A,Data_7988_B
Data_7989_A,Data_7989_B
Data_7990_A,Data_7990_B
Data_7991_A,Data_7991_B
Data_7992_A,Data_7992_B
Data_7993_A,Data_7993_B
Data_7994_A,Data_7994_B
Data_7995_A,Data_7995_B
Data_7996_A,Data_7996_B
Data_7997_A,Data_7997_B
Data_7998_A,Data_7998_B
Data_7999_A,Data_7999_B
Data_8000_A,Data_8000_B
Data_8001_A,Data_8001_B
Data_8002_A,Data_8002_B
Data_8003_A,Data_8003_B
Data_8004_A,Data_8004_B
Data_8005_A,Data_8005_B
Data_8006_A,Data_8006_B
Data_8007_A,Data_8007_B
Data_8008_A,Data_8008_B
Data_8009_A,Data_8009_B
Data_8010_A,Data_8010_B
Data_8011_A,Data_8011_B
Data_8012_A,Data_8012_B
Data_8013_A,Data_8013_B
Data_8014_A,Data_8014_B
Data_8015_A,Data_8015_B
Data_8016_A,Data_8016_B
Data_8017_A,Data_8017_B
Data_8018_A,Data_8018_B
Data_8019_A,Data_8019_B
Data_8020_A,Data_8020_B
Data_8021_A,Data_8021_B
Data_8022_A,Data_8022_B
Data_8023_A,Data_8023_B
Data_8024_A,Data_8024_B
Data_8025_A,Data_8025_B
Data_8026_A,Data_8026_B
Data_8027_A,Data_8027_B
Data_8028_A,Data_8028_B
Data_8029_A,Data_8029_B
Data_8030_A,Data_8030_B
Data_8031_A,Data_8031_B
Data_8032_A,Data_8032_B
Data_8033_A,Data_8033_B
Data_8034_A,Data_8034_B
Data_8035_A,Data_8035_B
Data_8036_A,Data_8036_B
Data_8037_A,Data_8037_B
Data_8038_A,Data_8038_B
Data_8039_A,Data_8039_B
Data_8040_A,Data_8040_B
Data_8041_A,Data_8041_B
Data_8042_A,Data_8042_B
Data_8043_A,Data_8043_B
Data_8044_A,Data_8044_B
Data_8045_A,Data_8045_B
Data_8046_A,Data_8046_B
Data_8047_A,Data_8047_B
Data_8048_A,Data_8048_B
Data_8049_A,Data_8049_B
Data_8050_A,Data_8050_B
Data_8051_A,Data_8051_B
Data_8052_A,Data_8052_B
Data_8053_A,Data_8053_B
Data_8054_A,Data_8054_B
Data_8055_A,Data_8055_B
Data_8056_A,Data_8056_B
Data_8057_A,Data_8057_B
Data_8058_A,Data_8058_B
Data_8059_A,Data_8059_B
Data_8060_A,Data_8060_B
Data_8061_A,Data_8061_B
Data_8062_A,Data_8062_B
Data_8063_A,Data_8063_B
Data_8064_A,Data_8064_B
Data_8065_A,Data_8065_B
Data_8066_A,Data_8066_B
Data_8067_A,Data_8067_B
Data_8068_A,Data_8068_B
Data_8069_A,Data_8069_B
Data_8070_A,Data_8070_B
Data_8071_A,Data_8071_B
Data_8072_A,Data_8072_B
Data_8073_A,Data_8073_B
Data_8074_A,Data_8074_B
Data_8075_A,Data_8075_B
Data_8076_A,Data_8076_B
Data_8077_A,Data_8077_B
Data_8078_A,Data_8078_B
Data_8079_A,Data_8079_B
Data_8080_A,Data_8080_B
Data_8081_A,Data_8081_B
Data_8082_A,Data_8082_B
Data_8083_A,Data_8083_B
Data_8084_A,Data_8084_B
Data_8085_A,Data_8085_B
Data_8086_A,Data_8086_B
Data_8087_A,Data_8087_B
Data_8088_A,Data_8088_B
Data_8089_A,Data_8089_B
Data_8090_A,Data_8090_B
Data_8091_A,Data_8091_B
Data_8092_A,Data_8092_B
Data_8093_A,Data_8093_B
Data_8094_A,Data_8094_B
Data_8095_A,Data_8095_B
Data_8096_A,Data_8096_B
Data_8097_A,Data_8097_B
Data_8098_A,Data_8098_B
Data_8099_A,Data_8099_B
Data_8100_A,Data_8100_B
Data_8101_A,Data_8101_B
Data_8102_A,Data_8102_B
Data_8103_A,Data_8103_B
Data_8104_A,Data_8104_B
Data_8105_A,Data_8105_B
Data_8106_A,Data_8106_B
Data_8107_A,Data_8107_B
Data_8108_A,Data_8108_B
Data_8109_A,Data_8109_B
Data_8110_A,Data_8110_B
Data_8111_A,Data_8111_B
Data_8112_A,Data_8112_B
Data_8113_A,Data_8113_B
Data_8114_A,Data_8114_B
Data_8115_A,Data_8115_B
Data_8116_A,Data_8116_B
Data_8117_A,Data_8117_B
Data_8118_A,Data_8118_B
Data_8119_A,Data_8119_B
Data_8120_A,Data_8120_B
Data_8121_A,Data_8121_B
Data_8122_A,Data_8122_B
Data_8123_A,Data_8123_B
Data_8124_A,Data_8124_B
Data_8125_A,Data_8125_B
Data_8126_A,Data_8126_B
Data_8127_A,Data_8127_B
Data_8128_A,Data_8128_B
Data_8129_A,Data_8129_B
Data_8130_A,Data_8130_B
Data_8131_A,Data_8131_B
Data_8132_A,Data_8132_B
Data_8133_A,Data_8133_B
Data_8134_A,Data_8134_B
Data_8135_A,Data_8135_B
Data_8136_A,Data_8136_B
Data_8137_A,Data_8137_B
Data_8138_A,Data_8138_B
Data_8139_A,Data_8139_B
Data_8140_A,Data_8140_B
Data_8141_A,Data_8141_B
Data_8142_A,Data_8142_B
Data_8143_A,Data_8143_B
Data_8144_A,Data_8144_B
Data_8145_A,Data_8145_B
Data_8146_A,Data_8146_B
Data_8147_A,Data_8147_B
Data_8148_A,Data_8148_B
Data_8149_A,Data_8149_B
Data_8150_A,Data_8150_B
Data_8151_A,Data_8151_B
Data_8152_A,Data_8152_B
Data_8153_A,Data_8153_B
Data_8154_A,Data_8154_B
Data_8155_A,Data_8155_B
Data_8156_A,Data_8156_B
Data_8157_A,Data_8157_B
Data_8158_A,Data_8158_B
Data_8159_A,Data_8159_B
Data_8160_A,Data_8160_B
Data_8161_A,Data_8161_B
Data_8162_A,Data_8162_B
Data_8163_A,Data_8163_B
Data_8164_A,Data_8164_B
Data_8165_A,Data_8165_B
Data_8166_A,Data_8166_B
Data_8167_A,Data_8167_B
Data_8168_A,Data_8168_B
Data_8169_A,Data_8169_B
Data_8170_A,Data_8170_B
Data_8171_A,Data_8171_B
Data_8172_A,Data_8172_B
Data_8173_A,Data_8173_B
Data_8174_A,Data_8174_B
Data_8175_A,Data_8175_B
Data_8176_A,Data_8176_B
Data_8177_A,Data_8177_B
Data_8178_A,Data_8178_B
Data_8179_A,Data_8179_B
Data_8180_A,Data_8180_B
Data_8181_A,Data_8181_B
Data_8182_A,Data_8182_B
Data_8183_A,Data_8183_B
Data_8184_A,Data_8184_B
Data_8185_A,Data_8185_B
Data_8186_A,Data_8186_B
Data_8187_A,Data_8187_B
Data_8188_A,Data_8188_B
Data_8189_A,Data_8189_B
Data_8190_A,Data_8190_B
Data_8191_A,Data_8191_B
Data_8192_A,Data_8192_B
Data_8193_A,Data_8193_B
Data_8194_A,Data_8194_B
Data_8195_A,Data_8195_B
Data_8196_A,Data_8196_B
Data_8197_A,Data_8197_B
Data_8198_A,Data_8198_B
Data_8199_A,Data_8199_B
Data_8200_A,Data_8200_B
Data_8201_A,Data_8201_B
Data_8202_A,Data_8202_B
Data_8203_A,Data_8203_B
Data_8204_A,Data_8204_B
Data_8205_A,Data_8205_B
Data_8206_A,Data_8206_B
Data_8207_A,Data_8207_B
Data_8208_A,Data_8208_B
Data_8209_A,Data_8209_B
Data_8210_A,Data_8210_B
Data_8211_A,Data_8211_B
Data_8212_A,Data_8212_B
Data_8213_A,Data_8213_B
Data_8214_A,Data_8214_B
Data_8215_A,Data_8215_B
Data_8216_A,Data_8216_B
Data_8217_A,Data_8217_B
Data_8218_A,Data_8218_B
Data_8219_A,Data_8219_B
Data_8220_A,Data_8220_B
Data_8221_A,Data_8221_B
Data_8222_A,Data_8222_B
Data_8223_A,Data_8223_B
Data_8224_A,Data_8224_B
Data_8225_A,Data_8225_B
Data_8226_A,Data_8226_B
Data_8227_A,Data_8227_B
Data_8228_A,Data_8228_B
Data_8229_A,Data_8229_B
Data_8230_A,Data_8230_B
Data_8231_A,Data_8231_B
Data_8232_A,Data_8232_B
Data_8233_A,Data_8233_B
Data_8234_A,Data_8234_B
Data_8235_A,Data_8235_B
Data_8236_A,Data_8236_B
Data_8237_A,Data_8237_B
Data_8238_A,Data_8238_B
Data_8239_A,Data_8239_B
Data_8240_A,Data_8240_B
Data_8241_A,Data_8241_B
Data_8242_A,Data_8242_B
Data_8243_A,Data_8243_B
Data_8244_A,Data_8244_B
Data_8245_A,Data_8245_B
Data_8246_A,Data_8246_B
Data_8247_A,Data_8247_B
Data_8248_A,Data_8248_B
Data_8249_A,Data_8249_B
Data_8250_A,Data_8250_B
Data_8251_A,Data_8251_B
Data_8252_A,Data_8252_B
Data_8253_A,Data_8253_B
Data_8254_A,Data_8254_B
Data_8255_A,Data_8255_B
Data_8256_A,Data_8256_B
Data_8257_A,Data_8257_B
Data_8258_A,Data_8258_B
Data_8259_A,Data_8259_B
Data_8260_A,Data_8260_B
Data_8261_A,Data_8261_B
Data_8262_A,Data_8262_B
Data_8263_A,Data_8263_B
Data_8264_A,Data_8264_B
Data_8265_A,Data_8265_B
Data_8266_A,Data_8266_B
Data_8267_A,Data_8267_B
Data_8268_A,Data_8268_B
Data_8269_A,Data_8269_B
Data_8270_A,Data_8270_B
Data_8271_A,Data_8271_B
Data_8272_A,Data_8272_B
Data_8273_A,Data_8273_B
Data_8274_A,Data_8274_B
Data_8275_A,Data_8275_B
Data_8276_A,Data_8276_B
Data_8277_A,Data_8277_B
Data_8278_A,Data_8278_B
Data_8279_A,Data_8279_B
Data_8280_A,Data_8280_B
Data_8281_A,Data_8281_B
Data_8282_A,Data_8282_B
Data_8283_A,Data_8283_B
Data_8284_A,Data_8284_B
Data_8285_A,Data_8285_B
Data_8286_A,Data_8286_B
Data_8287_A,Data_8287_B
Data_8288_A,Data_8288_B
Data_8289_A,Data_8289_B
Data_8290_A,Data_8290_B
Data_8291_A,Data_8291_B
Data_8292_A,Data_8292_B
Data_8293_A,Data_8293_B
Data_8294_A,Data_8294_B
Data_8295_A,Data_8295_B
Data_8296_A,Data_8296_B
Data_8297_A,Data_8297_B
Data_8298_A,Data_8298_B
Data_8299_A,Data_8299_B
Data_8300_A,Data_8300_B
Data_8301_A,Data_8301_B
Data_8302_A,Data_8302_B
Data_8303_A,Data_8303_B
Data_8304_A,Data_8304_B
Data_8305_A,Data_8305_B
Data_8306_A,Data_8306_B
Data_8307_A,Data_8307_B
Data_8308_A,Data_8308_B
Data_8309_A,Data_8309_B
Data_8310_A,Data_8310_B
Data_8311_A,Data_8311_B
Data_8312_A,Data_8312_B
Data_8313_A,Data_8313_B
Data_8314_A,Data_8314_B
Data_8315_A,Data_8315_B
Data_8316_A,Data_8316_B
Data_8317_A,Data_8317_B
Data_8318_A,Data_8318_B
Data_8319_A,Data_8319_B
Data_8320_A,Data_8320_B
Data_8321_A,Data_8321_B
Data_8322_A,Data_8322_B
Data_8323_A,Data_8323_B
Data_8324_A,Data_8324_B
Data_8325_A,Data_8325_B
Data_8326_A,Data_8326_B
Data_8327_A,Data_8327_B
Data_8328_A,Data_8328_B
Data_8329_A,Data_8329_B
Data_8330_A,Data_8330_B
Data_8331_A,Data_8331_B
Data_8332_A,Data_8332_B
Data_8333_A,Data_8333_B
Data_8334_A,Data_8334_B
Data_8335_A,Data_8335_B
Data_8336_A,Data_8336_B
Data_8337_A,Data_8337_B
Data_8338_A,Data_8338_B
Data_8339_A,Data_8339_B
Data_8340_A,Data_8340_B
Data_8341_A,Data_8341_B
Data_8342_A,Data_8342_B
Data_8343_A,Data_8343_B
Data_8344_A,Data_8344_B
Data_8345_A,Data_8345_B
Data_8346_A,Data_8346_B
Data_8347_A,Data_8347_B
Data_8348_A,Data_8348_B
Data_8349_A,Data_8349_B
Data_8350_A,Data_8350_B
Data_8351_A,Data_8351_B
Data_8352_A,Data_8352_B
Data_8353_A,Data_8353_B
Data_8354_A,Data_8354_B
Data_8355_A,Data_8355_B
Data_8356_A,Data_8356_B
Data_8357_A,Data_8357_B
Data_8358_A,Data_8358_B
Data_8359_A,Data_8359_B
Data_8360_A,Data_8360_B
Data_8361_A,Data_8361_B
Data_8362_A,Data_8362_B
Data_8363_A,Data_8363_B
Data_8364_A,Data_8364_B
Data_8365_A,Data_8365_B
Data_8366_A,Data_8366_B
Data_8367_A,Data_8367_B
Data_8368_A,Data_8368_B
Data_8369_A,Data_8369_B
Data_8370_A,Data_8370_B
Data_8371_A,Data_8371_B
Data_8372_A,Data_8372_B
Data_8373_A,Data_8373_B
Data_8374_A,Data_8374_B
Data_8375_A,Data_8375_B
Data_8376_A,Data_8376_B
Data_8377_A,Data_8377_B
Data_8378_A,Data_8378_B
Data_8379_A,Data_8379_B
Data_8380_A,Data_8380_B
Data_8381_A,Data_8381_B
Data_8382_A,Data_8382_B
Data_8383_A,Data_8383_B
Data_8384_A,Data_8384_B
Data_8385_A,Data_8385_B
Data_8386_A,Data_8386_B
Data_8387_A,Data_8387_B
Data_8388_A,Data_8388_B
Data_8389_A,Data_8389_B
Data_8390_A,Data_8390_B
Data_8391_A,Data_8391_B
Data_8392_A,Data_8392_B
Data_8393_A,Data_8393_B
Data_8394_A,Data_8394_B
Data_8395_A,Data_8395_B
Data_8396_A,Data_8396_B
Data_8397_A,Data_8397_B
Data_8398_A,Data_8398_B
Data_8399_A,Data_8399_B
Data_8400_A,Data_8400_B
Data_8401_A,Data_8401_B
Data_8402_A,Data_8402_B
Data_8403_A,Data_8403_B
Data_8404_A,Data_8404_B
Data_8405_A,Data_8405_B
Data_8406_A,Data_8406_B
Data_8407_A,Data_8407_B
Data_8408_A,Data_8408_B
Data_8409_A,Data_8409_B
Data_8410_A,Data_8410_B
Data_8411_A,Data_8411_B
Data_8412_A,Data_8412_B
Data_8413_A,Data_8413_B
Data_8414_A,Data_8414_B
Data_8415_A,Data_8415_B
Data_8416_A,Data_8416_B
Data_8417_A,Data_8417_B
Data_8418_A,Data_8418_B
Data_8419_A,Data_8419_B
Data_8420_A,Data_8420_B
Data_8421_A,Data_8421_B
Data_8422_A,Data_8422_B
Data_8423_A,Data_8423_B
Data_8424_A,Data_8424_B
Data_8425_A,Data_8425_B
Data_8426_A,Data_8426_B
Data_8427_A,Data_8427_B
Data_8428_A,Data_8428_B
Data_8429_A,Data_8429_B
Data_8430_A,Data_8430_B
Data_8431_A,Data_8431_B
Data_8432_A,Data_8432_B
Data_8433_A,Data_8433_B
Data_8434_A,Data_8434_B
Data_8435_A,Data_8435_B
Data_8436_A,Data_8436_B
Data_8437_A,Data_8437_B
Data_8438_A,Data_8438_B
Data_8439_A,Data_8439_B
Data_8440_A,Data_8440_B
Data_8441_A,Data_8441_B
Data_8442_A,Data_8442_B
Data_8443_A,Data_8443_B
Data_8444_A,Data_8444_B
Data_8445_A,Data_8445_B
Data_8446_A,Data_8446_B
Data_8447_A,Data_8447_B
Data_8448_A,Data_8448_B
Data_8449_A,Data_8449_B
Data_8450_A,Data_8450_B
Data_8451_A,Data_8451_B
Data_8452_A,Data_8452_B
Data_8453_A,Data_8453_B
Data_8454_A,Data_8454_B
Data_8455_A,Data_8455_B
Data_8456_A,Data_8456_B
Data_8457_A,Data_8457_B
Data_8458_A,Data_8458_B
Data_8459_A,Data_8459_B
Data_8460_A,Data_8460_B
Data_8461_A,Data_8461_B
Data_8462_A,Data_8462_B
Data_8463_A,Data_8463_B
Data_8464_A,Data_8464_B
Data_8465_A,Data_8465_B
Data_8466_A,Data_8466_B
Data_8467_A,Data_8467_B
Data_8468_A,Data_8468_B
Data_8469_A,Data_8469_B
Data_8470_A,Data_8470_B
Data_8471_A,Data_8471_B
Data_8472_A,Data_8472_B
Data_8473_A,Data_8473_B
Data_8474_A,Data_8474_B
Data_8475_A,Data_8475_B
Data_8476_A,Data_8476_B
Data_8477_A,Data_8477_B
Data_8478_A,Data_8478_B
Data_8479_A,Data_8479_B
Data_8480_A,Data_8480_B
Data_8481_A,Data_8481_B
Data_8482_A,Data_8482_B
Data_8483_A,Data_8483_B
Data_8484_A,Data_8484_B
Data_8485_A,Data_8485_B
Data_8486_A,Data_8486_B
Data_8487_A,Data_8487_B
Data_8488_A,Data_8488_B
Data_8489_A,Data_8489_B
Data_8490_A,Data_8490_B
Data_8491_A,Data_8491_B
Data_8492_A,Data_8492_B
Data_8493_A,Data_8493_B
Data_8494_A,Data_8494_B
Data_8495_A,Data_8495_B
Data_8496_A,Data_8496_B
Data_8497_A,Data_8497_B
Data_8498_A,Data_8498_B
Data_8499_A,Data_8499_B
Data_8500_A,Data_8500_B
Data_8501_A,Data_8501_B
Data_8502_A,Data_8502_B
Data_8503_A,Data_8503_B
Data_8504_A,Data_8504_B
Data_8505_A,Data_8505_B
Data_8506_A,Data_8506_B
Data_8507_A,Data_8507_B
Data_8508_A,Data_8508_B
Data_8509_A,Data_8509_B
Data_8510_A,Data_8510_B
Data_8511_A,Data_8511_B
Data_8512_A,Data_8512_B
Data_8513_A,Data_8513_B
Data_8514_A,Data_8514_B
Data_8515_A,Data_8515_B
Data_8516_A,Data_8516_B
Data_8517_A,Data_8517_B
Data_8518_A,Data_8518_B
Data_8519_A,Data_8519_B
Data_8520_A,Data_8520_B
Data_8521_A,Data_8521_B
Data_8522_A,Data_8522_B
Data_8523_A,Data_8523_B
Data_8524_A,Data_8524_B
Data_8525_A,Data_8525_B
Data_8526_A,Data_8526_B
Data_8527_A,Data_8527_B
Data_8528_A,Data_8528_B
Data_8529_A,Data_8529_B
Data_8530_A,Data_8530_B
Data_8531_A,Data_8531_B
Data_8532_A,Data_8532_B
Data_8533_A,Data_8533_B
Data_8534_A,Data_8534_B
Data_8535_A,Data_8535_B
Data_8536_A,Data_8536_B
Data_8537_A,Data_8537_B
Data_8538_A,Data_8538_B
Data_8539_A,Data_8539_B
Data_8540_A,Data_8540_B
Data_8541_A,Data_8541_B
Data_8542_A,Data_8542_B
Data_8543_A,Data_8543_B
Data_8544_A,Data_8544_B
Data_8545_A,Data_8545_B
Data_8546_A,Data_8546_B
Data_8547_A,Data_8547_B
Data_8548_A,Data_8548_B
Data_8549_A,Data_8549_B
Data_8550_A,Data_8550_B
Data_8551_A,Data_8551_B
Data_8552_A,Data_8552_B
Data_8553_A,Data_8553_B
Data_8554_A,Data_8554_B
Data_8555_A,Data_8555_B
Data_8556_A,Data_8556_B
Data_8557_A,Data_8557_B
Data_8558_A,Data_8558_B
Data_8559_A,Data_8559_B
Data_8560_A,Data_8560_B
Data_8561_A,Data_8561_B
Data_8562_A,Data_8562_B
Data_8563_A,Data_8563_B
Data_8564_A,Data_8564_B
Data_8565_A,Data_8565_B
Data_8566_A,Data_8566_B
Data_8567_A,Data_8567_B
Data_8568_A,Data_8568_B
Data_8569_A,Data_8569_B
Data_8570_A,Data_8570_B
Data_8571_A,Data_8571_B
Data_8572_A,Data_8572_B
Data_8573_A,Data_8573_B
Data_8574_A,Data_8574_B
Data_8575_A,Data_8575_B
Data_8576_A,Data_8576_B
Data_8577_A,Data_8577_B
Data_8578_A,Data_8578_B
Data_8579_A,Data_8579_B
Data_8580_A,Data_8580_B
Data_8581_A,Data_8581_B
Data_8582_A,Data_8582_B
Data_8583_A,Data_8583_B
Data_8584_A,Data_8584_B
Data_8585_A,Data_8585_B
Data_8586_A,Data_8586_B
Data_8587_A,Data_8587_B
Data_8588_A,Data_8588_B
Data_8589_A,Data_8589_B
Data_8590_A,Data_8590_B
Data_8591_A,Data_8591_B
Data_8592_A,Data_8592_B
Data_8593_A,Data_8593_B
Data_8594_A,Data_8594_B
Data_8595_A,Data_8595_B
Data_8596_A,Data_8596_B
Data_8597_A,Data_8597_B
Data_8598_A,Data_8598_B
Data_8599_A,Data_8599_B
Data_8600_A,Data_8600_B
Data_8601_A,Data_8601_B
Data_8602_A,Data_8602_B
Data_8603_A,Data_8603_B
Data_8604_A,Data_8604_B
Data_8605_A,Data_8605_B
Data_8606_A,Data_8606_B
Data_8607_A,Data_8607_B
Data_8608_A,Data_8608_B
Data_8609_A,Data_8609_B
Data_8610_A,Data_8610_B
Data_8611_A,Data_8611_B
Data_8612_A,Data_8612_B
Data_8613_A,Data_8613_B
Data_8614_A,Data_8614_B
Data_8615_A,Data_8615_B
Data_8616_A,Data_8616_B
Data_8617_A,Data_8617_B
Data_8618_A,Data_8618_B
Data_8619_A,Data_8619_B
Data_8620_A,Data_8620_B
Data_8621_A,Data_8621_B
Data_8622_A,Data_8622_B
Data_8623_A,Data_8623_B
Data_8624_A,Data_8624_B
Data_8625_A,Data_8625_B
Data_8626_A,Data_8626_B
Data_8627_A,Data_8627_B
Data_8628_A,Data_8628_B
Data_8629_A,Data_8629_B
Data_8630_A,Data_8630_B
Data_8631_A,Data_8631_B
Data_8632_A,Data_8632_B
Data_8633_A,Data_8633_B
Data_8634_A,Data_8634_B
Data_8635_A,Data_8635_B
Data_8636_A,Data_8636_B
Data_8637_A,Data_8637_B
Data_8638_A,Data_8638_B
Data_8639_A,Data_8639_B
Data_8640_A,Data_8640_B
Data_8641_A,Data_8641_B
Data_8642_A,Data_8642_B
Data_8643_A,Data_8643_B
Data_8644_A,Data_8644_B
Data_8645_A,Data_8645_B
Data_8646_A,Data_8646_B
Data_8647_A,Data_8647_B
Data_8648_A,Data_8648_B
Data_8649_A,Data_8649_B
Data_8650_A,Data_8650_B
Data_8651_A,Data_8651_B
Data_8652_A,Data_8652_B
Data_8653_A,Data_8653_B
Data_8654_A,Data_8654_B
Data_8655_A,Data_8655_B
Data_8656_A,Data_8656_B
Data_8657_A,Data_8657_B
Data_8658_A,Data_8658_B
Data_8659_A,Data_8659_B
Data_8660_A,Data_8660_B
Data_8661_A,Data_8661_B
Data_8662_A,Data_8662_B
Data_8663_A,Data_8663_B
Data_8664_A,Data_8664_B
Data_8665_A,Data_8665_B
Data_8666_A,Data_8666_B
Data_8667_A,Data_8667_B
Data_8668_A,Data_8668_B
Data_8669_A,Data_8669_B
Data_8670_A,Data_8670_B
Data_8671_A,Data_8671_B
Data_8672_A,Data_8672_B
Data_8673_A,Data_8673_B
Data_8674_A,Data_8674_B
Data_8675_A,Data_8675_B
Data_8676_A,Data_8676_B
Data_8677_A,Data_8677_B
Data_8678_A,Data_8678_B
Data_8679_A,Data_8679_B
Data_8680_A,Data_8680_B
Data_8681_A,Data_8681_B
Data_8682_A,Data_8682_B
Data_8683_A,Data_8683_B
Data_8684_A,Data_8684_B
Data_8685_A,Data_8685_B
Data_8686_A,Data_8686_B
Data_8687_A,Data_8687_B
Data_8688_A,Data_8688_B
Data_8689_A,Data_8689_B
Data_8690_A,Data_8690_B
Data_8691_A,Data_8691_B
Data_8692_A,Data_8692_B
Data_8693_A,Data_8693_B
Data_8694_A,Data_8694_B
Data_8695_A,Data_8695_B
Data_8696_A,Data_8696_B
Data_8697_A,Data_8697_B
Data_8698_A,Data_8698_B
Data_8699_A,Data_8699_B
Data_8700_A,Data_8700_B
Data_8701_A,Data_8701_B
Data_8702_A,Data_8702_B
Data_8703_A,Data_8703_B
Data_8704_A,Data_8704_B
Data_8705_A,Data_8705_B
Data_8706_A,Data_8706_B
Data_8707_A,Data_8707_B
Data_8708_A,Data_8708_B
Data_8709_A,Data_8709_B
Data_8710_A,Data_8710_B
Data_8711_A,Data_8711_B
Data_8712_A,Data_8712_B
Data_8713_A,Data_8713_B
Data_8714_A,Data_8714_B
Data_8715_A,Data_8715_B
Data_8716_A,Data_8716_B
Data_8717_A,Data_8717_B
Data_8718_A,Data_8718_B
Data_8719_A,Data_8719_B
Data_8720_A,Data_8720_B
Data_8721_A,Data_8721_B
Data_8722_A,Data_8722_B
Data_8723_A,Data_8723_B
Data_8724_A,Data_8724_B
Data_8725_A,Data_8725_B
Data_8726_A,Data_8726_B
Data_8727_A,Data_8727_B
Data_8728_A,Data_8728_B
Data_8729_A,Data_8729_B
Data_8730_A,Data_8730_B
Data_8731_A,Data_8731_B
Data_8732_A,Data_8732_B
Data_8733_A,Data_8733_B
Data_8734_A,Data_8734_B
Data_8735_A,Data_8735_B
Data_8736_A,Data_8736_B
Data_8737_A,Data_8737_B
Data_8738_A,Data_8738_B
Data_8739_A,Data_8739_B
Data_8740_A,Data_8740_B
Data_8741_A,Data_8741_B
Data_8742_A,Data_8742_B
Data_8743_A,Data_8743_B
Data_8744_A,Data_8744_B
Data_8745_A,Data_8745_B
Data_8746_A,Data_8746_B
Data_8747_A,Data_8747_B
Data_8748_A,Data_8748_B
Data_8749_A,Data_8749_B
Data_8750_A,Data_8750_B
Data_8751_A,Data_8751_B
Data_8752_A,Data_8752_B
Data_8753_A,Data_8753_B
Data_8754_A,Data_8754_B
Data_8755_A,Data_8755_B
Data_8756_A,Data_8756_B
Data_8757_A,Data_8757_B
Data_8758_A,Data_8758_B
Data_8759_A,Data_8759_B
Data_8760_A,Data_8760_B
Data_8761_A,Data_8761_B
Data_8762_A,Data_8762_B
Data_8763_A,Data_8763_B
Data_8764_A,Data_8764_B
Data_8765_A,Data_8765_B
Data_8766_A,Data_8766_B
Data_8767_A,Data_8767_B
Data_8768_A,Data_8768_B
Data_8769_A,Data_8769_B
Data_8770_A,Data_8770_B
Data_8771_A,Data_8771_B
Data_8772_A,Data_8772_B
Data_8773_A,Data_8773_B
Data_8774_A,Data_8774_B
Data_8775_A,Data_8775_B
Data_8776_A,Data_8776_B
Data_8777_A,Data_8777_B
Data_8778_A,Data_8778_B
Data_8779_A,Data_8779_B
Data_8780_A,Data_8780_B
Data_8781_A,Data_8781_B
Data_8782_A,Data_8782_B
Data_8783_A,Data_8783_B
Data_8784_A,Data_8784_B
Data_8785_A,Data_8785_B
Data_8786_A,Data_8786_B
Data_8787_A,Data_8787_B
Data_8788_A,Data_8788_B
Data_8789_A,Data_8789_B
Data_8790_A,Data_8790_B
Data_8791_A,Data_8791_B
Data_8792_A,Data_8792_B
Data_8793_A,Data_8793_B
Data_8794_A,Data_8794_B
Data_8795_A,Data_8795_B
Data_8796_A,Data_8796_B
Data_8797_A,Data_8797_B
Data_8798_A,Data_8798_B
Data_8799_A,Data_8799_B
Data_8800_A,Data_8800_B
Data_8801_A,Data_8801_B
Data_8802_A,Data_8802_B
Data_8803_A,Data_8803_B
Data_8804_A,Data_8804_B
Data_8805_A,Data_8805_B
Data_8806_A,Data_8806_B
Data_8807_A,Data_8807_B
Data_8808_A,Data_8808_B
Data_8809_A,Data_8809_B
Data_8810_A,Data_8810_B
Data_8811_A,Data_8811_B
Data_8812_A,Data_8812_B
Data_8813_A,Data_8813_B
Data_8814_A,Data_8814_B
Data_8815_A,Data_8815_B
Data_8816_A,Data_8816_B
Data_8817_A,Data_8817_B
Data_8818_A,Data_8818_B
Data_8819_A,Data_8819_B
Data_8820_A,Data_8820_B
Data_8821_A,Data_8821_B
Data_8822_A,Data_8822_B
Data_8823_A,Data_8823_B
Data_8824_A,Data_8824_B
Data_8825_A,Data_8825_B
Data_8826_A,Data_8826_B
Data_8827_A,Data_8827_B
Data_8828_A,Data_8828_B
Data_8829_A,Data_8829_B
Data_8830_A,Data_8830_B
Data_8831_A,Data_8831_B
Data_8832_A,Data_8832_B
Data_8833_A,Data_8833_B
Data_8834_A,Data_8834_B
Data_8835_A,Data_8835_B
Data_8836_A,Data_8836_B
Data_8837_A,Data_8837_B
Data_8838_A,Data_8838_B
Data_8839_A,Data_8839_B
Data_8840_A,Data_8840_B
Data_8841_A,Data_8841_B
Data_8842_A,Data_8842_B
Data_8843_A,Data_8843_B
Data_8844_A,Data_8844_B
Data_8845_A,Data_8845_B
Data_8846_A,Data_8846_B
Data_8847_A,Data_8847_B
Data_8848_A,Data_8848_B
Data_8849_A,Data_8849_B
Data_8850_A,Data_8850_B
Data_8851_A,Data_8851_B
Data_8852_A,Data_8852_B
Data_8853_A,Data_8853_B
Data_8854_A,Data_8854_B
Data_8855_A,Data_8855_B
Data_8856_A,Data_8856_B
Data_8857_A,Data_8857_B
Data_8858_A,Data_8858_B
Data_8859_A,Data_8859_B
Data_8860_A,Data_8860_B
Data_8861_A,Data_8861_B
Data_8862_A,Data_8862_B
Data_8863_A,Data_8863_B
Data_8864_A,Data_8864_B
Data_8865_A,Data_8865_B
Data_8866_A,Data_8866_B
Data_8867_A,Data_8867_B
Data_8868_A,Data_8868_B
Data_8869_A,Data_8869_B
Data_8870_A,Data_8870_B
Data_8871_A,Data_8871_B
Data_8872_A,Data_8872_B
Data_8873_A,Data_8873_B
Data_8874_A,Data_8874_B
Data_8875_A,Data_8875_B
Data_8876_A,Data_8876_B
Data_8877_A,Data_8877_B
Data_8878_A,Data_8878_B
Data_8879_A,Data_8879_B
Data_8880_A,Data_8880_B
Data_8881_A,Data_8881_B
Data_8882_A,Data_8882_B
Data_8883_A,Data_8883_B
Data_8884_A,Data_8884_B
Data_8885_A,Data_8885_B
Data_8886_A,Data_8886_B
Data_8887_A,Data_8887_B
Data_8888_A,Data_8888_B
Data_8889_A,Data_8889_B
Data_8890_A,Data_8890_B
Data_8891_A,Data_8891_B
Data_8892_A,Data_8892_B
Data_8893_A,Data_8893_B
Data_8894_A,Data_8894_B
Data_8895_A,Data_8895_B
Data_8896_A,Data_8896_B
Data_8897_A,Data_8897_B
Data_8898_A,Data_8898_B
Data_8899_A,Data_8899_B
Data_8900_A,Data_8900_B
Data_8901_A,Data_8901_B
Data_8902_A,Data_8902_B
Data_8903_A,Data_8903_B
Data_8904_A,Data_8904_B
Data_8905_A,Data_8905_B
Data_8906_A,Data_8906_B
Data_8907_A,Data_8907_B
Data_8908_A,Data_8908_B
Data_8909_A,Data_8909_B
Data_8910_A,Data_8910_B
Data_8911_A,Data_8911_B
Data_8912_A,Data_8912_B
Data_8913_A,Data_8913_B
Data_8914_A,Data_8914_B
Data_8915_A,Data_8915_B
Data_8916_A,Data_8916_B
Data_8917_A,Data_8917_B
Data_8918_A,Data_8918_B
Data_8919_A,Data_8919_B
Data_8920_A,Data_8920_B
Data_8921_A,Data_8921_B
Data_8922_A,Data_8922_B
Data_8923_A,Data_8923_B
Data_8924_A,Data_8924_B
Data_8925_A,Data_8925_B
Data_8926_A,Data_8926_B
Data_8927_A,Data_8927_B
Data_8928_A,Data_8928_B
Data_8929_A,Data_8929_B
Data_8930_A,Data_8930_B
Data_8931_A,Data_8931_B
Data_8932_A,Data_8932_B
Data_8933_A,Data_8933_B
Data_8934_A,Data_8934_B
Data_8935_A,Data_8935_B
Data_8936_A,Data_8936_B
Data_8937_A,Data_8937_B
Data_8938_A,Data_8938_B
Data_8939_A,Data_8939_B
Data_8940_A,Data_8940_B
Data_8941_A,Data_8941_B
Data_8942_A,Data_8942_B
Data_8943_A,Data_8943_B
Data_8944_A,Data_8944_B
Data_8945_A,Data_8945_B
Data_8946_A,Data_8946_B
Data_8947_A,Data_8947_B
Data_8948_A,Data_8948_B
Data_8949_A,Data_8949_B
Data_8950_A,Data_8950_B
Data_8951_A,Data_8951_B
Data_8952_A,Data_8952_B
Data_8953_A,Data_8953_B
Data_8954_A,Data_8954_B
Data_8955_A,Data_8955_B
Data_8956_A,Data_8956_B
Data_8957_A,Data_8957_B
Data_8958_A,Data_8958_B
Data_8959_A,Data_8959_B
Data_8960_A,Data_8960_B
Data_8961_A,Data_8961_B
Data_8962_A,Data_8962_B
Data_8963_A,Data_8963_B
Data_8964_A,Data_8964_B
Data_8965_A,Data_8965_B
Data_8966_A,Data_8966_B
Data_8967_A,Data_8967_B
Data_8968_A,Data_8968_B
Data_8969_A,Data_8969_B
Data_8970_A,Data_8970_B
Data_8971_A,Data_8971_B
Data_8972_A,Data_8972_B
Data_8973_A,Data_8973_B
Data_8974_A,Data_8974_B
Data_8975_A,Data_8975_B
Data_8976_A,Data_8976_B
Data_8977_A,Data_8977_B
Data_8978_A,Data_8978_B
Data_8979_A,Data_8979_B
Data_8980_A,Data_8980_B
Data_8981_A,Data_8981_B
Data_8982_A,Data_8982_B
Data_8983_A,Data_8983_B
Data_8984_A,Data_8984_B
Data_8985_A,Data_8985_B
Data_8986_A,Data_8986_B
Data_8987_A,Data_8987_B
Data_8988_A,Data_8988_B
Data_8989_A,Data_8989_B
Data_8990_A,Data_8990_B
Data_8991_A,Data_8991_B
Data_8992_A,Data_8992_B
Data_8993_A,Data_8993_B
Data_8994_A,Data_8994_B
Data_8995_A,Data_8995_B
Data_8996_A,Data_8996_B
Data_8997_A,Data_8997_B
Data_8998_A,Data_8998_B
Data_8999_A,Data_8999_B
Data_9000_A,Data_9000_B
Data_9001_A,Data_9001_B
Data_9002_A,Data_9002_B
Data_9003_A,Data_9003_B
Data_9004_A,Data_9004_B
Data_9005_A,Data_9005_B
Data_9006_A,Data_9006_B
Data_9007_A,Data_9007_B
Data_9008_A,Data_9008_B
Data_9009_A,Data_9009_B
Data_9010_A,Data_9010_B
Data_9011_A,Data_9011_B
Data_9012_A,Data_9012_B
Data_9013_A,Data_9013_B
Data_9014_A,Data_9014_B
Data_9015_A,Data_9015_B
Data_9016_A,Data_9016_B
Data_9017_A,Data_9017_B
Data_9018_A,Data_9018_B
Data_9019_A,Data_9019_B
Data_9020_A,Data_9020_B
Data_9021_A,Data_9021_B
Data_9022_A,Data_9022_B
Data_9023_A,Data_9023_B
Data_9024_A,Data_9024_B
Data_9025_A,Data_9025_B
Data_9026_A,Data_9026_B
Data_9027_A,Data_9027_B
Data_9028_A,Data_9028_B
Data_9029_A,Data_9029_B
Data_9030_A,Data_9030_B
Data_9031_A,Data_9031_B
Data_9032_A,Data_9032_B
Data_9033_A,Data_9033_B
Data_9034_A,Data_9034_B
Data_9035_A,Data_9035_B
Data_9036_A,Data_9036_B
Data_9037_A,Data_9037_B
Data_9038_A,Data_9038_B
Data_9039_A,Data_9039_B
Data_9040_A,Data_9040_B
Data_9041_A,Data_9041_B
Data_9042_A,Data_9042_B
Data_9043_A,Data_9043_B
Data_9044_A,Data_9044_B
Data_9045_A,Data_9045_B
Data_9046_A,Data_9046_B
Data_9047_A,Data_9047_B
Data_9048_A,Data_9048_B
Data_9049_A,Data_9049_B
Data_9050_A,Data_9050_B
Data_9051_A,Data_9051_B
Data_9052_A,Data_9052_B
Data_9053_A,Data_9053_B
Data_9054_A,Data_9054_B
Data_9055_A,Data_9055_B
Data_9056_A,Data_9056_B
Data_9057_A,Data_9057_B
Data_9058_A,Data_9058_B
Data_9059_A,Data_9059_B
Data_9060_A,Data_9060_B
Data_9061_A,Data_9061_B
Data_9062_A,Data_9062_B
Data_9063_A,Data_9063_B
Data_9064_A,Data_9064_B
Data_9065_A,Data_9065_B
Data_9066_A,Data_9066_B
Data_9067_A,Data_9067_B
Data_9068_A,Data_9068_B
Data_9069_A,Data_9069_B
Data_9070_A,Data_9070_B
Data_9071_A,Data_9071_B
Data_9072_A,Data_9072_B
Data_9073_A,Data_9073_B
Data_9074_A,Data_9074_B
Data_9075_A,Data_9075_B
Data_9076_A,Data_9076_B
Data_9077_A,Data_9077_B
Data_9078_A,Data_9078_B
Data_9079_A,Data_9079_B
Data_9080_A,Data_9080_B
Data_9081_A,Data_9081_B
Data_9082_A,Data_9082_B
Data_9083_A,Data_9083_B
Data_9084_A,Data_9084_B
Data_9085_A,Data_9085_B
Data_9086_A,Data_9086_B
Data_9087_A,Data_9087_B
Data_9088_A,Data_9088_B
Data_9089_A,Data_9089_B
Data_9090_A,Data_9090_B
Data_9091_A,Data_9091_B
Data_9092_A,Data_9092_B
Data_9093_A,Data_9093_B
Data_9094_A,Data_9094_B
Data_9095_A,Data_9095_B
Data_9096_A,Data_9096_B
Data_9097_A,Data_9097_B
Data_9098_A,Data_9098_B
Data_9099_A,Data_9099_B
Data_9100_A,Data_9100_B
Data_9101_A,Data_9101_B
Data_9102_A,Data_9102_B
Data_9103_A,Data_9103_B
Data_9104_A,Data_9104_B
Data_9105_A,Data_9105_B
Data_9106_A,Data_9106_B
Data_9107_A,Data_9107_B
Data_9108_A,Data_9108_B
Data_9109_A,Data_9109_B
Data_9110_A,Data_9110_B
Data_9111_A,Data_9111_B
Data_9112_A,Data_9112_B
Data_9113_A,Data_9113_B
Data_9114_A,Data_9114_B
Data_9115_A,Data_9115_B
Data_9116_A,Data_9116_B
Data_9117_A,Data_9117_B
Data_9118_A,Data_9118_B
Data_9119_A,Data_9119_B
Data_9120_A,Data_9120_B
Data_9121_A,Data_9121_B
Data_9122_A,Data_9122_B
Data_9123_A,Data_9123_B
Data_9124_A,Data_9124_B
Data_9125_A,Data_9125_B
Data_9126_A,Data_9126_B
Data_9127_A,Data_9127_B
Data_9128_A,Data_9128_B
Data_9129_A,Data_9129_B
Data_9130_A,Data_9130_B
Data_9131_A,Data_9131_B
Data_9132_A,Data_9132_B
Data_9133_A,Data_9133_B
Data_9134_A,Data_9134_B
Data_9135_A,Data_9135_B
Data_9136_A,Data_9136_B
Data_9137_A,Data_9137_B
Data_9138_A,Data_9138_B
Data_9139_A,Data_9139_B
Data_9140_A,Data_9140_B
Data_9141_A,Data_9141_B
Data_9142_A,Data_9142_B
Data_9143_A,Data_9143_B
Data_9144_A,Data_9144_B
Data_9145_A,Data_9145_B
Data_9146_A,Data_9146_B
Data_9147_A,Data_9147_B
Data_9148_A,Data_9148_B
Data_9149_A,Data_9149_B
Data_9150_A,Data_9150_B
Data_9151_A,Data_9151_B
Data_9152_A,Data_9152_B
Data_9153_A,Data_9153_B
Data_9154_A,Data_9154_B
Data_9155_A,Data_9155_B
Data_9156_A,Data_9156_B
Data_9157_A,Data_9157_B
Data_9158_A,Data_9158_B
Data_9159_A,Data_9159_B
Data_9160_A,Data_9160_B
Data_9161_A,Data_9161_B
Data_9162_A,Data_9162_B
Data_9163_A,Data_9163_B
Data_9164_A,Data_9164_B
Data_9165_A,Data_9165_B
Data_9166_A,Data_9166_B
Data_9167_A,Data_9167_B
Data_9168_A,Data_9168_B
Data_9169_A,Data_9169_B
Data_9170_A,Data_9170_B
Data_9171_A,Data_9171_B
Data_9172_A,Data_9172_B
Data_9173_A,Data_9173_B
Data_9174_A,Data_9174_B
Data_9175_A,Data_9175_B
Data_9176_A,Data_9176_B
Data_9177_A,Data_9177_B
Data_9178_A,Data_9178_B
Data_9179_A,Data_9179_B
Data_9180_A,Data_9180_B
Data_9181_A,Data_9181_B
Data_9182_A,Data_9182_B
Data_9183_A,Data_9183_B
Data_9184_A,Data_9184_B
Data_9185_A,Data_9185_B
Data_9186_A,Data_9186_B
Data_9187_A,Data_9187_B
Data_9188_A,Data_9188_B
Data_9189_A,Data_9189_B
Data_9190_A,Data_9190_B
Data_9191_A,Data_9191_B
Data_9192_A,Data_9192_B
Data_9193_A,Data_9193_B
Data_9194_A,Data_9194_B
Data_9195_A,Data_9195_B
Data_9196_A,Data_9196_B
Data_9197_A,Data_9197_B
Data_9198_A,Data_9198_B
Data_9199_A,Data_9199_B
Data_9200_A,Data_9200_B
Data_9201_A,Data_9201_B
Data_9202_A,Data_9202_B
Data_9203_A,Data_9203_B
Data_9204_A,Data_9204_B
Data_9205_A,Data_9205_B
Data_9206_A,Data_9206_B
Data_9207_A,Data_9207_B
Data_9208_A,Data_9208_B
Data_9209_A,Data_9209_B
Data_9210_A,Data_9210_B
Data_9211_A,Data_9211_B
Data_9212_A,Data_9212_B
Data_9213_A,Data_9213_B
Data_9214_A,Data_9214_B
Data_9215_A,Data_9215_B
Data_9216_A,Data_9216_B
Data_9217_A,Data_9217_B
Data_9218_A,Data_9218_B
Data_9219_A,Data_9219_B
Data_9220_A,Data_9220_B
Data_9221_A,Data_9221_B
Data_9222_A,Data_9222_B
Data_9223_A,Data_9223_B
Data_9224_A,Data_9224_B
Data_9225_A,Data_9225_B
Data_9226_A,Data_9226_B
Data_9227_A,Data_9227_B
Data_9228_A,Data_9228_B
Data_9229_A,Data_9229_B
Data_9230_A,Data_9230_B
Data_9231_A,Data_9231_B
Data_9232_A,Data_9232_B
Data_9233_A,Data_9233_B
Data_9234_A,Data_9234_B
Data_9235_A,Data_9235_B
Data_9236_A,Data_9236_B
Data_9237_A,Data_9237_B
Data_9238_A,Data_9238_B
Data_9239_A,Data_9239_B
Data_9240_A,Data_9240_B
Data_9241_A,Data_9241_B
Data_9242_A,Data_9242_B
Data_9243_A,Data_9243_B
Data_9244_A,Data_9244_B
Data_9245_A,Data_9245_B
Data_9246_A,Data_9246_B
Data_9247_A,Data_9247_B
Data_9248_A,Data_9248_B
Data_9249_A,Data_9249_B
Data_9250_A,Data_9250_B
Data_9251_A,Data_9251_B
Data_9252_A,Data_9252_B
Data_9253_A,Data_9253_B
Data_9254_A,Data_9254_B
Data_9255_A,Data_9255_B
Data_9256_A,Data_9256_B
Data_9257_A,Data_9257_B
Data_9258_A,Data_9258_B
Data_9259_A,Data_9259_B
Data_9260_A,Data_9260_B
Data_9261_A,Data_9261_B
Data_9262_A,Data_9262_B
Data_9263_A,Data_9263_B
Data_9264_A,Data_9264_B
Data_9265_A,Data_9265_B
Data_9266_A,Data_9266_B
Data_9267_A,Data_9267_B
Data_9268_A,Data_9268_B
Data_9269_A,Data_9269_B
Data_9270_A,Data_9270_B
Data_9271_A,Data_9271_B
Data_9272_A,Data_9272_B
Data_9273_A,Data_9273_B
Data_9274_A,Data_9274_B
Data_9275_A,Data_9275_B
Data_9276_A,Data_9276_B
Data_9277_A,Data_9277_B
Data_9278_A,Data_9278_B
Data_9279_A,Data_9279_B
Data_9280_A,Data_9280_B
Data_9281_A,Data_9281_B
Data_9282_A,Data_9282_B
Data_9283_A,Data_9283_B
Data_9284_A,Data_9284_B
Data_9285_A,Data_9285_B
Data_9286_A,Data_9286_B
Data_9287_A,Data_9287_B
Data_9288_A,Data_9288_B
Data_9289_A,Data_9289_B
Data_9290_A,Data_9290_B
Data_9291_A,Data_9291_B
Data_9292_A,Data_9292_B
Data_9293_A,Data_9293_B
Data_9294_A,Data_9294_B
Data_9295_A,Data_9295_B
Data_9296_A,Data_9296_B
Data_9297_A,Data_9297_B
Data_9298_A,Data_9298_B
Data_9299_A,Data_9299_B
Data_9300_A,Data_9300_B
Data_9301_A,Data_9301_B
Data_9302_A,Data_9302_B
Data_9303_A,Data_9303_B
Data_9304_A,Data_9304_B
Data_9305_A,Data_9305_B
Data_9306_A,Data_9306_B
Data_9307_A,Data_9307_B
Data_9308_A,Data_9308_B
Data_9309_A,Data_9309_B
Data_9310_A,Data_9310_B
Data_9311_A,Data_9311_B
Data_9312_A,Data_9312_B
Data_9313_A,Data_9313_B
Data_9314_A,Data_9314_B
Data_9315_A,Data_9315_B
Data_9316_A,Data_9316_B
Data_9317_A,Data_9317_B
Data_9318_A,Data_9318_B
Data_9319_A,Data_9319_B
Data_9320_A,Data_9320_B
Data_9321_A,Data_9321_B
Data_9322_A,Data_9322_B
Data_9323_A,Data_9323_B
Data_9324_A,Data_9324_B
Data_9325_A,Data_9325_B
Data_9326_A,Data_9326_B
Data_9327_A,Data_9327_B
Data_9328_A,Data_9328_B
Data_9329_A,Data_9329_B
Data_9330_A,Data_9330_B
Data_9331_A,Data_9331_B
Data_9332_A,Data_9332_B
Data_9333_A,Data_9333_B
Data_9334_A,Data_9334_B
Data_9335_A,Data_9335_B
Data_9336_A,Data_9336_B
Data_9337_A,Data_9337_B
Data_9338_A,Data_9338_B
Data_9339_A,Data_9339_B
Data_9340_A,Data_9340_B
Data_9341_A,Data_9341_B
Data_9342_A,Data_9342_B
Data_9343_A,Data_9343_B
Data_9344_A,Data_9344_B
Data_9345_A,Data_9345_B
Data_9346_A,Data_9346_B
Data_9347_A,Data_9347_B
Data_9348_A,Data_9348_B
Data_9349_A,Data_9349_B
Data_9350_A,Data_9350_B
Data_9351_A,Data_9351_B
Data_9352_A,Data_9352_B
Data_9353_A,Data_9353_B
Data_9354_A,Data_9354_B
Data_9355_A,Data_9355_B
Data_9356_A,Data_9356_B
Data_9357_A,Data_9357_B
Data_9358_A,Data_9358_B
Data_9359_A,Data_9359_B
Data_9360_A,Data_9360_B
Data_9361_A,Data_9361_B
Data_9362_A,Data_9362_B
Data_9363_A,Data_9363_B
Data_9364_A,Data_9364_B
Data_9365_A,Data_9365_B
Data_9366_A,Data_9366_B
Data_9367_A,Data_9367_B
Data_9368_A,Data_9368_B
Data_9369_A,Data_9369_B
Data_9370_A,Data_9370_B
Data_9371_A,Data_9371_B
Data_9372_A,Data_9372_B
Data_9373_A,Data_9373_B
Data_9374_A,Data_9374_B
Data_9375_A,Data_9375_B
Data_9376_A,Data_9376_B
Data_9377_A,Data_9377_B
Data_9378_A,Data_9378_B
Data_9379_A,Data_9379_B
Data_9380_A,Data_9380_B
Data_9381_A,Data_9381_B
Data_9382_A,Data_9382_B
Data_9383_A,Data_9383_B
Data_9384_A,Data_9384_B
Data_9385_A,Data_9385_B
Data_9386_A,Data_9386_B
Data_9387_A,Data_9387_B
Data_9388_A,Data_9388_B
Data_9389_A,Data_9389_B
Data_9390_A,Data_9390_B
Data_9391_A,Data_9391_B
Data_9392_A,Data_9392_B
Data_9393_A,Data_9393_B
Data_9394_A,Data_9394_B
Data_9395_A,Data_9395_B
Data_9396_A,Data_9396_B
Data_9397_A,Data_9397_B
Data_9398_A,Data_9398_B
Data_9399_A,Data_9399_B
Data_9400_A,Data_9400_B
Data_9401_A,Data_9401_B
Data_9402_A,Data_9402_B
Data_9403_A,Data_9403_B
Data_9404_A,Data_9404_B
Data_9405_A,Data_9405_B
Data_9406_A,Data_9406_B
Data_9407_A,Data_9407_B
Data_9408_A,Data_9408_B
Data_9409_A,Data_9409_B
Data_9410_A,Data_9410_B
Data_9411_A,Data_9411_B
Data_9412_A,Data_9412_B
Data_9413_A,Data_9413_B
Data_9414_A,Data_9414_B
Data_9415_A,Data_9415_B
Data_9416_A,Data_9416_B
Data_9417_A,Data_9417_B
Data_9418_A,Data_9418_B
Data_9419_A,Data_9419_B
Data_9420_A,Data_9420_B
Data_9421_A,Data_9421_B
Data_9422_A,Data_9422_B
Data_9423_A,Data_9423_B
Data_9424_A,Data_9424_B
Data_9425_A,Data_9425_B
Data_9426_A,Data_9426_B
Data_9427_A,Data_9427_B
Data_9428_A,Data_9428_B
Data_9429_A,Data_9429_B
Data_9430_A,Data_9430_B
Data_9431_A,Data_9431_B
Data_9432_A,Data_9432_B
Data_9433_A,Data_9433_B
Data_9434_A,Data_9434_B
Data_9435_A,Data_9435_B
Data_9436_A,Data_9436_B
Data_9437_A,Data_9437_B
Data_9438_A,Data_9438_B
Data_9439_A,Data_9439_B
Data_9440_A,Data_9440_B
Data_9441_A,Data_9441_B
Data_9442_A,Data_9442_B
Data_9443_A,Data_9443_B
Data_9444_A,Data_9444_B
Data_9445_A,Data_9445_B
Data_9446_A,Data_9446_B
Data_9447_A,Data_9447_B
Data_9448_A,Data_9448_B
Data_9449_A,Data_9449_B
Data_9450_A,Data_9450_B
Data_9451_A,Data_9451_B
Data_9452_A,Data_9452_B
Data_9453_A,Data_9453_B
Data_9454_A,Data_9454_B
Data_9455_A,Data_9455_B
Data_9456_A,Data_9456_B
Data_9457_A,Data_9457_B
Data_9458_A,Data_9458_B
Data_9459_A,Data_9459_B
Data_9460_A,Data_9460_B
Data_9461_A,Data_9461_B
Data_9462_A,Data_9462_B
Data_9463_A,Data_9463_B
Data_9464_A,Data_9464_B
Data_9465_A,Data_9465_B
Data_9466_A,Data_9466_B
Data_9467_A,Data_9467_B
Data_9468_A,Data_9468_B
Data_9469_A,Data_9469_B
Data_9470_A,Data_9470_B
Data_9471_A,Data_9471_B
Data_9472_A,Data_9472_B
Data_9473_A,Data_9473_B
Data_9474_A,Data_9474_B
Data_9475_A,Data_9475_B
Data_9476_A,Data_9476_B
Data_9477_A,Data_9477_B
Data_9478_A,Data_9478_B
Data_9479_A,Data_9479_B
Data_9480_A,Data_9480_B
Data_9481_A,Data_9481_B
Data_9482_A,Data_9482_B
Data_9483_A,Data_9483_B
Data_9484_A,Data_9484_B
Data_9485_A,Data_9485_B
Data_9486_A,Data_9486_B
Data_9487_A,Data_9487_B
Data_9488_A,Data_9488_B
Data_9489_A,Data_9489_B
Data_9490_A,Data_9490_B
Data_9491_A,Data_9491_B
Data_9492_A,Data_9492_B
Data_9493_A,Data_9493_B
Data_9494_A,Data_9494_B
Data_9495_A,Data_9495_B
Data_9496_A,Data_9496_B
Data_9497_A,Data_9497_B
Data_9498_A,Data_9498_B
Data_9499_A,Data_9499_B
Data_9500_A,Data_9500_B
Data_9501_A,Data_9501_B
Data_9502_A,Data_9502_B
Data_9503_A,Data_9503_B
Data_9504_A,Data_9504_B
Data_9505_A,Data_9505_B
Data_9506_A,Data_9506_B
Data_9507_A,Data_9507_B
Data_9508_A,Data_9508_B
Data_9509_A,Data_9509_B
Data_9510_A,Data_9510_B
Data_9511_A,Data_9511_B
Data_9512_A,Data_9512_B
Data_9513_A,Data_9513_B
Data_9514_A,Data_9514_B
Data_9515_A,Data_9515_B
Data_9516_A,Data_9516_B
Data_9517_A,Data_9517_B
Data_9518_A,Data_9518_B
Data_9519_A,Data_9519_B
Data_9520_A,Data_9520_B
Data_9521_A,Data_9521_B
Data_9522_A,Data_9522_B
Data_9523_A,Data_9523_B
Data_9524_A,Data_9524_B
Data_9525_A,Data_9525_B
Data_9526_A,Data_9526_B
Data_9527_A,Data_9527_B
Data_9528_A,Data_9528_B
Data_9529_A,Data_9529_B
Data_9530_A,Data_9530_B
Data_9531_A,Data_9531_B
Data_9532_A,Data_9532_B
Data_9533_A,Data_9533_B
Data_9534_A,Data_9534_B
Data_9535_A,Data_9535_B
Data_9536_A,Data_9536_B
Data_9537_A,Data_9537_B
Data_9538_A,Data_9538_B
Data_9539_A,Data_9539_B
Data_9540_A,Data_9540_B
Data_9541_A,Data_9541_B
Data_9542_A,Data_9542_B
Data_9543_A,Data_9543_B
Data_9544_A,Data_9544_B
Data_9545_A,Data_9545_B
Data_9546_A,Data_9546_B
Data_9547_A,Data_9547_B
Data_9548_A,Data_9548_B
Data_9549_A,Data_9549_B
Data_9550_A,Data_9550_B
Data_9551_A,Data_9551_B
Data_9552_A,Data_9552_B
Data_9553_A,Data_9553_B
Data_9554_A,Data_9554_B
Data_9555_A,Data_9555_B
Data_9556_A,Data_9556_B
Data_9557_A,Data_9557_B
Data_9558_A,Data_9558_B
Data_9559_A,Data_9559_B
Data_9560_A,Data_9560_B
Data_9561_A,Data_9561_B
Data_9562_A,Data_9562_B
Data_9563_A,Data_9563_B
Data_9564_A,Data_9564_B
Data_9565_A,Data_9565_B
Data_9566_A,Data_9566_B
Data_9567_A,Data_9567_B
Data_9568_A,Data_9568_B
Data_9569_A,Data_9569_B
Data_9570_A,Data_9570_B
Data_9571_A,Data_9571_B
Data_9572_A,Data_9572_B
Data_9573_A,Data_9573_B
Data_9574_A,Data_9574_B
Data_9575_A,Data_9575_B
Data_9576_A,Data_9576_B
Data_9577_A,Data_9577_B
Data_9578_A,Data_9578_B
Data_9579_A,Data_9579_B
Data_9580_A,Data_9580_B
Data_9581_A,Data_9581_B
Data_9582_A,Data_9582_B
Data_9583_A,Data_9583_B
Data_9584_A,Data_9584_B
Data_9585_A,Data_9585_B
Data_9586_A,Data_9586_B
Data_9587_A,Data_9587_B
Data_9588_A,Data_9588_B
Data_9589_A,Data_9589_B
Data_9590_A,Data_9590_B
Data_9591_A,Data_9591_B
Data_9592_A,Data_9592_B
Data_9593_A,Data_9593_B
Data_9594_A,Data_9594_B
Data_9595_A,Data_9595_B
Data_9596_A,Data_9596_B
Data_9597_A,Data_9597_B
Data_9598_A,Data_9598_B
Data_9599_A,Data_9599_B
Data_9600_A,Data_9600_B
Data_9601_A,Data_9601_B
Data_9602_A,Data_9602_B
Data_9603_A,Data_9603_B
Data_9604_A,Data_9604_B
Data_9605_A,Data_9605_B
Data_9606_A,Data_9606_B
Data_9607_A,Data_9607_B
Data_9608_A,Data_9608_B
Data_9609_A,Data_9609_B
Data_9610_A,Data_9610_B
Data_9611_A,Data_9611_B
Data_9612_A,Data_9612_B
Data_9613_A,Data_9613_B
Data_9614_A,Data_9614_B
Data_9615_A,Data_9615_B
Data_9616_A,Data_9616_B
Data_9617_A,Data_9617_B
Data_9618_A,Data_9618_B
Data_9619_A,Data_9619_B
Data_9620_A,Data_9620_B
Data_9621_A,Data_9621_B
Data_9622_A,Data_9622_B
Data_9623_A,Data_9623_B
Data_9624_A,Data_9624_B
Data_9625_A,Data_9625_B
Data_9626_A,Data_9626_B
Data_9627_A,Data_9627_B
Data_9628_A,Data_9628_B
Data_9629_A,Data_9629_B
Data_9630_A,Data_9630_B
Data_9631_A,Data_9631_B
Data_9632_A,Data_9632_B
Data_9633_A,Data_9633_B
Data_9634_A,Data_9634_B
Data_9635_A,Data_9635_B
Data_9636_A,Data_9636_B
Data_9637_A,Data_9637_B
Data_9638_A,Data_9638_B
Data_9639_A,Data_9639_B
Data_9640_A,Data_9640_B
Data_9641_A,Data_9641_B
Data_9642_A,Data_9642_B
Data_9643_A,Data_9643_B
Data_9644_A,Data_9644_B
Data_9645_A,Data_9645_B
Data_9646_A,Data_9646_B
Data_9647_A,Data_9647_B
Data_9648_A,Data_9648_B
Data_9649_A,Data_9649_B
Data_9650_A,Data_9650_B
Data_9651_A,Data_9651_B
Data_9652_A,Data_9652_B
Data_9653_A,Data_9653_B
Data_9654_A,Data_9654_B
Data_9655_A,Data_9655_B
Data_9656_A,Data_9656_B
Data_9657_A,Data_9657_B
Data_9658_A,Data_9658_B
Data_9659_A,Data_9659_B
Data_9660_A,Data_9660_B
Data_9661_A,Data_9661_B
Data_9662_A,Data_9662_B
Data_9663_A,Data_9663_B
Data_9664_A,Data_9664_B
Data_9665_A,Data_9665_B
Data_9666_A,Data_9666_B
Data_9667_A,Data_9667_B
Data_9668_A,Data_9668_B
Data_9669_A,Data_9669_B
Data_9670_A,Data_9670_B
Data_9671_A,Data_9671_B
Data_9672_A,Data_9672_B
Data_9673_A,Data_9673_B
Data_9674_A,Data_9674_B
Data_9675_A,Data_9675_B
Data_9676_A,Data_9676_B
Data_9677_A,Data_9677_B
Data_9678_A,Data_9678_B
Data_9679_A,Data_9679_B
Data_9680_A,Data_9680_B
Data_9681_A,Data_9681_B
Data_9682_A,Data_9682_B
Data_9683_A,Data_9683_B
Data_9684_A,Data_9684_B
Data_9685_A,Data_9685_B
Data_9686_A,Data_9686_B
Data_9687_A,Data_9687_B
Data_9688_A,Data_9688_B
Data_9689_A,Data_9689_B
Data_9690_A,Data_9690_B
Data_9691_A,Data_9691_B
Data_9692_A,Data_9692_B
Data_9693_A,Data_9693_B
Data_9694_A,Data_9694_B
Data_9695_A,Data_9695_B
Data_9696_A,Data_9696_B
Data_9697_A,Data_9697_B
Data_9698_A,Data_9698_B
Data_9699_A,Data_9699_B
Data_9700_A,Data_9700_B
Data_9701_A,Data_9701_B
Data_9702_A,Data_9702_B
Data_9703_A,Data_9703_B
Data_9704_A,Data_9704_B
Data_9705_A,Data_9705_B
Data_9706_A,Data_9706_B
Data_9707_A,Data_9707_B
Data_9708_A,Data_9708_B
Data_9709_A,Data_9709_B
Data_9710_A,Data_9710_B
Data_9711_A,Data_9711_B
Data_9712_A,Data_9712_B
Data_9713_A,Data_9713_B
Data_9714_A,Data_9714_B
Data_9715_A,Data_9715_B
Data_9716_A,Data_9716_B
Data_9717_A,Data_9717_B
Data_9718_A,Data_9718_B
Data_9719_A,Data_9719_B
Data_9720_A,Data_9720_B
Data_9721_A,Data_9721_B
Data_9722_A,Data_9722_B
Data_9723_A,Data_9723_B
Data_9724_A,Data_9724_B
Data_9725_A,Data_9725_B
Data_9726_A,Data_9726_B
Data_9727_A,Data_9727_B
Data_9728_A,Data_9728_B
Data_9729_A,Data_9729_B
Data_9730_A,Data_9730_B
Data_9731_A,Data_9731_B
Data_9732_A,Data_9732_B
Data_9733_A,Data_9733_B
Data_9734_A,Data_9734_B
Data_9735_A,Data_9735_B
Data_9736_A,Data_9736_B
Data_9737_A,Data_9737_B
Data_9738_A,Data_9738_B
Data_9739_A,Data_9739_B
Data_9740_A,Data_9740_B
Data_9741_A,Data_9741_B
Data_9742_A,Data_9742_B
Data_9743_A,Data_9743_B
Data_9744_A,Data_9744_B
Data_9745_A,Data_9745_B
Data_9746_A,Data_9746_B
Data_9747_A,Data_9747_B
Data_9748_A,Data_9748_B
Data_9749_A,Data_9749_B
Data_9750_A,Data_9750_B
Data_9751_A,Data_9751_B
Data_9752_A,Data_9752_B
Data_9753_A,Data_9753_B
Data_9754_A,Data_9754_B
Data_9755_A,Data_9755_B
Data_9756_A,Data_9756_B
Data_9757_A,Data_9757_B
Data_9758_A,Data_9758_B
Data_9759_A,Data_9759_B
Data_9760_A,Data_9760_B
Data_9761_A,Data_9761_B
Data_9762_A,Data_9762_B
Data_9763_A,Data_9763_B
Data_9764_A,Data_9764_B
Data_9765_A,Data_9765_B
Data_9766_A,Data_9766_B
Data_9767_A,Data_9767_B
Data_9768_A,Data_9768_B
Data_9769_A,Data_9769_B
Data_9770_A,Data_9770_B
Data_9771_A,Data_9771_B
Data_9772_A,Data_9772_B
Data_9773_A,Data_9773_B
Data_9774_A,Data_9774_B
Data_9775_A,Data_9775_B
Data_9776_A,Data_9776_B
Data_9777_A,Data_9777_B
Data_9778_A,Data_9778_B
Data_9779_A,Data_9779_B
Data_9780_A,Data_9780_B
Data_9781_A,Data_9781_B
Data_9782_A,Data_9782_B
Data_9783_A,Data_9783_B
Data_9784_A,Data_9784_B
Data_9785_A,Data_9785_B
Data_9786_A,Data_9786_B
Data_9787_A,Data_9787_B
Data_9788_A,Data_9788_B
Data_9789_A,Data_9789_B
Data_9790_A,Data_9790_B
Data_9791_A,Data_9791_B
Data_9792_A,Data_9792_B
Data_9793_A,Data_9793_B
Data_9794_A,Data_9794_B
Data_9795_A,Data_9795_B
Data_9796_A,Data_9796_B
Data_9797_A,Data_9797_B
Data_9798_A,Data_9798_B
Data_9799_A,Data_9799_B
Data_9800_A,Data_9800_B
Data_9801_A,Data_9801_B
Data_9802_A,Data_9802_B
Data_9803_A,Data_9803_B
Data_9804_A,Data_9804_B
Data_9805_A,Data_9805_B
Data_9806_A,Data_9806_B
Data_9807_A,Data_9807_B
Data_9808_A,Data_9808_B
Data_9809_A,Data_9809_B
Data_9810_A,Data_9810_B
Data_9811_A,Data_9811_B
Data_9812_A,Data_9812_B
Data_9813_A,Data_9813_B
Data_9814_A,Data_9814_B
Data_9815_A,Data_9815_B
Data_9816_A,Data_9816_B
Data_9817_A,Data_9817_B
Data_9818_A,Data_9818_B
Data_9819_A,Data_9819_B
Data_9820_A,Data_9820_B
Data_9821_A,Data_9821_B
Data_9822_A,Data_9822_B
Data_9823_A,Data_9823_B
Data_9824_A,Data_9824_B
Data_9825_A,Data_9825_B
Data_9826_A,Data_9826_B
Data_9827_A,Data_9827_B
Data_9828_A,Data_9828_B
Data_9829_A,Data_9829_B
Data_9830_A,Data_9830_B
Data_9831_A,Data_9831_B
Data_9832_A,Data_9832_B
Data_9833_A,Data_9833_B
Data_9834_A,Data_9834_B
Data_9835_A,Data_9835_B
Data_9836_A,Data_9836_B
Data_9837_A,Data_9837_B
Data_9838_A,Data_9838_B
Data_9839_A,Data_9839_B
Data_9840_A,Data_9840_B
Data_9841_A,Data_9841_B
Data_9842_A,Data_9842_B
Data_9843_A,Data_9843_B
Data_9844_A,Data_9844_B
Data_9845_A,Data_9845_B
Data_9846_A,Data_9846_B
Data_9847_A,Data_9847_B
Data_9848_A,Data_9848_B
Data_9849_A,Data_9849_B
Data_9850_A,Data_9850_B
Data_9851_A,Data_9851_B
Data_9852_A,Data_9852_B
Data_9853_A,Data_9853_B
Data_9854_A,Data_9854_B
Data_9855_A,Data_9855_B
Data_9856_A,Data_9856_B
Data_9857_A,Data_9857_B
Data_9858_A,Data_9858_B
Data_9859_A,Data_9859_B
Data_9860_A,Data_9860_B
Data_9861_A,Data_9861_B
Data_9862_A,Data_9862_B
Data_9863_A,Data_9863_B
Data_9864_A,Data_9864_B
Data_9865_A,Data_9865_B
Data_9866_A,Data_9866_B
Data_9867_A,Data_9867_B
Data_9868_A,Data_9868_B
Data_9869_A,Data_9869_B
Data_9870_A,Data_9870_B
Data_9871_A,Data_9871_B
Data_9872_A,Data_9872_B
Data_9873_A,Data_9873_B
Data_9874_A,Data_9874_B
Data_9875_A,Data_9875_B
Data_9876_A,Data_9876_B
Data_9877_A,Data_9877_B
Data_9878_A,Data_9878_B
Data_9879_A,Data_9879_B
Data_9880_A,Data_9880_B
Data_9881_A,Data_9881_B
Data_9882_A,Data_9882_B
Data_9883_A,Data_9883_B
Data_9884_A,Data_9884_B
Data_9885_A,Data_9885_B
Data_9886_A,Data_9886_B
Data_9887_A,Data_9887_B
Data_9888_A,Data_9888_B
Data_9889_A,Data_9889_B
Data_9890_A,Data_9890_B
Data_9891_A,Data_9891_B
Data_9892_A,Data_9892_B
Data_9893_A,Data_9893_B
Data_9894_A,Data_9894_B
Data_9895_A,Data_9895_B
Data_9896_A,Data_9896_B
Data_9897_A,Data_9897_B
Data_9898_A,Data_9898_B
Data_9899_A,Data_9899_B
Data_9900_A,Data_9900_B
Data_9901_A,Data_9901_B
Data_9902_A,Data_9902_B
Data_9903_A,Data_9903_B
Data_9904_A,Data_9904_B
Data_9905_A,Data_9905_B
Data_9906_A,Data_9906_B
Data_9907_A,Data_9907_B
Data_9908_A,Data_9908_B
Data_9909_A,Data_9909_B
Data_9910_A,Data_9910_B
Data_9911_A,Data_9911_B
Data_9912_A,Data_9912_B
Data_9913_A,Data_9913_B
Data_9914_A,Data_9914_B
Data_9915_A,Data_9915_B
Data_9916_A,Data_9916_B
Data_9917_A,Data_9917_B
Data_9918_A,Data_9918_B
Data_9919_A,Data_9919_B
Data_9920_A,Data_9920_B
Data_9921_A,Data_9921_B
Data_9922_A,Data_9922_B
Data_9923_A,Data_9923_B
Data_9924_A,Data_9924_B
Data_9925_A,Data_9925_B
Data_9926_A,Data_9926_B
Data_9927_A,Data_9927_B
Data_9928_A,Data_9928_B
Data_9929_A,Data_9929_B
Data_9930_A,Data_9930_B
Data_9931_A,Data_9931_B
Data_9932_A,Data_9932_B
Data_9933_A,Data_9933_B
Data_9934_A,Data_9934_B
Data_9935_A,Data_9935_B
Data_9936_A,Data_9936_B
Data_9937_A,Data_9937_B
Data_9938_A,Data_9938_B
Data_9939_A,Data_9939_B
Data_9940_A,Data_9940_B
Data_9941_A,Data_9941_B
Data_9942_A,Data_9942_B
Data_9943_A,Data_9943_B
Data_9944_A,Data_9944_B
Data_9945_A,Data_9945_B
Data_9946_A,Data_9946_B
Data_9947_A,Data_9947_B
Data_9948_A,Data_9948_B
Data_9949_A,Data_9949_B
Data_9950_A,Data_9950_B
Data_9951_A,Data_9951_B
Data_9952_A,Data_9952_B
Data_9953_A,Data_9953_B
Data_9954_A,Data_9954_B
Data_9955_A,Data_9955_B
Data_9956_A,Data_9956_B
Data_9957_A,Data_9957_B
Data_9958_A,Data_9958_B
Data_9959_A,Data_9959_B
Data_9960_A,Data_9960_B
Data_9961_A,Data_9961_B
Data_9962_A,Data_9962_B
Data_9963_A,Data_9963_B
Data_9964_A,Data_9964_B
Data_9965_A,Data_9965_B
Data_9966_A,Data_9966_B
Data_9967_A,Data_9967_B
Data_9968_A,Data_9968_B
Data_9969_A,Data_9969_B
Data_9970_A,Data_9970_B
Data_9971_A,Data_9971_B
Data_9972_A,Data_9972_B
Data_9973_A,Data_9973_B
Data_9974_A,Data_9974_B
Data_9975_A,Data_9975_B
Data_9976_A,Data_9976_B
Data_9977_A,Data_9977_B
Data_9978_A,Data_9978_B
Data_9979_A,Data_9979_B
Data_9980_A,Data_9980_B
Data_9981_A,Data_9981_B
Data_9982_A,Data_9982_B
Data_9983_A,Data_9983_B
Data_9984_A,Data_9984_B
Data_9985_A,Data_9985_B
Data_9986_A,Data_9986_B
Data_9987_A,Data_9987_B
Data_9988_A,Data_9988_B
Data_9989_A,Data_9989_B
Data_9990_A,Data_9990_B
Data_9991_A,Data_9991_B
Data_9992_A,Data_9992_B
Data_9993_A,Data_9993_B
Data_9994_A,Data_9994_B
Data_9995_A,Data_9995_B
Data_9996_A,Data_9996_B
Data_9997_A,Data_9997_B
Data_9998_A,Data_9998_B
Data_9999_A,Data_9999_B
Data_10000_A,Data_10000_B
Data_10001_A,Data_10001_B
Data_10002_A,Data_10002_B
Data_10003_A,Data_10003_B
Data_10004_A,Data_10004_B
Data_10005_A,Data_10005_B
Data_10006_A,Data_10006_B
Data_10007_A,Data_10007_B
Data_10008_A,Data_10008_B
Data_10009_A,Data_10009_B
Data_10010_A,Data_10010_B
Data_10011_A,Data_10011_B
Data_10012_A,Data_10012_B
Data_10013_A,Data_10013_B
Data_10014_A,Data_10014_B
Data_10015_A,Data_10015_B
Data_10016_A,Data_10016_B
Data_10017_A,Data_10017_B
Data_10018_A,Data_10018_B
Data_10019_A,Data_10019_B
Data_10020_A,Data_10020_B
Data_10021_A,Data_10021_B
Data_10022_A,Data_10022_B
Data_10023_A,Data_10023_B
Data_10024_A,Data_10024_B
Data_10025_A,Data_10025_B
Data_10026_A,Data_10026_B
Data_10027_A,Data_10027_B
Data_10028_A,Data_10028_B
Data_10029_A,Data_10029_B
Data_10030_A,Data_10030_B
Data_10031_A,Data_10031_B
Data_10032_A,Data_10032_B
Data_10033_A,Data_10033_B
Data_10034_A,Data_10034_B
Data_10035_A,Data_10035_B
Data_10036_A,Data_10036_B
Data_10037_A,Data_10037_B
Data_10038_A,Data_10038_B
Data_10039_A,Data_10039_B
Data_10040_A,Data_10040_B
Data_10041_A,Data_10041_B
Data_10042_A,Data_10042_B
Data_10043_A,Data_10043_B
Data_10044_A,Data_10044_B
Data_10045_A,Data_10045_B
Data_10046_A,Data_10046_B
Data_10047_A,Data_10047_B
Data_10048_A,Data_10048_B
Data_10049_A,Data_10049_B
Data_10050_A,Data_10050_B
Data_10051_A,Data_10051_B
Data_10052_A,Data_10052_B
Data_10053_A,Data_10053_B
Data_10054_A,Data_10054_B
Data_10055_A,Data_10055_B
Data_10056_A,Data_10056_B
Data_10057_A,Data_10057_B
Data_10058_A,Data_10058_B
Data_10059_A,Data_10059_B
Data_10060_A,Data_10060_B
Data_10061_A,Data_10061_B
Data_10062_A,Data_10062_B
Data_10063_A,Data_10063_B
Data_10064_A,Data_10064_B
Data_10065_A,Data_10065_B
Data_10066_A,Data_10066_B
Data_10067_A,Data_10067_B
Data_10068_A,Data_10068_B
Data_10069_A,Data_10069_B
Data_10070_A,Data_10070_B
Data_10071_A,Data_10071_B
Data_10072_A,Data_10072_B
Data_10073_A,Data_10073_B
Data_10074_A,Data_10074_B
Data_10075_A,Data_10075_B
Data_10076_A,Data_10076_B
Data_10077_A,Data_10077_B
Data_10078_A,Data_10078_B
Data_10079_A,Data_10079_B
Data_10080_A,Data_10080_B
Data_10081_A,Data_10081_B
Data_10082_A,Data_10082_B
Data_10083_A,Data_10083_B
Data_10084_A,Data_10084_B
Data_10085_A,Data_10085_B
Data_10086_A,Data_10086_B
Data_10087_A,Data_10087_B
Data_10088_A,Data_10088_B
Data_10089_A,Data_10089_B
Data_10090_A,Data_10090_B
Data_10091_A,Data_10091_B
Data_10092_A,Data_10092_B
Data_10093_A,Data_10093_B
Data_10094_A,Data_10094_B
Data_10095_A,Data_10095_B
Data_10096_A,Data_10096_B
Data_10097_A,Data_10097_B
Data_10098_A,Data_10098_B
Data_10099_A,Data_10099_B
Data_10100_A,Data_10100_B
Data_10101_A,Data_10101_B
Data_10102_A,Data_10102_B
Data_10103_A,Data_10103_B
Data_10104_A,Data_10104_B
Data_10105_A,Data_10105_B
Data_10106_A,Data_10106_B
Data_10107_A,Data_10107_B
Data_10108_A,Data_10108_B
Data_10109_A,Data_10109_B
Data_10110_A,Data_10110_B
Data_10111_A,Data_10111_B
Data_10112_A,Data_10112_B
Data_10113_A,Data_10113_B
Data_10114_A,Data_10114_B
Data_10115_A,Data_10115_B
Data_10116_A,Data_10116_B
Data_10117_A,Data_10117_B
Data_10118_A,Data_10118_B
Data_10119_A,Data_10119_B
Data_10120_A,Data_10120_B
Data_10121_A,Data_10121_B
Data_10122_A,Data_10122_B
Data_10123_A,Data_10123_B
Data_10124_A,Data_10124_B
Data_10125_A,Data_10125_B
Data_10126_A,Data_10126_B
Data_10127_A,Data_10127_B
Data_10128_A,Data_10128_B
Data_10129_A,Data_10129_B
Data_10130_A,Data_10130_B
Data_10131_A,Data_10131_B
Data_10132_A,Data_10132_B
Data_10133_A,Data_10133_B
Data_10134_A,Data_10134_B
Data_10135_A,Data_10135_B
Data_10136_A,Data_10136_B
Data_10137_A,Data_10137_B
Data_10138_A,Data_10138_B
Data_10139_A,Data_10139_B
Data_10140_A,Data_10140_B
Data_10141_A,Data_10141_B
Data_10142_A,Data_10142_B
Data_10143_A,Data_10143_B
Data_10144_A,Data_10144_B
Data_10145_A,Data_10145_B
Data_10146_A,Data_10146_B
Data_10147_A,Data_10147_B
Data_10148_A,Data_10148_B
Data_10149_A,Data_10149_B
Data_10150_A,Data_10150_B
Data_10151_A,Data_10151_B
Data_10152_A,Data_10152_B
Data_10153_A,Data_10153_B
Data_10154_A,Data_10154_B
Data_10155_A,Data_10155_B
Data_10156_A,Data_10156_B
Data_10157_A,Data_10157_B
Data_10158_A,Data_10158_B
Data_10159_A,Data_10159_B
Data_10160_A,Data_10160_B
Data_10161_A,Data_10161_B
Data_10162_A,Data_10162_B
Data_10163_A,Data_10163_B
Data_10164_A,Data_10164_B
Data_10165_A,Data_10165_B
Data_10166_A,Data_10166_B
Data_10167_A,Data_10167_B
Data_10168_A,Data_10168_B
Data_10169_A,Data_10169_B
Data_10170_A,Data_10170_B
Data_10171_A,Data_10171_B
Data_10172_A,Data_10172_B
Data_10173_A,Data_10173_B
Data_10174_A,Data_10174_B
Data_10175_A,Data_10175_B
Data_10176_A,Data_10176_B
Data_10177_A,Data_10177_B
Data_10178_A,Data_10178_B
Data_10179_A,Data_10179_B
Data_10180_A,Data_10180_B
Data_10181_A,Data_10181_B
Data_10182_A,Data_10182_B
Data_10183_A,Data_10183_B
Data_10184_A,Data_10184_B
Data_10185_A,Data_10185_B
Data_10186_A,Data_10186_B
Data_10187_A,Data_10187_B
Data_10188_A,Data_10188_B
Data_10189_A,Data_10189_B
Data_10190_A,Data_10190_B
Data_10191_A,Data_10191_B
Data_10192_A,Data_10192_B
Data_10193_A,Data_10193_B
Data_10194_A,Data_10194_B
Data_10195_A,Data_10195_B
Data_10196_A,Data_10196_B
Data_10197_A,Data_10197_B
Data_10198_A,Data_10198_B
Data_10199_A,Data_10199_B
Data_10200_A,Data_10200_B
Data_10201_A,Data_10201_B
Data_10202_A,Data_10202_B
Data_10203_A,Data_10203_B
Data_10204_A,Data_10204_B
Data_10205_A,Data_10205_B
Data_10206_A,Data_10206_B
Data_10207_A,Data_10207_B
Data_10208_A,Data_10208_B
Data_10209_A,Data_10209_B
Data_10210_A,Data_10210_B
Data_10211_A,Data_10211_B
Data_10212_A,Data_10212_B
Data_10213_A,Data_10213_B
Data_10214_A,Data_10214_B
Data_10215_A,Data_10215_B
Data_10216_A,Data_10216_B
Data_10217_A,Data_10217_B
Data_10218_A,Data_10218_B
Data_10219_A,Data_10219_B
Data_10220_A,Data_10220_B
Data_10221_A,Data_10221_B
Data_10222_A,Data_10222_B
Data_10223_A,Data_10223_B
Data_10224_A,Data_10224_B
Data_10225_A,Data_10225_B
Data_10226_A,Data_10226_B
Data_10227_A,Data_10227_B
Data_10228_A,Data_10228_B
Data_10229_A,Data_10229_B
Data_10230_A,Data_10230_B
Data_10231_A,Data_10231_B
Data_10232_A,Data_10232_B
Data_10233_A,Data_10233_B
Data_10234_A,Data_10234_B
Data_10235_A,Data_10235_B
Data_10236_A,Data_10236_B
Data_10237_A,Data_10237_B
Data_10238_A,Data_10238_B
Data_10239_A,Data_10239_B
Data_10240_A,Data_10240_B
Data_10241_A,Data_10241_B
Data_10242_A,Data_10242_B
Data_10243_A,Data_10243_B
Data_10244_A,Data_10244_B
Data_10245_A,Data_10245_B
Data_10246_A,Data_10246_B
Data_10247_A,Data_10247_B
Data_10248_A,Data_10248_B
Data_10249_A,Data_10249_B
Data_10250_A,Data_10250_B
Data_10251_A,Data_10251_B
Data_10252_A,Data_10252_B
Data_10253_A,Data_10253_B
Data_10254_A,Data_10254_B
Data_10255_A,Data_10255_B
Data_10256_A,Data_10256_B
Data_10257_A,Data_10257_B
Data_10258_A,Data_10258_B
Data_10259_A,Data_10259_B
Data_10260_A,Data_10260_B
Data_10261_A,Data_10261_B
Data_10262_A,Data_10262_B
Data_10263_A,Data_10263_B
Data_10264_A,Data_10264_B
Data_10265_A,Data_10265_B
Data_10266_A,Data_10266_B
Data_10267_A,Data_10267_B
Data_10268_A,Data_10268_B
Data_10269_A,Data_10269_B
Data_10270_A,Data_10270_B
Data_10271_A,Data_10271_B
Data_10272_A,Data_10272_B
Data_10273_A,Data_10273_B
Data_10274_A,Data_10274_B
Data_10275_A,Data_10275_B
Data_10276_A,Data_10276_B
Data_10277_A,Data_10277_B
Data_10278_A,Data_10278_B
Data_10279_A,Data_10279_B
Data_10280_A,Data_10280_B
Data_10281_A,Data_10281_B
Data_10282_A,Data_10282_B
Data_10283_A,Data_10283_B
Data_10284_A,Data_10284_B
Data_10285_A,Data_10285_B
Data_10286_A,Data_10286_B
Data_10287_A,Data_10287_B
Data_10288_A,Data_10288_B
Data_10289_A,Data_10289_B
Data_10290_A,Data_10290_B
Data_10291_A,Data_10291_B
Data_10292_A,Data_10292_B
Data_10293_A,Data_10293_B
Data_10294_A,Data_10294_B
Data_10295_A,Data_10295_B
Data_10296_A,Data_10296_B
Data_10297_A,Data_10297_B
Data_10298_A,Data_10298_B
Data_10299_A,Data_10299_B
Data_10300_A,Data_10300_B
Data_10301_A,Data_10301_B
Data_10302_A,Data_10302_B
Data_10303_A,Data_10303_B
Data_10304_A,Data_10304_B
Data_10305_A,Data_10305_B
Data_10306_A,Data_10306_B
Data_10307_A,Data_10307_B
Data_10308_A,Data_10308_B
Data_10309_A,Data_10309_B
Data_10310_A,Data_10310_B
Data_10311_A,Data_10311_B
Data_10312_A,Data_10312_B
Data_10313_A,Data_10313_B
Data_10314_A,Data_10314_B
Data_10315_A,Data_10315_B
Data_10316_A,Data_10316_B
Data_10317_A,Data_10317_B
Data_10318_A,Data_10318_B
Data_10319_A,Data_10319_B
Data_10320_A,Data_10320_B
Data_10321_A,Data_10321_B
Data_10322_A,Data_10322_B
Data_10323_A,Data_10323_B
Data_10324_A,Data_10324_B
Data_10325_A,Data_10325_B
Data_10326_A,Data_10326_B
Data_10327_A,Data_10327_B
Data_10328_A,Data_10328_B
Data_10329_A,Data_10329_B
Data_10330_A,Data_10330_B
Data_10331_A,Data_10331_B
Data_10332_A,Data_10332_B
Data_10333_A,Data_10333_B
Data_10334_A,Data_10334_B
Data_10335_A,Data_10335_B
Data_10336_A,Data_10336_B
Data_10337_A,Data_10337_B
Data_10338_A,Data_10338_B
Data_10339_A,Data_10339_B
Data_10340_A,Data_10340_B
Data_10341_A,Data_10341_B
Data_10342_A,Data_10342_B
Data_10343_A,Data_10343_B
Data_10344_A,Data_10344_B
Data_10345_A,Data_10345_B
Data_10346_A,Data_10346_B
Data_10347_A,Data_10347_B
Data_10348_A,Data_10348_B
Data_10349_A,Data_10349_B
Data_10350_A,Data_10350_B
Data_10351_A,Data_10351_B
Data_10352_A,Data_10352_B
Data_10353_A,Data_10353_B
Data_10354_A,Data_10354_B
Data_10355_A,Data_10355_B
Data_10356_A,Data_10356_B
Data_10357_A,Data_10357_B
Data_10358_A,Data_10358_B
Data_10359_A,Data_10359_B
Data_10360_A,Data_10360_B
Data_10361_A,Data_10361_B
Data_10362_A,Data_10362_B
Data_10363_A,Data_10363_B
Data_10364_A,Data_10364_B
Data_10365_A,Data_10365_B
Data_10366_A,Data_10366_B
Data_10367_A,Data_10367_B
Data_10368_A,Data_10368_B
Data_10369_A,Data_10369_B
Data_10370_A,Data_10370_B
Data_10371_A,Data_10371_B
Data_10372_A,Data_10372_B
Data_10373_A,Data_10373_B
Data_10374_A,Data_10374_B
Data_10375_A,Data_10375_B
Data_10376_A,Data_10376_B
Data_10377_A,Data_10377_B
Data_10378_A,Data_10378_B
Data_10379_A,Data_10379_B
Data_10380_A,Data_10380_B
Data_10381_A,Data_10381_B
Data_10382_A,Data_10382_B
Data_10383_A,Data_10383_B
Data_10384_A,Data_10384_B
Data_10385_A,Data_10385_B
Data_10386_A,Data_10386_B
Data_10387_A,Data_10387_B
Data_10388_A,Data_10388_B
Data_10389_A,Data_10389_B
Data_10390_A,Data_10390_B
Data_10391_A,Data_10391_B
Data_10392_A,Data_10392_B
Data_10393_A,Data_10393_B
Data_10394_A,Data_10394_B
Data_10395_A,Data_10395_B
Data_10396_A,Data_10396_B
Data_10397_A,Data_10397_B
Data_10398_A,Data_10398_B
Data_10399_A,Data_10399_B
Data_10400_A,Data_10400_B
Data_10401_A,Data_10401_B
Data_10402_A,Data_10402_B
Data_10403_A,Data_10403_B
Data_10404_A,Data_10404_B
Data_10405_A,Data_10405_B
Data_10406_A,Data_10406_B
Data_10407_A,Data_10407_B
Data_10408_A,Data_10408_B
Data_10409_A,Data_10409_B
Data_10410_A,Data_10410_B
Data_10411_A,Data_10411_B
Data_10412_A,Data_10412_B
Data_10413_A,Data_10413_B
Data_10414_A,Data_10414_B
Data_10415_A,Data_10415_B
Data_10416_A,Data_10416_B
Data_10417_A,Data_10417_B
Data_10418_A,Data_10418_B
Data_10419_A,Data_10419_B
Data_10420_A,Data_10420_B
Data_10421_A,Data_10421_B
Data_10422_A,Data_10422_B
Data_10423_A,Data_10423_B
Data_10424_A,Data_10424_B
Data_10425_A,Data_10425_B
Data_10426_A,Data_10426_B
Data_10427_A,Data_10427_B
Data_10428_A,Data_10428_B
Data_10429_A,Data_10429_B
Data_10430_A,Data_10430_B
Data_10431_A,Data_10431_B
Data_10432_A,Data_10432_B
Data_10433_A,Data_10433_B
Data_10434_A,Data_10434_B
Data_10435_A,Data_10435_B
Data_10436_A,Data_10436_B
Data_10437_A,Data_10437_B
Data_10438_A,Data_10438_B
Data_10439_A,Data_10439_B
Data_10440_A,Data_10440_B
Data_10441_A,Data_10441_B
Data_10442_A,Data_10442_B
Data_10443_A,Data_10443_B
Data_10444_A,Data_10444_B
Data_10445_A,Data_10445_B
Data_10446_A,Data_10446_B
Data_10447_A,Data_10447_B
Data_10448_A,Data_10448_B
Data_10449_A,Data_10449_B
Data_10450_A,Data_10450_B
Data_10451_A,Data_10451_B
Data_10452_A,Data_10452_B
Data_10453_A,Data_10453_B
Data_10454_A,Data_10454_B
Data_10455_A,Data_10455_B
Data_10456_A,Data_10456_B
Data_10457_A,Data_10457_B
Data_10458_A,Data_10458_B
Data_10459_A,Data_10459_B
Data_10460_A,Data_10460_B
Data_10461_A,Data_10461_B
Data_10462_A,Data_10462_B
Data_10463_A,Data_10463_B
Data_10464_A,Data_10464_B
Data_10465_A,Data_10465_B
Data_10466_A,Data_10466_B
Data_10467_A,Data_10467_B
Data_10468_A,Data_10468_B
Data_10469_A,Data_10469_B
Data_10470_A,Data_10470_B
Data_10471_A,Data_10471_B
Data_10472_A,Data_10472_B
Data_10473_A,Data_10473_B
Data_10474_A,Data_10474_B
Data_10475_A,Data_10475_B
Data_10476_A,Data_10476_B
Data_10477_A,Data_10477_B
Data_10478_A,Data_10478_B
Data_10479_A,Data_10479_B
Data_10480_A,Data_10480_B
Data_10481_A,Data_10481_B
Data_10482_A,Data_10482_B
Data_10483_A,Data_10483_B
Data_10484_A,Data_10484_B
Data_10485_A,Data_10485_B
Data_10486_A,Data_10486_B
Data_10487_A,Data_10487_B
Data_10488_A,Data_10488_B
Data_10489_A,Data_10489_B
Data_10490_A,Data_10490_B
Data_10491_A,Data_10491_B
Data_10492_A,Data_10492_B
Data_10493_A,Data_10493_B
Data_10494_A,Data_10494_B
Data_10495_A,Data_10495_B
Data_10496_A,Data_10496_B
Data_10497_A,Data_10497_B
Data_10498_A,Data_10498_B
Data_10499_A,Data_10499_B
Data_10500_A,Data_10500_B
Data_10501_A,Data_10501_B
Data_10502_A,Data_10502_B
Data_10503_A,Data_10503_B
Data_10504_A,Data_10504_B
Data_10505_A,Data_10505_B
Data_10506_A,Data_10506_B
Data_10507_A,Data_10507_B
Data_10508_A,Data_10508_B
Data_10509_A,Data_10509_B
Data_10510_A,Data_10510_B
Data_10511_A,Data_10511_B
Data_10512_A,Data_10512_B
Data_10513_A,Data_10513_B
Data_10514_A,Data_10514_B
Data_10515_A,Data_10515_B
Data_10516_A,Data_10516_B
Data_10517_A,Data_10517_B
Data_10518_A,Data_10518_B
Data_10519_A,Data_10519_B
Data_10520_A,Data_10520_B
Data_10521_A,Data_10521_B
Data_10522_A,Data_10522_B
Data_10523_A,Data_10523_B
Data_10524_A,Data_10524_B
Data_10525_A,Data_10525_B
Data_10526_A,Data_10526_B
Data_10527_A,Data_10527_B
Data_10528_A,Data_10528_B
Data_10529_A,Data_10529_B
Data_10530_A,Data_10530_B
Data_10531_A,Data_10531_B
Data_10532_A,Data_10532_B
Data_10533_A,Data_10533_B
Data_10534_A,Data_10534_B
Data_10535_A,Data_10535_B
Data_10536_A,Data_10536_B
Data_10537_A,Data_10537_B
Data_10538_A,Data_10538_B
Data_10539_A,Data_10539_B
Data_10540_A,Data_10540_B
Data_10541_A,Data_10541_B
Data_10542_A,Data_10542_B
Data_10543_A,Data_10543_B
Data_10544_A,Data_10544_B
Data_10545_A,Data_10545_B
Data_10546_A,Data_10546_B
Data_10547_A,Data_10547_B
Data_10548_A,Data_10548_B
Data_10549_A,Data_10549_B
Data_10550_A,Data_10550_B
Data_10551_A,Data_10551_B
Data_10552_A,Data_10552_B
Data_10553_A,Data_10553_B
Data_10554_A,Data_10554_B
Data_10555_A,Data_10555_B
Data_10556_A,Data_10556_B
Data_10557_A,Data_10557_B
Data_10558_A,Data_10558_B
Data_10559_A,Data_10559_B
Data_10560_A,Data_10560_B
Data_10561_A,Data_10561_B
Data_10562_A,Data_10562_B
Data_10563_A,Data_10563_B
Data_10564_A,Data_10564_B
Data_10565_A,Data_10565_B
Data_10566_A,Data_10566_B
Data_10567_A,Data_10567_B
Data_10568_A,Data_10568_B
Data_10569_A,Data_10569_B
Data_10570_A,Data_10570_B
Data_10571_A,Data_10571_B
Data_10572_A,Data_10572_B
Data_10573_A,Data_10573_B
Data_10574_A,Data_10574_B
Data_10575_A,Data_10575_B
Data_10576_A,Data_10576_B
Data_10577_A,Data_10577_B
Data_10578_A,Data_10578_B
Data_10579_A,Data_10579_B
Data_10580_A,Data_10580_B
Data_10581_A,Data_10581_B
Data_10582_A,Data_10582_B
Data_10583_A,Data_10583_B
Data_10584_A,Data_10584_B
Data_10585_A,Data_10585_B
Data_10586_A,Data_10586_B
Data_10587_A,Data_10587_B
Data_10588_A,Data_10588_B
Data_10589_A,Data_10589_B
Data_10590_A,Data_10590_B
Data_10591_A,Data_10591_B
Data_10592_A,Data_10592_B
Data_10593_A,Data_10593_B
Data_10594_A,Data_10594_B
Data_10595_A,Data_10595_B
Data_10596_A,Data_10596_B
Data_10597_A,Data_10597_B
Data_10598_A,Data_10598_B
Data_10599_A,Data_10599_B
Data_10600_A,Data_10600_B
Data_10601_A,Data_10601_B
Data_10602_A,Data_10602_B
Data_10603_A,Data_10603_B
Data_10604_A,Data_10604_B
Data_10605_A,Data_10605_B
Data_10606_A,Data_10606_B
Data_10607_A,Data_10607_B
Data_10608_A,Data_10608_B
Data_10609_A,Data_10609_B
Data_10610_A,Data_10610_B
Data_10611_A,Data_10611_B
Data_10612_A,Data_10612_B
Data_10613_A,Data_10613_B
Data_10614_A,Data_10614_B
Data_10615_A,Data_10615_B
Data_10616_A,Data_10616_B
Data_10617_A,Data_10617_B
Data_10618_A,Data_10618_B
Data_10619_A,Data_10619_B
Data_10620_A,Data_10620_B
Data_10621_A,Data_10621_B
Data_10622_A,Data_10622_B
Data_10623_A,Data_10623_B
Data_10624_A,Data_10624_B
Data_10625_A,Data_10625_B
Data_10626_A,Data_10626_B
Data_10627_A,Data_10627_B
Data_10628_A,Data_10628_B
Data_10629_A,Data_10629_B
Data_10630_A,Data_10630_B
Data_10631_A,Data_10631_B
Data_10632_A,Data_10632_B
Data_10633_A,Data_10633_B
Data_10634_A,Data_10634_B
Data_10635_A,Data_10635_B
Data_10636_A,Data_10636_B
Data_10637_A,Data_10637_B
Data_10638_A,Data_10638_B
Data_10639_A,Data_10639_B
Data_10640_A,Data_10640_B
Data_10641_A,Data_10641_B
Data_10642_A,Data_10642_B
Data_10643_A,Data_10643_B
Data_10644_A,Data_10644_B
Data_10645_A,Data_10645_B
Data_10646_A,Data_10646_B
Data_10647_A,Data_10647_B
Data_10648_A,Data_10648_B
Data_10649_A,Data_10649_B
Data_10650_A,Data_10650_B
Data_10651_A,Data_10651_B
Data_10652_A,Data_10652_B
Data_10653_A,Data_10653_B
Data_10654_A,Data_10654_B
Data_10655_A,Data_10655_B
Data_10656_A,Data_10656_B
Data_10657_A,Data_10657_B
Data_10658_A,Data_10658_B
Data_10659_A,Data_10659_B
Data_10660_A,Data_10660_B
Data_10661_A,Data_10661_B
Data_10662_A,Data_10662_B
Data_10663_A,Data_10663_B
Data_10664_A,Data_10664_B
Data_10665_A,Data_10665_B
Data_10666_A,Data_10666_B
Data_10667_A,Data_10667_B
Data_10668_A,Data_10668_B
Data_10669_A,Data_10669_B
Data_10670_A,Data_10670_B
Data_10671_A,Data_10671_B
Data_10672_A,Data_10672_B
Data_10673_A,Data_10673_B
Data_10674_A,Data_10674_B
Data_10675_A,Data_10675_B
Data_10676_A,Data_10676_B
Data_10677_A,Data_10677_B
Data_10678_A,Data_10678_B
Data_10679_A,Data_10679_B
Data_10680_A,Data_10680_B
Data_10681_A,Data_10681_B
Data_10682_A,Data_10682_B
Data_10683_A,Data_10683_B
Data_10684_A,Data_10684_B
Data_10685_A,Data_10685_B
Data_10686_A,Data_10686_B
Data_10687_A,Data_10687_B
Data_10688_A,Data_10688_B
Data_10689_A,Data_10689_B
Data_10690_A,Data_10690_B
Data_10691_A,Data_10691_B
Data_10692_A,Data_10692_B
Data_10693_A,Data_10693_B
Data_10694_A,Data_10694_B
Data_10695_A,Data_10695_B
Data_10696_A,Data_10696_B
Data_10697_A,Data_10697_B
Data_10698_A,Data_10698_B
Data_10699_A,Data_10699_B
Data_10700_A,Data_10700_B
Data_10701_A,Data_10701_B
Data_10702_A,Data_10702_B
Data_10703_A,Data_10703_B
Data_10704_A,Data_10704_B
Data_10705_A,Data_10705_B
Data_10706_A,Data_10706_B
Data_10707_A,Data_10707_B
Data_10708_A,Data_10708_B
Data_10709_A,Data_10709_B
Data_10710_A,Data_10710_B
Data_10711_A,Data_10711_B
Data_10712_A,Data_10712_B
Data_10713_A,Data_10713_B
Data_10714_A,Data_10714_B
Data_10715_A,Data_10715_B
Data_10716_A,Data_10716_B
Data_10717_A,Data_10717_B
Data_10718_A,Data_10718_B
Data_10719_A,Data_10719_B
Data_10720_A,Data_10720_B
Data_10721_A,Data_10721_B
Data_10722_A,Data_10722_B
Data_10723_A,Data_10723_B
Data_10724_A,Data_10724_B
Data_10725_A,Data_10725_B
Data_10726_A,Data_10726_B
Data_10727_A,Data_10727_B
Data_10728_A,Data_10728_B
Data_10729_A,Data_10729_B
Data_10730_A,Data_10730_B
Data_10731_A,Data_10731_B
Data_10732_A,Data_10732_B
Data_10733_A,Data_10733_B
Data_10734_A,Data_10734_B
Data_10735_A,Data_10735_B
Data_10736_A,Data_10736_B
Data_10737_A,Data_10737_B
Data_10738_A,Data_10738_B
Data_10739_A,Data_10739_B
Data_10740_A,Data_10740_B
Data_10741_A,Data_10741_B
Data_10742_A,Data_10742_B
Data_10743_A,Data_10743_B
Data_10744_A,Data_10744_B
Data_10745_A,Data_10745_B
Data_10746_A,Data_10746_B
Data_10747_A,Data_10747_B
Data_10748_A,Data_10748_B
Data_10749_A,Data_10749_B
Data_10750_A,Data_10750_B
Data_10751_A,Data_10751_B
Data_10752_A,Data_10752_B
Data_10753_A,Data_10753_B
Data_10754_A,Data_10754_B
Data_10755_A,Data_10755_B
Data_10756_A,Data_10756_B
Data_10757_A,Data_10757_B
Data_10758_A,Data_10758_B
Data_10759_A,Data_10759_B
Data_10760_A,Data_10760_B
Data_10761_A,Data_10761_B
Data_10762_A,Data_10762_B
Data_10763_A,Data_10763_B
Data_10764_A,Data_10764_B
Data_10765_A,Data_10765_B
Data_10766_A,Data_10766_B
Data_10767_A,Data_10767_B
Data_10768_A,Data_10768_B
Data_10769_A,Data_10769_B
Data_10770_A,Data_10770_B
Data_10771_A,Data_10771_B
Data_10772_A,Data_10772_B
Data_10773_A,Data_10773_B
Data_10774_A,Data_10774_B
Data_10775_A,Data_10775_B
Data_10776_A,Data_10776_B
Data_10777_A,Data_10777_B
Data_10778_A,Data_10778_B
Data_10779_A,Data_10779_B
Data_10780_A,Data_10780_B
Data_10781_A,Data_10781_B
Data_10782_A,Data_10782_B
Data_10783_A,Data_10783_B
Data_10784_A,Data_10784_B
Data_10785_A,Data_10785_B
Data_10786_A,Data_10786_B
Data_10787_A,Data_10787_B
Data_10788_A,Data_10788_B
Data_10789_A,Data_10789_B
Data_10790_A,Data_10790_B
Data_10791_A,Data_10791_B
Data_10792_A,Data_10792_B
Data_10793_A,Data_10793_B
Data_10794_A,Data_10794_B
Data_10795_A,Data_10795_B
Data_10796_A,Data_10796_B
Data_10797_A,Data_10797_B
Data_10798_A,Data_10798_B
Data_10799_A,Data_10799_B
Data_10800_A,Data_10800_B
Data_10801_A,Data_10801_B
Data_10802_A,Data_10802_B
Data_10803_A,Data_10803_B
Data_10804_A,Data_10804_B
Data_10805_A,Data_10805_B
Data_10806_A,Data_10806_B
Data_10807_A,Data_10807_B
Data_10808_A,Data_10808_B
Data_10809_A,Data_10809_B
Data_10810_A,Data_10810_B
Data_10811_A,Data_10811_B
Data_10812_A,Data_10812_B
Data_10813_A,Data_10813_B
Data_10814_A,Data_10814_B
Data_10815_A,Data_10815_B
Data_10816_A,Data_10816_B
Data_10817_A,Data_10817_B
Data_10818_A,Data_10818_B
Data_10819_A,Data_10819_B
Data_10820_A,Data_10820_B
Data_10821_A,Data_10821_B
Data_10822_A,Data_10822_B
Data_10823_A,Data_10823_B
Data_10824_A,Data_10824_B
Data_10825_A,Data_10825_B
Data_10826_A,Data_10826_B
Data_10827_A,Data_10827_B
Data_10828_A,Data_10828_B
Data_10829_A,Data_10829_B
Data_10830_A,Data_10830_B
Data_10831_A,Data_10831_B
Data_10832_A,Data_10832_B
Data_10833_A,Data_10833_B
Data_10834_A,Data_10834_B
Data_10835_A,Data_10835_B
Data_10836_A,Data_10836_B
Data_10837_A,Data_10837_B
Data_10838_A,Data_10838_B
Data_10839_A,Data_10839_B
Data_10840_A,Data_10840_B
Data_10841_A,Data_10841_B
Data_10842_A,Data_10842_B
Data_10843_A,Data_10843_B
Data_10844_A,Data_10844_B
Data_10845_A,Data_10845_B
Data_10846_A,Data_10846_B
Data_10847_A,Data_10847_B
Data_10848_A,Data_10848_B
Data_10849_A,Data_10849_B
Data_10850_A,Data_10850_B
Data_10851_A,Data_10851_B
Data_10852_A,Data_10852_B
Data_10853_A,Data_10853_B
Data_10854_A,Data_10854_B
Data_10855_A,Data_10855_B
Data_10856_A,Data_10856_B
Data_10857_A,Data_10857_B
Data_10858_A,Data_10858_B
Data_10859_A,Data_10859_B
Data_10860_A,Data_10860_B
Data_10861_A,Data_10861_B
Data_10862_A,Data_10862_B
Data_10863_A,Data_10863_B
Data_10864_A,Data_10864_B
Data_10865_A,Data_10865_B
Data_10866_A,Data_10866_B
Data_10867_A,Data_10867_B
Data_10868_A,Data_10868_B
Data_10869_A,Data_10869_B
Data_10870_A,Data_10870_B
Data_10871_A,Data_10871_B
Data_10872_A,Data_10872_B
Data_10873_A,Data_10873_B
Data_10874_A,Data_10874_B
Data_10875_A,Data_10875_B
Data_10876_A,Data_10876_B
Data_10877_A,Data_10877_B
Data_10878_A,Data_10878_B
Data_10879_A,Data_10879_B
Data_10880_A,Data_10880_B
Data_10881_A,Data_10881_B
Data_10882_A,Data_10882_B
Data_10883_A,Data_10883_B
Data_10884_A,Data_10884_B
Data_10885_A,Data_10885_B
Data_10886_A,Data_10886_B
Data_10887_A,Data_10887_B
Data_10888_A,Data_10888_B
Data_10889_A,Data_10889_B
Data_10890_A,Data_10890_B
Data_10891_A,Data_10891_B
Data_10892_A,Data_10892_B
Data_10893_A,Data_10893_B
Data_10894_A,Data_10894_B
Data_10895_A,Data_10895_B
Data_10896_A,Data_10896_B
Data_10897_A,Data_10897_B
Data_10898_A,Data_10898_B
Data_10899_A,Data_10899_B
Data_10900_A,Data_10900_B
Data_10901_A,Data_10901_B
Data_10902_A,Data_10902_B
Data_10903_A,Data_10903_B
Data_10904_A,Data_10904_B
Data_10905_A,Data_10905_B
Data_10906_A,Data_10906_B
Data_10907_A,Data_10907_B
Data_10908_A,Data_10908_B
Data_10909_A,Data_10909_B
Data_10910_A,Data_10910_B
Data_10911_A,Data_10911_B
Data_10912_A,Data_10912_B
Data_10913_A,Data_10913_B
Data_10914_A,Data_10914_B
Data_10915_A,Data_10915_B
Data_10916_A,Data_10916_B
Data_10917_A,Data_10917_B
Data_10918_A,Data_10918_B
Data_10919_A,Data_10919_B
Data_10920_A,Data_10920_B
Data_10921_A,Data_10921_B
Data_10922_A,Data_10922_B
Data_10923_A,Data_10923_B
Data_10924_A,Data_10924_B
Data_10925_A,Data_10925_B
Data_10926_A,Data_10926_B
Data_10927_A,Data_10927_B
Data_10928_A,Data_10928_B
Data_10929_A,Data_10929_B
Data_10930_A,Data_10930_B
Data_10931_A,Data_10931_B
Data_10932_A,Data_10932_B
Data_10933_A,Data_10933_B
Data_10934_A,Data_10934_B
Data_10935_A,Data_10935_B
Data_10936_A,Data_10936_B
Data_10937_A,Data_10937_B
Data_10938_A,Data_10938_B
Data_10939_A,Data_10939_B
Data_10940_A,Data_10940_B
Data_10941_A,Data_10941_B
Data_10942_A,Data_10942_B
Data_10943_A,Data_10943_B
Data_10944_A,Data_10944_B
Data_10945_A,Data_10945_B
Data_10946_A,Data_10946_B
Data_10947_A,Data_10947_B
Data_10948_A,Data_10948_B
Data_10949_A,Data_10949_B
Data_10950_A,Data_10950_B
Data_10951_A,Data_10951_B
Data_10952_A,Data_10952_B
Data_10953_A,Data_10953_B
Data_10954_A,Data_10954_B
Data_10955_A,Data_10955_B
Data_10956_A,Data_10956_B
Data_10957_A,Data_10957_B
Data_10958_A,Data_10958_B
Data_10959_A,Data_10959_B
Data_10960_A,Data_10960_B
Data_10961_A,Data_10961_B
Data_10962_A,Data_10962_B
Data_10963_A,Data_10963_B
Data_10964_A,Data_10964_B
Data_10965_A,Data_10965_B
Data_10966_A,Data_10966_B
Data_10967_A,Data_10967_B
Data_10968_A,Data_10968_B
Data_10969_A,Data_10969_B
Data_10970_A,Data_10970_B
Data_10971_A,Data_10971_B
Data_10972_A,Data_10972_B
Data_10973_A,Data_10973_B
Data_10974_A,Data_10974_B
Data_10975_A,Data_10975_B
Data_10976_A,Data_10976_B
Data_10977_A,Data_10977_B
Data_10978_A,Data_10978_B
Data_10979_A,Data_10979_B
Data_10980_A,Data_10980_B
Data_10981_A,Data_10981_B
Data_10982_A,Data_10982_B
Data_10983_A,Data_10983_B
Data_10984_A,Data_10984_B
Data_10985_A,Data_10985_B
Data_10986_A,Data_10986_B
Data_10987_A,Data_10987_B
Data_10988_A,Data_10988_B
Data_10989_A,Data_10989_B
Data_10990_A,Data_10990_B
Data_10991_A,Data_10991_B
Data_10992_A,Data_10992_B
Data_10993_A,Data_10993_B
Data_10994_A,Data_10994_B
Data_10995_A,Data_10995_B
Data_10996_A,Data_10996_B
Data_10997_A,Data_10997_B
Data_10998_A,Data_10998_B
Data_10999_A,Data_10999_B
Data_11000_A,Data_11000_B
Data_11001_A,Data_11001_B
Data_11002_A,Data_11002_B
Data_11003_A,Data_11003_B
Data_11004_A,Data_11004_B
Data_11005_A,Data_11005_B
Data_11006_A,Data_11006_B
Data_11007_A,Data_11007_B
Data_11008_A,Data_11008_B
Data_11009_A,Data_11009_B
Data_11010_A,Data_11010_B
Data_11011_A,Data_11011_B
Data_11012_A,Data_11012_B
Data_11013_A,Data_11013_B
Data_11014_A,Data_11014_B
Data_11015_A,Data_11015_B
Data_11016_A,Data_11016_B
Data_11017_A,Data_11017_B
Data_11018_A,Data_11018_B
Data_11019_A,Data_11019_B
Data_11020_A,Data_11020_B
Data_11021_A,Data_11021_B
Data_11022_A,Data_11022_B
Data_11023_A,Data_11023_B
Data_11024_A,Data_11024_B
Data_11025_A,Data_11025_B
Data_11026_A,Data_11026_B
Data_11027_A,Data_11027_B
Data_11028_A,Data_11028_B
Data_11029_A,Data_11029_B
Data_11030_A,Data_11030_B
Data_11031_A,Data_11031_B
Data_11032_A,Data_11032_B
Data_11033_A,Data_11033_B
Data_11034_A,Data_11034_B
Data_11035_A,Data_11035_B
Data_11036_A,Data_11036_B
Data_11037_A,Data_11037_B
Data_11038_A,Data_11038_B
Data_11039_A,Data_11039_B
Data_11040_A,Data_11040_B
Data_11041_A,Data_11041_B
Data_11042_A,Data_11042_B
Data_11043_A,Data_11043_B
Data_11044_A,Data_11044_B
Data_11045_A,Data_11045_B
Data_11046_A,Data_11046_B
Data_11047_A,Data_11047_B
Data_11048_A,Data_11048_B
Data_11049_A,Data_11049_B
Data_11050_A,Data_11050_B
Data_11051_A,Data_11051_B
Data_11052_A,Data_11052_B
Data_11053_A,Data_11053_B
Data_11054_A,Data_11054_B
Data_11055_A,Data_11055_B
Data_11056_A,Data_11056_B
Data_11057_A,Data_11057_B
Data_11058_A,Data_11058_B
Data_11059_A,Data_11059_B
Data_11060_A,Data_11060_B
Data_11061_A,Data_11061_B
Data_11062_A,Data_11062_B
Data_11063_A,Data_11063_B
Data_11064_A,Data_11064_B
Data_11065_A,Data_11065_B
Data_11066_A,Data_11066_B
Data_11067_A,Data_11067_B
Data_11068_A,Data_11068_B
Data_11069_A,Data_11069_B
Data_11070_A,Data_11070_B
Data_11071_A,Data_11071_B
Data_11072_A,Data_11072_B
Data_11073_A,Data_11073_B
Data_11074_A,Data_11074_B
Data_11075_A,Data_11075_B
Data_11076_A,Data_11076_B
Data_11077_A,Data_11077_B
Data_11078_A,Data_11078_B
Data_11079_A,Data_11079_B
Data_11080_A,Data_11080_B
Data_11081_A,Data_11081_B
Data_11082_A,Data_11082_B
Data_11083_A,Data_11083_B
Data_11084_A,Data_11084_B
Data_11085_A,Data_11085_B
Data_11086_A,Data_11086_B
Data_11087_A,Data_11087_B
Data_11088_A,Data_11088_B
Data_11089_A,Data_11089_B
Data_11090_A,Data_11090_B
Data_11091_A,Data_11091_B
Data_11092_A,Data_11092_B
Data_11093_A,Data_11093_B
Data_11094_A,Data_11094_B
Data_11095_A,Data_11095_B
Data_11096_A,Data_11096_B
Data_11097_A,Data_11097_B
Data_11098_A,Data_11098_B
Data_11099_A,Data_11099_B
Data_11100_A,Data_11100_B
Data_11101_A,Data_11101_B
Data_11102_A,Data_11102_B
Data_11103_A,Data_11103_B
Data_11104_A,Data_11104_B
Data_11105_A,Data_11105_B
Data_11106_A,Data_11106_B
Data_11107_A,Data_11107_B
Data_11108_A,Data_11108_B
Data_11109_A,Data_11109_B
Data_11110_A,Data_11110_B
Data_11111_A,Data_11111_B
Data_11112_A,Data_11112_B
Data_11113_A,Data_11113_B
Data_11114_A,Data_11114_B
Data_11115_A,Data_11115_B
Data_11116_A,Data_11116_B
Data_11117_A,Data_11117_B
Data_11118_A,Data_11118_B
Data_11119_A,Data_11119_B
Data_11120_A,Data_11120_B
Data_11121_A,Data_11121_B
Data_11122_A,Data_11122_B
Data_11123_A,Data_11123_B
Data_11124_A,Data_11124_B
Data_11125_A,Data_11125_B
Data_11126_A,Data_11126_B
Data_11127_A,Data_11127_B
Data_11128_A,Data_11128_B
Data_11129_A,Data_11129_B
Data_11130_A,Data_11130_B
Data_11131_A,Data_11131_B
Data_11132_A,Data_11132_B
Data_11133_A,Data_11133_B
Data_11134_A,Data_11134_B
Data_11135_A,Data_11135_B
Data_11136_A,Data_11136_B
Data_11137_A,Data_11137_B
Data_11138_A,Data_11138_B
Data_11139_A,Data_11139_B
Data_11140_A,Data_11140_B
Data_11141_A,Data_11141_B
Data_11142_A,Data_11142_B
Data_11143_A,Data_11143_B
Data_11144_A,Data_11144_B
Data_11145_A,Data_11145_B
Data_11146_A,Data_11146_B
Data_11147_A,Data_11147_B
Data_11148_A,Data_11148_B
Data_11149_A,Data_11149_B
Data_11150_A,Data_11150_B
Data_11151_A,Data_11151_B
Data_11152_A,Data_11152_B
Data_11153_A,Data_11153_B
Data_11154_A,Data_11154_B
Data_11155_A,Data_11155_B
Data_11156_A,Data_11156_B
Data_11157_A,Data_11157_B
Data_11158_A,Data_11158_B
Data_11159_A,Data_11159_B
Data_11160_A,Data_11160_B
Data_11161_A,Data_11161_B
Data_11162_A,Data_11162_B
Data_11163_A,Data_11163_B
Data_11164_A,Data_11164_B
Data_11165_A,Data_11165_B
Data_11166_A,Data_11166_B
Data_11167_A,Data_11167_B
Data_11168_A,Data_11168_B
Data_11169_A,Data_11169_B
Data_11170_A,Data_11170_B
Data_11171_A,Data_11171_B
Data_11172_A,Data_11172_B
Data_11173_A,Data_11173_B
Data_11174_A,Data_11174_B
Data_11175_A,Data_11175_B
Data_11176_A,Data_11176_B
Data_11177_A,Data_11177_B
Data_11178_A,Data_11178_B
Data_11179_A,Data_11179_B
Data_11180_A,Data_11180_B
Data_11181_A,Data_11181_B
Data_11182_A,Data_11182_B
Data_11183_A,Data_11183_B
Data_11184_A,Data_11184_B
Data_11185_A,Data_11185_B
Data_11186_A,Data_11186_B
Data_11187_A,Data_11187_B
Data_11188_A,Data_11188_B
Data_11189_A,Data_11189_B
Data_11190_A,Data_11190_B
Data_11191_A,Data_11191_B
Data_11192_A,Data_11192_B
Data_11193_A,Data_11193_B
Data_11194_A,Data_11194_B
Data_11195_A,Data_11195_B
Data_11196_A,Data_11196_B
Data_11197_A,Data_11197_B
Data_11198_A,Data_11198_B
Data_11199_A,Data_11199_B
Data_11200_A,Data_11200_B
Data_11201_A,Data_11201_B
Data_11202_A,Data_11202_B
Data_11203_A,Data_11203_B
Data_11204_A,Data_11204_B
Data_11205_A,Data_11205_B
Data_11206_A,Data_11206_B
Data_11207_A,Data_11207_B
Data_11208_A,Data_11208_B
Data_11209_A,Data_11209_B
Data_11210_A,Data_11210_B
Data_11211_A,Data_11211_B
Data_11212_A,Data_11212_B
Data_11213_A,Data_11213_B
Data_11214_A,Data_11214_B
Data_11215_A,Data_11215_B
Data_11216_A,Data_11216_B
Data_11217_A,Data_11217_B
Data_11218_A,Data_11218_B
Data_11219_A,Data_11219_B
Data_11220_A,Data_11220_B
Data_11221_A,Data_11221_B
Data_11222_A,Data_11222_B
Data_11223_A,Data_11223_B
Data_11224_A,Data_11224_B
Data_11225_A,Data_11225_B
Data_11226_A,Data_11226_B
Data_11227_A,Data_11227_B
Data_11228_A,Data_11228_B
Data_11229_A,Data_11229_B
Data_11230_A,Data_11230_B
Data_11231_A,Data_11231_B
Data_11232_A,Data_11232_B
Data_11233_A,Data_11233_B
Data_11234_A,Data_11234_B
Data_11235_A,Data_11235_B
Data_11236_A,Data_11236_B
Data_11237_A,Data_11237_B
Data_11238_A,Data_11238_B
Data_11239_A,Data_11239_B
Data_11240_A,Data_11240_B
Data_11241_A,Data_11241_B
Data_11242_A,Data_11242_B
Data_11243_A,Data_11243_B
Data_11244_A,Data_11244_B
Data_11245_A,Data_11245_B
Data_11246_A,Data_11246_B
Data_11247_A,Data_11247_B
Data_11248_A,Data_11248_B
Data_11249_A,Data_11249_B
Data_11250_A,Data_11250_B
Data_11251_A,Data_11251_B
Data_11252_A,Data_11252_B
Data_11253_A,Data_11253_B
Data_11254_A,Data_11254_B
Data_11255_A,Data_11255_B
Data_11256_A,Data_11256_B
Data_11257_A,Data_11257_B
Data_11258_A,Data_11258_B
Data_11259_A,Data_11259_B
Data_11260_A,Data_11260_B
Data_11261_A,Data_11261_B
Data_11262_A,Data_11262_B
Data_11263_A,Data_11263_B
Data_11264_A,Data_11264_B
Data_11265_A,Data_11265_B
Data_11266_A,Data_11266_B
Data_11267_A,Data_11267_B
Data_11268_A,Data_11268_B
Data_11269_A,Data_11269_B
Data_11270_A,Data_11270_B
Data_11271_A,Data_11271_B
Data_11272_A,Data_11272_B
Data_11273_A,Data_11273_B
Data_11274_A,Data_11274_B
Data_11275_A,Data_11275_B
Data_11276_A,Data_11276_B
Data_11277_A,Data_11277_B
Data_11278_A,Data_11278_B
Data_11279_A,Data_11279_B
Data_11280_A,Data_11280_B
Data_11281_A,Data_11281_B
Data_11282_A,Data_11282_B
Data_11283_A,Data_11283_B
Data_11284_A,Data_11284_B
Data_11285_A,Data_11285_B
Data_11286_A,Data_11286_B
Data_11287_A,Data_11287_B
Data_11288_A,Data_11288_B
Data_11289_A,Data_11289_B
Data_11290_A,Data_11290_B
Data_11291_A,Data_11291_B
Data_11292_A,Data_11292_B
Data_11293_A,Data_11293_B
Data_11294_A,Data_11294_B
Data_11295_A,Data_11295_B
Data_11296_A,Data_11296_B
Data_11297_A,Data_11297_B
Data_11298_A,Data_11298_B
Data_11299_A,Data_11299_B
Data_11300_A,Data_11300_B
Data_11301_A,Data_11301_B
Data_11302_A,Data_11302_B
Data_11303_A,Data_11303_B
Data_11304_A,Data_11304_B
Data_11305_A,Data_11305_B
Data_11306_A,Data_11306_B
Data_11307_A,Data_11307_B
Data_11308_A,Data_11308_B
Data_11309_A,Data_11309_B
Data_11310_A,Data_11310_B
Data_11311_A,Data_11311_B
Data_11312_A,Data_11312_B
Data_11313_A,Data_11313_B
Data_11314_A,Data_11314_B
Data_11315_A,Data_11315_B
Data_11316_A,Data_11316_B
Data_11317_A,Data_11317_B
Data_11318_A,Data_11318_B
Data_11319_A,Data_11319_B
Data_11320_A,Data_11320_B
Data_11321_A,Data_11321_B
Data_11322_A,Data_11322_B
Data_11323_A,Data_11323_B
Data_11324_A,Data_11324_B
Data_11325_A,Data_11325_B
Data_11326_A,Data_11326_B
Data_11327_A,Data_11327_B
Data_11328_A,Data_11328_B
Data_11329_A,Data_11329_B
Data_11330_A,Data_11330_B
Data_11331_A,Data_11331_B
Data_11332_A,Data_11332_B
Data_11333_A,Data_11333_B
Data_11334_A,Data_11334_B
Data_11335_A,Data_11335_B
Data_11336_A,Data_11336_B
Data_11337_A,Data_11337_B
Data_11338_A,Data_11338_B
Data_11339_A,Data_11339_B
Data_11340_A,Data_11340_B
Data_11341_A,Data_11341_B
Data_11342_A,Data_11342_B
Data_11343_A,Data_11343_B
Data_11344_A,Data_11344_B
Data_11345_A,Data_11345_B
Data_11346_A,Data_11346_B
Data_11347_A,Data_11347_B
Data_11348_A,Data_11348_B
Data_11349_A,Data_11349_B
Data_11350_A,Data_11350_B
Data_11351_A,Data_11351_B
Data_11352_A,Data_11352_B
Data_11353_A,Data_11353_B
Data_11354_A,Data_11354_B
Data_11355_A,Data_11355_B
Data_11356_A,Data_11356_B
Data_11357_A,Data_11357_B
Data_11358_A,Data_11358_B
Data_11359_A,Data_11359_B
Data_11360_A,Data_11360_B
Data_11361_A,Data_11361_B
Data_11362_A,Data_11362_B
Data_11363_A,Data_11363_B
Data_11364_A,Data_11364_B
Data_11365_A,Data_11365_B
Data_11366_A,Data_11366_B
Data_11367_A,Data_11367_B
Data_11368_A,Data_11368_B
Data_11369_A,Data_11369_B
Data_11370_A,Data_11370_B
Data_11371_A,Data_11371_B
Data_11372_A,Data_11372_B
Data_11373_A,Data_11373_B
Data_11374_A,Data_11374_B
Data_11375_A,Data_11375_B
Data_11376_A,Data_11376_B
Data_11377_A,Data_11377_B
Data_11378_A,Data_11378_B
Data_11379_A,Data_11379_B
Data_11380_A,Data_11380_B
Data_11381_A,Data_11381_B
Data_11382_A,Data_11382_B
Data_11383_A,Data_11383_B
Data_11384_A,Data_11384_B
Data_11385_A,Data_11385_B
Data_11386_A,Data_11386_B
Data_11387_A,Data_11387_B
Data_11388_A,Data_11388_B
Data_11389_A,Data_11389_B
Data_11390_A,Data_11390_B
Data_11391_A,Data_11391_B
Data_11392_A,Data_11392_B
Data_11393_A,Data_11393_B
Data_11394_A,Data_11394_B
Data_11395_A,Data_11395_B
Data_11396_A,Data_11396_B
Data_11397_A,Data_11397_B
Data_11398_A,Data_11398_B
Data_11399_A,Data_11399_B
Data_11400_A,Data_11400_B
Data_11401_A,Data_11401_B
Data_11402_A,Data_11402_B
Data_11403_A,Data_11403_B
Data_11404_A,Data_11404_B
Data_11405_A,Data_11405_B
Data_11406_A,Data_11406_B
Data_11407_A,Data_11407_B
Data_11408_A,Data_11408_B
Data_11409_A,Data_11409_B
Data_11410_A,Data_11410_B
Data_11411_A,Data_11411_B
Data_11412_A,Data_11412_B
Data_11413_A,Data_11413_B
Data_11414_A,Data_11414_B
Data_11415_A,Data_11415_B
Data_11416_A,Data_11416_B
Data_11417_A,Data_11417_B
Data_11418_A,Data_11418_B
Data_11419_A,Data_11419_B
Data_11420_A,Data_11420_B
Data_11421_A,Data_11421_B
Data_11422_A,Data_11422_B
Data_11423_A,Data_11423_B
Data_11424_A,Data_11424_B
Data_11425_A,Data_11425_B
Data_11426_A,Data_11426_B
Data_11427_A,Data_11427_B
Data_11428_A,Data_11428_B
Data_11429_A,Data_11429_B
Data_11430_A,Data_11430_B
Data_11431_A,Data_11431_B
Data_11432_A,Data_11432_B
Data_11433_A,Data_11433_B
Data_11434_A,Data_11434_B
Data_11435_A,Data_11435_B
Data_11436_A,Data_11436_B
Data_11437_A,Data_11437_B
Data_11438_A,Data_11438_B
Data_11439_A,Data_11439_B
Data_11440_A,Data_11440_B
Data_11441_A,Data_11441_B
Data_11442_A,Data_11442_B
Data_11443_A,Data_11443_B
Data_11444_A,Data_11444_B
Data_11445_A,Data_11445_B
Data_11446_A,Data_11446_B
Data_11447_A,Data_11447_B
Data_11448_A,Data_11448_B
Data_11449_A,Data_11449_B
Data_11450_A,Data_11450_B
Data_11451_A,Data_11451_B
Data_11452_A,Data_11452_B
Data_11453_A,Data_11453_B
Data_11454_A,Data_11454_B
Data_11455_A,Data_11455_B
Data_11456_A,Data_11456_B
Data_11457_A,Data_11457_B
Data_11458_A,Data_11458_B
Data_11459_A,Data_11459_B
Data_11460_A,Data_11460_B
Data_11461_A,Data_11461_B
Data_11462_A,Data_11462_B
Data_11463_A,Data_11463_B
Data_11464_A,Data_11464_B
Data_11465_A,Data_11465_B
Data_11466_A,Data_11466_B
Data_11467_A,Data_11467_B
Data_11468_A,Data_11468_B
Data_11469_A,Data_11469_B
Data_11470_A,Data_11470_B
Data_11471_A,Data_11471_B
Data_11472_A,Data_11472_B
Data_11473_A,Data_11473_B
Data_11474_A,Data_11474_B
Data_11475_A,Data_11475_B
Data_11476_A,Data_11476_B
Data_11477_A,Data_11477_B
Data_11478_A,Data_11478_B
Data_11479_A,Data_11479_B
Data_11480_A,Data_11480_B
Data_11481_A,Data_11481_B
Data_11482_A,Data_11482_B
Data_11483_A,Data_11483_B
Data_11484_A,Data_11484_B
Data_11485_A,Data_11485_B
Data_11486_A,Data_11486_B
Data_11487_A,Data_11487_B
Data_11488_A,Data_11488_B
Data_11489_A,Data_11489_B
Data_11490_A,Data_11490_B
Data_11491_A,Data_11491_B
Data_11492_A,Data_11492_B
Data_11493_A,Data_11493_B
Data_11494_A,Data_11494_B
Data_11495_A,Data_11495_B
Data_11496_A,Data_11496_B
Data_11497_A,Data_11497_B
Data_11498_A,Data_11498_B
Data_11499_A,Data_11499_B
Data_11500_A,Data_11500_B
Data_11501_A,Data_11501_B
Data_11502_A,Data_11502_B
Data_11503_A,Data_11503_B
Data_11504_A,Data_11504_B
Data_11505_A,Data_11505_B
Data_11506_A,Data_11506_B
Data_11507_A,Data_11507_B
Data_11508_A,Data_11508_B
Data_11509_A,Data_11509_B
Data_11510_A,Data_11510_B
Data_11511_A,Data_11511_B
Data_11512_A,Data_11512_B
Data_11513_A,Data_11513_B
Data_11514_A,Data_11514_B
Data_11515_A,Data_11515_B
Data_11516_A,Data_11516_B
Data_11517_A,Data_11517_B
Data_11518_A,Data_11518_B
Data_11519_A,Data_11519_B
Data_11520_A,Data_11520_B
Data_11521_A,Data_11521_B
Data_11522_A,Data_11522_B
Data_11523_A,Data_11523_B
Data_11524_A,Data_11524_B
Data_11525_A,Data_11525_B
Data_11526_A,Data_11526_B
Data_11527_A,Data_11527_B
Data_11528_A,Data_11528_B
Data_11529_A,Data_11529_B
Data_11530_A,Data_11530_B
Data_11531_A,Data_11531_B
Data_11532_A,Data_11532_B
Data_11533_A,Data_11533_B
Data_11534_A,Data_11534_B
Data_11535_A,Data_11535_B
Data_11536_A,Data_11536_B
Data_11537_A,Data_11537_B
Data_11538_A,Data_11538_B
Data_11539_A,Data_11539_B
Data_11540_A,Data_11540_B
Data_11541_A,Data_11541_B
Data_11542_A,Data_11542_B
Data_11543_A,Data_11543_B
Data_11544_A,Data_11544_B
Data_11545_A,Data_11545_B
Data_11546_A,Data_11546_B
Data_11547_A,Data_11547_B
Data_11548_A,Data_11548_B
Data_11549_A,Data_11549_B
Data_11550_A,Data_11550_B
Data_11551_A,Data_11551_B
Data_11552_A,Data_11552_B
Data_11553_A,Data_11553_B
Data_11554_A,Data_11554_B
Data_11555_A,Data_11555_B
Data_11556_A,Data_11556_B
Data_11557_A,Data_11557_B
Data_11558_A,Data_11558_B
Data_11559_A,Data_11559_B
Data_11560_A,Data_11560_B
Data_11561_A,Data_11561_B
Data_11562_A,Data_11562_B
Data_11563_A,Data_11563_B
Data_11564_A,Data_11564_B
Data_11565_A,Data_11565_B
Data_11566_A,Data_11566_B
Data_11567_A,Data_11567_B
Data_11568_A,Data_11568_B
Data_11569_A,Data_11569_B
Data_11570_A,Data_11570_B
Data_11571_A,Data_11571_B
Data_11572_A,Data_11572_B
Data_11573_A,Data_11573_B
Data_11574_A,Data_11574_B
Data_11575_A,Data_11575_B
Data_11576_A,Data_11576_B
Data_11577_A,Data_11577_B
Data_11578_A,Data_11578_B
Data_11579_A,Data_11579_B
Data_11580_A,Data_11580_B
Data_11581_A,Data_11581_B
Data_11582_A,Data_11582_B
Data_11583_A,Data_11583_B
Data_11584_A,Data_11584_B
Data_11585_A,Data_11585_B
Data_11586_A,Data_11586_B
Data_11587_A,Data_11587_B
Data_11588_A,Data_11588_B
Data_11589_A,Data_11589_B
Data_11590_A,Data_11590_B
Data_11591_A,Data_11591_B
Data_11592_A,Data_11592_B
Data_11593_A,Data_11593_B
Data_11594_A,Data_11594_B
Data_11595_A,Data_11595_B
Data_11596_A,Data_11596_B
Data_11597_A,Data_11597_B
Data_11598_A,Data_11598_B
Data_11599_A,Data_11599_B
Data_11600_A,Data_11600_B
Data_11601_A,Data_11601_B
Data_11602_A,Data_11602_B
Data_11603_A,Data_11603_B
Data_11604_A,Data_11604_B
Data_11605_A,Data_11605_B
Data_11606_A,Data_11606_B
Data_11607_A,Data_11607_B
Data_11608_A,Data_11608_B
Data_11609_A,Data_11609_B
Data_11610_A,Data_11610_B
Data_11611_A,Data_11611_B
Data_11612_A,Data_11612_B
Data_11613_A,Data_11613_B
Data_11614_A,Data_11614_B
Data_11615_A,Data_11615_B
Data_11616_A,Data_11616_B
Data_11617_A,Data_11617_B
Data_11618_A,Data_11618_B
Data_11619_A,Data_11619_B
Data_11620_A,Data_11620_B
Data_11621_A,Data_11621_B
Data_11622_A,Data_11622_B
Data_11623_A,Data_11623_B
Data_11624_A,Data_11624_B
Data_11625_A,Data_11625_B
Data_11626_A,Data_11626_B
Data_11627_A,Data_11627_B
Data_11628_A,Data_11628_B
Data_11629_A,Data_11629_B
Data_11630_A,Data_11630_B
Data_11631_A,Data_11631_B
Data_11632_A,Data_11632_B
Data_11633_A,Data_11633_B
Data_11634_A,Data_11634_B
Data_11635_A,Data_11635_B
Data_11636_A,Data_11636_B
Data_11637_A,Data_11637_B
Data_11638_A,Data_11638_B
Data_11639_A,Data_11639_B
Data_11640_A,Data_11640_B
Data_11641_A,Data_11641_B
Data_11642_A,Data_11642_B
Data_11643_A,Data_11643_B
Data_11644_A,Data_11644_B
Data_11645_A,Data_11645_B
Data_11646_A,Data_11646_B
Data_11647_A,Data_11647_B
Data_11648_A,Data_11648_B
Data_11649_A,Data_11649_B
Data_11650_A,Data_11650_B
Data_11651_A,Data_11651_B
Data_11652_A,Data_11652_B
Data_11653_A,Data_11653_B
Data_11654_A,Data_11654_B
Data_11655_A,Data_11655_B
Data_11656_A,Data_11656_B
Data_11657_A,Data_11657_B
Data_11658_A,Data_11658_B
Data_11659_A,Data_11659_B
Data_11660_A,Data_11660_B
Data_11661_A,Data_11661_B
Data_11662_A,Data_11662_B
Data_11663_A,Data_11663_B
Data_11664_A,Data_11664_B
Data_11665_A,Data_11665_B
Data_11666_A,Data_11666_B
Data_11667_A,Data_11667_B
Data_11668_A,Data_11668_B
Data_11669_A,Data_11669_B
Data_11670_A,Data_11670_B
Data_11671_A,Data_11671_B
Data_11672_A,Data_11672_B
Data_11673_A,Data_11673_B
Data_11674_A,Data_11674_B
Data_11675_A,Data_11675_B
Data_11676_A,Data_11676_B
Data_11677_A,Data_11677_B
Data_11678_A,Data_11678_B
Data_11679_A,Data_11679_B
Data_11680_A,Data_11680_B
Data_11681_A,Data_11681_B
Data_11682_A,Data_11682_B
Data_11683_A,Data_11683_B
Data_11684_A,Data_11684_B
Data_11685_A,Data_11685_B
Data_11686_A,Data_11686_B
Data_11687_A,Data_11687_B
Data_11688_A,Data_11688_B
Data_11689_A,Data_11689_B
Data_11690_A,Data_11690_B
Data_11691_A,Data_11691_B
Data_11692_A,Data_11692_B
Data_11693_A,Data_11693_B
Data_11694_A,Data_11694_B
Data_11695_A,Data_11695_B
Data_11696_A,Data_11696_B
Data_11697_A,Data_11697_B
Data_11698_A,Data_11698_B
Data_11699_A,Data_11699_B
Data_11700_A,Data_11700_B
Data_11701_A,Data_11701_B
Data_11702_A,Data_11702_B
Data_11703_A,Data_11703_B
Data_11704_A,Data_11704_B
Data_11705_A,Data_11705_B
Data_11706_A,Data_11706_B
Data_11707_A,Data_11707_B
Data_11708_A,Data_11708_B
Data_11709_A,Data_11709_B
Data_11710_A,Data_11710_B
Data_11711_A,Data_11711_B
Data_11712_A,Data_11712_B
Data_11713_A,Data_11713_B
Data_11714_A,Data_11714_B
Data_11715_A,Data_11715_B
Data_11716_A,Data_11716_B
Data_11717_A,Data_11717_B
Data_11718_A,Data_11718_B
Data_11719_A,Data_11719_B
Data_11720_A,Data_11720_B
Data_11721_A,Data_11721_B
Data_11722_A,Data_11722_B
Data_11723_A,Data_11723_B
Data_11724_A,Data_11724_B
Data_11725_A,Data_11725_B
Data_11726_A,Data_11726_B
Data_11727_A,Data_11727_B
Data_11728_A,Data_11728_B
Data_11729_A,Data_11729_B
Data_11730_A,Data_11730_B
Data_11731_A,Data_11731_B
Data_11732_A,Data_11732_B
Data_11733_A,Data_11733_B
Data_11734_A,Data_11734_B
Data_11735_A,Data_11735_B
Data_11736_A,Data_11736_B
Data_11737_A,Data_11737_B
Data_11738_A,Data_11738_B
Data_11739_A,Data_11739_B
Data_11740_A,Data_11740_B
Data_11741_A,Data_11741_B
Data_11742_A,Data_11742_B
Data_11743_A,Data_11743_B
Data_11744_A,Data_11744_B
Data_11745_A,Data_11745_B
Data_11746_A,Data_11746_B
Data_11747_A,Data_11747_B
Data_11748_A,Data_11748_B
Data_11749_A,Data_11749_B
Data_11750_A,Data_11750_B
Data_11751_A,Data_11751_B
Data_11752_A,Data_11752_B
Data_11753_A,Data_11753_B
Data_11754_A,Data_11754_B
Data_11755_A,Data_11755_B
Data_11756_A,Data_11756_B
Data_11757_A,Data_11757_B
Data_11758_A,Data_11758_B
Data_11759_A,Data_11759_B
Data_11760_A,Data_11760_B
Data_11761_A,Data_11761_B
Data_11762_A,Data_11762_B
Data_11763_A,Data_11763_B
Data_11764_A,Data_11764_B
Data_11765_A,Data_11765_B
Data_11766_A,Data_11766_B
Data_11767_A,Data_11767_B
Data_11768_A,Data_11768_B
Data_11769_A,Data_11769_B
Data_11770_A,Data_11770_B
Data_11771_A,Data_11771_B
Data_11772_A,Data_11772_B
Data_11773_A,Data_11773_B
Data_11774_A,Data_11774_B
Data_11775_A,Data_11775_B
Data_11776_A,Data_11776_B
Data_11777_A,Data_11777_B
Data_11778_A,Data_11778_B
Data_11779_A,Data_11779_B
Data_11780_A,Data_11780_B
Data_11781_A,Data_11781_B
Data_11782_A,Data_11782_B
Data_11783_A,Data_11783_B
Data_11784_A,Data_11784_B
Data_11785_A,Data_11785_B
Data_11786_A,Data_11786_B
Data_11787_A,Data_11787_B
Data_11788_A,Data_11788_B
Data_11789_A,Data_11789_B
Data_11790_A,Data_11790_B
Data_11791_A,Data_11791_B
Data_11792_A,Data_11792_B
Data_11793_A,Data_11793_B
Data_11794_A,Data_11794_B
Data_11795_A,Data_11795_B
Data_11796_A,Data_11796_B
Data_11797_A,Data_11797_B
Data_11798_A,Data_11798_B
Data_11799_A,Data_11799_B
Data_11800_A,Data_11800_B
Data_11801_A,Data_11801_B
Data_11802_A,Data_11802_B
Data_11803_A,Data_11803_B
Data_11804_A,Data_11804_B
Data_11805_A,Data_11805_B
Data_11806_A,Data_11806_B
Data_11807_A,Data_11807_B
Data_11808_A,Data_11808_B
Data_11809_A,Data_11809_B
Data_11810_A,Data_11810_B
Data_11811_A,Data_11811_B
Data_11812_A,Data_11812_B
Data_11813_A,Data_11813_B
Data_11814_A,Data_11814_B
Data_11815_A,Data_11815_B
Data_11816_A,Data_11816_B
Data_11817_A,Data_11817_B
Data_11818_A,Data_11818_B
Data_11819_A,Data_11819_B
Data_11820_A,Data_11820_B
Data_11821_A,Data_11821_B
Data_11822_A,Data_11822_B
Data_11823_A,Data_11823_B
Data_11824_A,Data_11824_B
Data_11825_A,Data_11825_B
Data_11826_A,Data_11826_B
Data_11827_A,Data_11827_B
Data_11828_A,Data_11828_B
Data_11829_A,Data_11829_B
Data_11830_A,Data_11830_B
Data_11831_A,Data_11831_B
Data_11832_A,Data_11832_B
Data_11833_A,Data_11833_B
Data_11834_A,Data_11834_B
Data_11835_A,Data_11835_B
Data_11836_A,Data_11836_B
Data_11837_A,Data_11837_B
Data_11838_A,Data_11838_B
Data_11839_A,Data_11839_B
Data_11840_A,Data_11840_B
Data_11841_A,Data_11841_B
Data_11842_A,Data_11842_B
Data_11843_A,Data_11843_B
Data_11844_A,Data_11844_B
Data_11845_A,Data_11845_B
Data_11846_A,Data_11846_B
Data_11847_A,Data_11847_B
Data_11848_A,Data_11848_B
Data_11849_A,Data_11849_B
Data_11850_A,Data_11850_B
Data_11851_A,Data_11851_B
Data_11852_A,Data_11852_B
Data_11853_A,Data_11853_B
Data_11854_A,Data_11854_B
Data_11855_A,Data_11855_B
Data_11856_A,Data_11856_B
Data_11857_A,Data_11857_B
Data_11858_A,Data_11858_B
Data_11859_A,Data_11859_B
Data_11860_A,Data_11860_B
Data_11861_A,Data_11861_B
Data_11862_A,Data_11862_B
Data_11863_A,Data_11863_B
Data_11864_A,Data_11864_B
Data_11865_A,Data_11865_B
Data_11866_A,Data_11866_B
Data_11867_A,Data_11867_B
Data_11868_A,Data_11868_B
Data_11869_A,Data_11869_B
Data_11870_A,Data_11870_B
Data_11871_A,Data_11871_B
Data_11872_A,Data_11872_B
Data_11873_A,Data_11873_B
Data_11874_A,Data_11874_B
Data_11875_A,Data_11875_B
Data_11876_A,Data_11876_B
Data_11877_A,Data_11877_B
Data_11878_A,Data_11878_B
Data_11879_A,Data_11879_B
Data_11880_A,Data_11880_B
Data_11881_A,Data_11881_B
Data_11882_A,Data_11882_B
Data_11883_A,Data_11883_B
Data_11884_A,Data_11884_B
Data_11885_A,Data_11885_B
Data_11886_A,Data_11886_B
Data_11887_A,Data_11887_B
Data_11888_A,Data_11888_B
Data_11889_A,Data_11889_B
Data_11890_A,Data_11890_B
Data_11891_A,Data_11891_B
Data_11892_A,Data_11892_B
Data_11893_A,Data_11893_B
Data_11894_A,Data_11894_B
Data_11895_A,Data_11895_B
Data_11896_A,Data_11896_B
Data_11897_A,Data_11897_B
Data_11898_A,Data_11898_B
Data_11899_A,Data_11899_B
Data_11900_A,Data_11900_B
Data_11901_A,Data_11901_B
Data_11902_A,Data_11902_B
Data_11903_A,Data_11903_B
Data_11904_A,Data_11904_B
Data_11905_A,Data_11905_B
Data_11906_A,Data_11906_B
Data_11907_A,Data_11907_B
Data_11908_A,Data_11908_B
Data_11909_A,Data_11909_B
Data_11910_A,Data_11910_B
Data_11911_A,Data_11911_B
Data_11912_A,Data_11912_B
Data_11913_A,Data_11913_B
Data_11914_A,Data_11914_B
Data_11915_A,Data_11915_B
Data_11916_A,Data_11916_B
Data_11917_A,Data_11917_B
Data_11918_A,Data_11918_B
Data_11919_A,Data_11919_B
Data_11920_A,Data_11920_B
Data_11921_A,Data_11921_B
Data_11922_A,Data_11922_B
Data_11923_A,Data_11923_B
Data_11924_A,Data_11924_B
Data_11925_A,Data_11925_B
Data_11926_A,Data_11926_B
Data_11927_A,Data_11927_B
Data_11928_A,Data_11928_B
Data_11929_A,Data_11929_B
Data_11930_A,Data_11930_B
Data_11931_A,Data_11931_B
Data_11932_A,Data_11932_B
Data_11933_A,Data_11933_B
Data_11934_A,Data_11934_B
Data_11935_A,Data_11935_B
Data_11936_A,Data_11936_B
Data_11937_A,Data_11937_B
Data_11938_A,Data_11938_B
Data_11939_A,Data_11939_B
Data_11940_A,Data_11940_B
Data_11941_A,Data_11941_B
Data_11942_A,Data_11942_B
Data_11943_A,Data_11943_B
Data_11944_A,Data_11944_B
Data_11945_A,Data_11945_B
Data_11946_A,Data_11946_B
Data_11947_A,Data_11947_B
Data_11948_A,Data_11948_B
Data_11949_A,Data_11949_B
Data_11950_A,Data_11950_B
Data_11951_A,Data_11951_B
Data_11952_A,Data_11952_B
Data_11953_A,Data_11953_B
Data_11954_A,Data_11954_B
Data_11955_A,Data_11955_B
Data_11956_A,Data_11956_B
Data_11957_A,Data_11957_B
Data_11958_A,Data_11958_B
Data_11959_A,Data_11959_B
Data_11960_A,Data_11960_B
Data_11961_A,Data_11961_B
Data_11962_A,Data_11962_B
Data_11963_A,Data_11963_B
Data_11964_A,Data_11964_B
Data_11965_A,Data_11965_B
Data_11966_A,Data_11966_B
Data_11967_A,Data_11967_B
Data_11968_A,Data_11968_B
Data_11969_A,Data_11969_B
Data_11970_A,Data_11970_B
Data_11971_A,Data_11971_B
Data_11972_A,Data_11972_B
Data_11973_A,Data_11973_B
Data_11974_A,Data_11974_B
Data_11975_A,Data_11975_B
Data_11976_A,Data_11976_B
Data_11977_A,Data_11977_B
Data_11978_A,Data_11978_B
Data_11979_A,Data_11979_B
Data_11980_A,Data_11980_B
Data_11981_A,Data_11981_B
Data_11982_A,Data_11982_B
Data_11983_A,Data_11983_B
Data_11984_A,Data_11984_B
Data_11985_A,Data_11985_B
Data_11986_A,Data_11986_B
Data_11987_A,Data_11987_B
Data_11988_A,Data_11988_B
Data_11989_A,Data_11989_B
Data_11990_A,Data_11990_B
Data_11991_A,Data_11991_B
Data_11992_A,Data_11992_B
Data_11993_A,Data_11993_B
Data_11994_A,Data_11994_B
Data_11995_A,Data_11995_B
Data_11996_A,Data_11996_B
Data_11997_A,Data_11997_B
Data_11998_A,Data_11998_B
Data_11999_A,Data_11999_B
Data_12000_A,Data_12000_B
Data_12001_A,Data_12001_B
Data_12002_A,Data_12002_B
Data_12003_A,Data_12003_B
Data_12004_A,Data_12004_B
Data_12005_A,Data_12005_B
Data_12006_A,Data_12006_B
Data_12007_A,Data_12007_B
Data_12008_A,Data_12008_B
Data_12009_A,Data_12009_B
Data_12010_A,Data_12010_B
Data_12011_A,Data_12011_B
Data_12012_A,Data_12012_B
Data_12013_A,Data_12013_B
Data_12014_A,Data_12014_B
Data_12015_A,Data_12015_B
Data_12016_A,Data_12016_B
Data_12017_A,Data_12017_B
Data_12018_A,Data_12018_B
Data_12019_A,Data_12019_B
Data_12020_A,Data_12020_B
Data_12021_A,Data_12021_B
Data_12022_A,Data_12022_B
Data_12023_A,Data_12023_B
Data_12024_A,Data_12024_B
Data_12025_A,Data_12025_B
Data_12026_A,Data_12026_B
Data_12027_A,Data_12027_B
Data_12028_A,Data_12028_B
Data_12029_A,Data_12029_B
Data_12030_A,Data_12030_B
Data_12031_A,Data_12031_B
Data_12032_A,Data_12032_B
Data_12033_A,Data_12033_B
Data_12034_A,Data_12034_B
Data_12035_A,Data_12035_B
Data_12036_A,Data_12036_B
Data_12037_A,Data_12037_B
Data_12038_A,Data_12038_B
Data_12039_A,Data_12039_B
Data_12040_A,Data_12040_B
Data_12041_A,Data_12041_B
Data_12042_A,Data_12042_B
Data_12043_A,Data_12043_B
Data_12044_A,Data_12044_B
Data_12045_A,Data_12045_B
Data_12046_A,Data_12046_B
Data_12047_A,Data_12047_B
Data_12048_A,Data_12048_B
Data_12049_A,Data_12049_B
Data_12050_A,Data_12050_B
Data_12051_A,Data_12051_B
Data_12052_A,Data_12052_B
Data_12053_A,Data_12053_B
Data_12054_A,Data_12054_B
Data_12055_A,Data_12055_B
Data_12056_A,Data_12056_B
Data_12057_A,Data_12057_B
Data_12058_A,Data_12058_B
Data_12059_A,Data_12059_B
Data_12060_A,Data_12060_B
Data_12061_A,Data_12061_B
Data_12062_A,Data_12062_B
Data_12063_A,Data_12063_B
Data_12064_A,Data_12064_B
Data_12065_A,Data_12065_B
Data_12066_A,Data_12066_B
Data_12067_A,Data_12067_B
Data_12068_A,Data_12068_B
Data_12069_A,Data_12069_B
Data_12070_A,Data_12070_B
Data_12071_A,Data_12071_B
Data_12072_A,Data_12072_B
Data_12073_A,Data_12073_B
Data_12074_A,Data_12074_B
Data_12075_A,Data_12075_B
Data_12076_A,Data_12076_B
Data_12077_A,Data_12077_B
Data_12078_A,Data_12078_B
Data_12079_A,Data_12079_B
Data_12080_A,Data_12080_B
Data_12081_A,Data_12081_B
Data_12082_A,Data_12082_B
Data_12083_A,Data_12083_B
Data_12084_A,Data_12084_B
Data_12085_A,Data_12085_B
Data_12086_A,Data_12086_B
Data_12087_A,Data_12087_B
Data_12088_A,Data_12088_B
Data_12089_A,Data_12089_B
Data_12090_A,Data_12090_B
Data_12091_A,Data_12091_B
Data_12092_A,Data_12092_B
Data_12093_A,Data_12093_B
Data_12094_A,Data_12094_B
Data_12095_A,Data_12095_B
Data_12096_A,Data_12096_B
Data_12097_A,Data_12097_B
Data_12098_A,Data_12098_B
Data_12099_A,Data_12099_B
Data_12100_A,Data_12100_B
Data_12101_A,Data_12101_B
Data_12102_A,Data_12102_B
Data_12103_A,Data_12103_B
Data_12104_A,Data_12104_B
Data_12105_A,Data_12105_B
Data_12106_A,Data_12106_B
Data_12107_A,Data_12107_B
Data_12108_A,Data_12108_B
Data_12109_A,Data_12109_B
Data_12110_A,Data_12110_B
Data_12111_A,Data_12111_B
Data_12112_A,Data_12112_B
Data_12113_A,Data_12113_B
Data_12114_A,Data_12114_B
Data_12115_A,Data_12115_B
Data_12116_A,Data_12116_B
Data_12117_A,Data_12117_B
Data_12118_A,Data_12118_B
Data_12119_A,Data_12119_B
Data_12120_A,Data_12120_B
Data_12121_A,Data_12121_B
Data_12122_A,Data_12122_B
Data_12123_A,Data_12123_B
Data_12124_A,Data_12124_B
Data_12125_A,Data_12125_B
Data_12126_A,Data_12126_B
Data_12127_A,Data_12127_B
Data_12128_A,Data_12128_B
Data_12129_A,Data_12129_B
Data_12130_A,Data_12130_B
Data_12131_A,Data_12131_B
Data_12132_A,Data_12132_B
Data_12133_A,Data_12133_B
Data_12134_A,Data_12134_B
Data_12135_A,Data_12135_B
Data_12136_A,Data_12136_B
Data_12137_A,Data_12137_B
Data_12138_A,Data_12138_B
Data_12139_A,Data_12139_B
Data_12140_A,Data_12140_B
Data_12141_A,Data_12141_B
Data_12142_A,Data_12142_B
Data_12143_A,Data_12143_B
Data_12144_A,Data_12144_B
Data_12145_A,Data_12145_B
Data_12146_A,Data_12146_B
Data_12147_A,Data_12147_B
Data_12148_A,Data_12148_B
Data_12149_A,Data_12149_B
Data_12150_A,Data_12150_B
Data_12151_A,Data_12151_B
Data_12152_A,Data_12152_B
Data_12153_A,Data_12153_B
Data_12154_A,Data_12154_B
Data_12155_A,Data_12155_B
Data_12156_A,Data_12156_B
Data_12157_A,Data_12157_B
Data_12158_A,Data_12158_B
Data_12159_A,Data_12159_B
Data_12160_A,Data_12160_B
Data_12161_A,Data_12161_B
Data_12162_A,Data_12162_B
Data_12163_A,Data_12163_B
Data_12164_A,Data_12164_B
Data_12165_A,Data_12165_B
Data_12166_A,Data_12166_B
Data_12167_A,Data_12167_B
Data_12168_A,Data_12168_B
Data_12169_A,Data_12169_B
Data_12170_A,Data_12170_B
Data_12171_A,Data_12171_B
Data_12172_A,Data_12172_B
Data_12173_A,Data_12173_B
Data_12174_A,Data_12174_B
Data_12175_A,Data_12175_B
Data_12176_A,Data_12176_B
Data_12177_A,Data_12177_B
Data_12178_A,Data_12178_B
Data_12179_A,Data_12179_B
Data_12180_A,Data_12180_B
Data_12181_A,Data_12181_B
Data_12182_A,Data_12182_B
Data_12183_A,Data_12183_B
Data_12184_A,Data_12184_B
Data_12185_A,Data_12185_B
Data_12186_A,Data_12186_B
Data_12187_A,Data_12187_B
Data_12188_A,Data_12188_B
Data_12189_A,Data_12189_B
Data_12190_A,Data_12190_B
Data_12191_A,Data_12191_B
Data_12192_A,Data_12192_B
Data_12193_A,Data_12193_B
Data_12194_A,Data_12194_B
Data_12195_A,Data_12195_B
Data_12196_A,Data_12196_B
Data_12197_A,Data_12197_B
Data_12198_A,Data_12198_B
Data_12199_A,Data_12199_B
Data_12200_A,Data_12200_B
Data_12201_A,Data_12201_B
Data_12202_A,Data_12202_B
Data_12203_A,Data_12203_B
Data_12204_A,Data_12204_B
Data_12205_A,Data_12205_B
Data_12206_A,Data_12206_B
Data_12207_A,Data_12207_B
Data_12208_A,Data_12208_B
Data_12209_A,Data_12209_B
Data_12210_A,Data_12210_B
Data_12211_A,Data_12211_B
Data_12212_A,Data_12212_B
Data_12213_A,Data_12213_B
Data_12214_A,Data_12214_B
Data_12215_A,Data_12215_B
Data_12216_A,Data_12216_B
Data_12217_A,Data_12217_B
Data_12218_A,Data_12218_B
Data_12219_A,Data_12219_B
Data_12220_A,Data_12220_B
Data_12221_A,Data_12221_B
Data_12222_A,Data_12222_B
Data_12223_A,Data_12223_B
Data_12224_A,Data_12224_B
Data_12225_A,Data_12225_B
Data_12226_A,Data_12226_B
Data_12227_A,Data_12227_B
Data_12228_A,Data_12228_B
Data_12229_A,Data_12229_B
Data_12230_A,Data_12230_B
Data_12231_A,Data_12231_B
Data_12232_A,Data_12232_B
Data_12233_A,Data_12233_B
Data_12234_A,Data_12234_B
Data_12235_A,Data_12235_B
Data_12236_A,Data_12236_B
Data_12237_A,Data_12237_B
Data_12238_A,Data_12238_B
Data_12239_A,Data_12239_B
Data_12240_A,Data_12240_B
Data_12241_A,Data_12241_B
Data_12242_A,Data_12242_B
Data_12243_A,Data_12243_B
Data_12244_A,Data_12244_B
Data_12245_A,Data_12245_B
Data_12246_A,Data_12246_B
Data_12247_A,Data_12247_B
Data_12248_A,Data_12248_B
Data_12249_A,Data_12249_B
Data_12250_A,Data_12250_B
Data_12251_A,Data_12251_B
Data_12252_A,Data_12252_B
Data_12253_A,Data_12253_B
Data_12254_A,Data_12254_B
Data_12255_A,Data_12255_B
Data_12256_A,Data_12256_B
Data_12257_A,Data_12257_B
Data_12258_A,Data_12258_B
Data_12259_A,Data_12259_B
Data_12260_A,Data_12260_B
Data_12261_A,Data_12261_B
Data_12262_A,Data_12262_B
Data_12263_A,Data_12263_B
Data_12264_A,Data_12264_B
Data_12265_A,Data_12265_B
Data_12266_A,Data_12266_B
Data_12267_A,Data_12267_B
Data_12268_A,Data_12268_B
Data_12269_A,Data_12269_B
Data_12270_A,Data_12270_B
Data_12271_A,Data_12271_B
Data_12272_A,Data_12272_B
Data_12273_A,Data_12273_B
Data_12274_A,Data_12274_B
Data_12275_A,Data_12275_B
Data_12276_A,Data_12276_B
Data_12277_A,Data_12277_B
Data_12278_A,Data_12278_B
Data_12279_A,Data_12279_B
Data_12280_A,Data_12280_B
Data_12281_A,Data_12281_B
Data_12282_A,Data_12282_B
Data_12283_A,Data_12283_B
Data_12284_A,Data_12284_B
Data_12285_A,Data_12285_B
Data_12286_A,Data_12286_B
Data_12287_A,Data_12287_B
Data_12288_A,Data_12288_B
Data_12289_A,Data_12289_B
Data_12290_A,Data_12290_B
Data_12291_A,Data_12291_B
Data_12292_A,Data_12292_B
Data_12293_A,Data_12293_B
Data_12294_A,Data_12294_B
Data_12295_A,Data_12295_B
Data_12296_A,Data_12296_B
Data_12297_A,Data_12297_B
Data_12298_A,Data_12298_B
Data_12299_A,Data_12299_B
Data_12300_A,Data_12300_B
Data_12301_A,Data_12301_B
Data_12302_A,Data_12302_B
Data_12303_A,Data_12303_B
Data_12304_A,Data_12304_B
Data_12305_A,Data_12305_B
Data_12306_A,Data_12306_B
Data_12307_A,Data_12307_B
Data_12308_A,Data_12308_B
Data_12309_A,Data_12309_B
Data_12310_A,Data_12310_B
Data_12311_A,Data_12311_B
Data_12312_A,Data_12312_B
Data_12313_A,Data_12313_B
Data_12314_A,Data_12314_B
Data_12315_A,Data_12315_B
Data_12316_A,Data_12316_B
Data_12317_A,Data_12317_B
Data_12318_A,Data_12318_B
Data_12319_A,Data_12319_B
Data_12320_A,Data_12320_B
Data_12321_A,Data_12321_B
Data_12322_A,Data_12322_B
Data_12323_A,Data_12323_B
Data_12324_A,Data_12324_B
Data_12325_A,Data_12325_B
Data_12326_A,Data_12326_B
Data_12327_A,Data_12327_B
Data_12328_A,Data_12328_B
Data_12329_A,Data_12329_B
Data_12330_A,Data_12330_B
Data_12331_A,Data_12331_B
Data_12332_A,Data_12332_B
Data_12333_A,Data_12333_B
Data_12334_A,Data_12334_B
Data_12335_A,Data_12335_B
Data_12336_A,Data_12336_B
Data_12337_A,Data_12337_B
Data_12338_A,Data_12338_B
Data_12339_A,Data_12339_B
Data_12340_A,Data_12340_B
Data_12341_A,Data_12341_B
Data_12342_A,Data_12342_B
Data_12343_A,Data_12343_B
Data_12344_A,Data_12344_B
Data_12345_A,Data_12345_B
Data_12346_A,Data_12346_B
Data_12347_A,Data_12347_B
Data_12348_A,Data_12348_B
Data_12349_A,Data_12349_B
Data_12350_A,Data_12350_B
Data_12351_A,Data_12351_B
Data_12352_A,Data_12352_B
Data_12353_A,Data_12353_B
Data_12354_A,Data_12354_B
Data_12355_A,Data_12355_B
Data_12356_A,Data_12356_B
Data_12357_A,Data_12357_B
Data_12358_A,Data_12358_B
Data_12359_A,Data_12359_B
Data_12360_A,Data_12360_B
Data_12361_A,Data_12361_B
Data_12362_A,Data_12362_B
Data_12363_A,Data_12363_B
Data_12364_A,Data_12364_B
Data_12365_A,Data_12365_B
Data_12366_A,Data_12366_B
Data_12367_A,Data_12367_B
Data_12368_A,Data_12368_B
Data_12369_A,Data_12369_B
Data_12370_A,Data_12370_B
Data_12371_A,Data_12371_B
Data_12372_A,Data_12372_B
Data_12373_A,Data_12373_B
Data_12374_A,Data_12374_B
Data_12375_A,Data_12375_B
Data_12376_A,Data_12376_B
Data_12377_A,Data_12377_B
Data_12378_A,Data_12378_B
Data_12379_A,Data_12379_B
Data_12380_A,Data_12380_B
Data_12381_A,Data_12381_B
Data_12382_A,Data_12382_B
Data_12383_A,Data_12383_B
Data_12384_A,Data_12384_B
Data_12385_A,Data_12385_B
Data_12386_A,Data_12386_B
Data_12387_A,Data_12387_B
Data_12388_A,Data_12388_B
Data_12389_A,Data_12389_B
Data_12390_A,Data_12390_B
Data_12391_A,Data_12391_B
Data_12392_A,Data_12392_B
Data_12393_A,Data_12393_B
Data_12394_A,Data_12394_B
Data_12395_A,Data_12395_B
Data_12396_A,Data_12396_B
Data_12397_A,Data_12397_B
Data_12398_A,Data_12398_B
Data_12399_A,Data_12399_B
Data_12400_A,Data_12400_B
Data_12401_A,Data_12401_B
Data_12402_A,Data_12402_B
Data_12403_A,Data_12403_B
Data_12404_A,Data_12404_B
Data_12405_A,Data_12405_B
Data_12406_A,Data_12406_B
Data_12407_A,Data_12407_B
Data_12408_A,Data_12408_B
Data_12409_A,Data_12409_B
Data_12410_A,Data_12410_B
Data_12411_A,Data_12411_B
Data_12412_A,Data_12412_B
Data_12413_A,Data_12413_B
Data_12414_A,Data_12414_B
Data_12415_A,Data_12415_B
Data_12416_A,Data_12416_B
Data_12417_A,Data_12417_B
Data_12418_A,Data_12418_B
Data_12419_A,Data_12419_B
Data_12420_A,Data_12420_B
Data_12421_A,Data_12421_B
Data_12422_A,Data_12422_B
Data_12423_A,Data_12423_B
Data_12424_A,Data_12424_B
Data_12425_A,Data_12425_B
Data_12426_A,Data_12426_B
Data_12427_A,Data_12427_B
Data_12428_A,Data_12428_B
Data_12429_A,Data_12429_B
Data_12430_A,Data_12430_B
Data_12431_A,Data_12431_B
Data_12432_A,Data_12432_B
Data_12433_A,Data_12433_B
Data_12434_A,Data_12434_B
Data_12435_A,Data_12435_B
Data_12436_A,Data_12436_B
Data_12437_A,Data_12437_B
Data_12438_A,Data_12438_B
Data_12439_A,Data_12439_B
Data_12440_A,Data_12440_B
Data_12441_A,Data_12441_B
Data_12442_A,Data_12442_B
Data_12443_A,Data_12443_B
Data_12444_A,Data_12444_B
Data_12445_A,Data_12445_B
Data_12446_A,Data_12446_B
Data_12447_A,Data_12447_B
Data_12448_A,Data_12448_B
Data_12449_A,Data_12449_B
Data_12450_A,Data_12450_B
Data_12451_A,Data_12451_B
Data_12452_A,Data_12452_B
Data_12453_A,Data_12453_B
Data_12454_A,Data_12454_B
Data_12455_A,Data_12455_B
Data_12456_A,Data_12456_B
Data_12457_A,Data_12457_B
Data_12458_A,Data_12458_B
Data_12459_A,Data_12459_B
Data_12460_A,Data_12460_B
Data_12461_A,Data_12461_B
Data_12462_A,Data_12462_B
Data_12463_A,Data_12463_B
Data_12464_A,Data_12464_B
Data_12465_A,Data_12465_B
Data_12466_A,Data_12466_B
Data_12467_A,Data_12467_B
Data_12468_A,Data_12468_B
Data_12469_A,Data_12469_B
Data_12470_A,Data_12470_B
Data_12471_A,Data_12471_B
Data_12472_A,Data_12472_B
Data_12473_A,Data_12473_B
Data_12474_A,Data_12474_B
Data_12475_A,Data_12475_B
Data_12476_A,Data_12476_B
Data_12477_A,Data_12477_B
Data_12478_A,Data_12478_B
Data_12479_A,Data_12479_B
Data_12480_A,Data_12480_B
Data_12481_A,Data_12481_B
Data_12482_A,Data_12482_B
Data_12483_A,Data_12483_B
Data_12484_A,Data_12484_B
Data_12485_A,Data_12485_B
Data_12486_A,Data_12486_B
Data_12487_A,Data_12487_B
Data_12488_A,Data_12488_B
Data_12489_A,Data_12489_B
Data_12490_A,Data_12490_B
Data_12491_A,Data_12491_B
Data_12492_A,Data_12492_B
Data_12493_A,Data_12493_B
Data_12494_A,Data_12494_B
Data_12495_A,Data_12495_B
Data_12496_A,Data_12496_B
Data_12497_A,Data_12497_B
Data_12498_A,Data_12498_B
Data_12499_A,Data_12499_B
Data_12500_A,Data_12500_B
Data_12501_A,Data_12501_B
Data_12502_A,Data_12502_B
Data_12503_A,Data_12503_B
Data_12504_A,Data_12504_B
Data_12505_A,Data_12505_B
Data_12506_A,Data_12506_B
Data_12507_A,Data_12507_B
Data_12508_A,Data_12508_B
Data_12509_A,Data_12509_B
Data_12510_A,Data_12510_B
Data_12511_A,Data_12511_B
Data_12512_A,Data_12512_B
Data_12513_A,Data_12513_B
Data_12514_A,Data_12514_B
Data_12515_A,Data_12515_B
Data_12516_A,Data_12516_B
Data_12517_A,Data_12517_B
Data_12518_A,Data_12518_B
Data_12519_A,Data_12519_B
Data_12520_A,Data_12520_B
Data_12521_A,Data_12521_B
Data_12522_A,Data_12522_B
Data_12523_A,Data_12523_B
Data_12524_A,Data_12524_B
Data_12525_A,Data_12525_B
Data_12526_A,Data_12526_B
Data_12527_A,Data_12527_B
Data_12528_A,Data_12528_B
Data_12529_A,Data_12529_B
Data_12530_A,Data_12530_B
Data_12531_A,Data_12531_B
Data_12532_A,Data_12532_B
Data_12533_A,Data_12533_B
Data_12534_A,Data_12534_B
Data_12535_A,Data_12535_B
Data_12536_A,Data_12536_B
Data_12537_A,Data_12537_B
Data_12538_A,Data_12538_B
Data_12539_A,Data_12539_B
Data_12540_A,Data_12540_B
Data_12541_A,Data_12541_B
Data_12542_A,Data_12542_B
Data_12543_A,Data_12543_B
Data_12544_A,Data_12544_B
Data_12545_A,Data_12545_B
Data_12546_A,Data_12546_B
Data_12547_A,Data_12547_B
Data_12548_A,Data_12548_B
Data_12549_A,Data_12549_B
Data_12550_A,Data_12550_B
Data_12551_A,Data_12551_B
Data_12552_A,Data_12552_B
Data_12553_A,Data_12553_B
Data_12554_A,Data_12554_B
Data_12555_A,Data_12555_B
Data_12556_A,Data_12556_B
Data_12557_A,Data_12557_B
Data_12558_A,Data_12558_B
Data_12559_A,Data_12559_B
Data_12560_A,Data_12560_B
Data_12561_A,Data_12561_B
Data_12562_A,Data_12562_B
Data_12563_A,Data_12563_B
Data_12564_A,Data_12564_B
Data_12565_A,Data_12565_B
Data_12566_A,Data_12566_B
Data_12567_A,Data_12567_B
Data_12568_A,Data_12568_B
Data_12569_A,Data_12569_B
Data_12570_A,Data_12570_B
Data_12571_A,Data_12571_B
Data_12572_A,Data_12572_B
Data_12573_A,Data_12573_B
Data_12574_A,Data_12574_B
Data_12575_A,Data_12575_B
Data_12576_A,Data_12576_B
Data_12577_A,Data_12577_B
Data_12578_A,Data_12578_B
Data_12579_A,Data_12579_B
Data_12580_A,Data_12580_B
Data_12581_A,Data_12581_B
Data_12582_A,Data_12582_B
Data_12583_A,Data_12583_B
Data_12584_A,Data_12584_B
Data_12585_A,Data_12585_B
Data_12586_A,Data_12586_B
Data_12587_A,Data_12587_B
Data_12588_A,Data_12588_B
Data_12589_A,Data_12589_B
Data_12590_A,Data_12590_B
Data_12591_A,Data_12591_B
Data_12592_A,Data_12592_B
Data_12593_A,Data_12593_B
Data_12594_A,Data_12594_B
Data_12595_A,Data_12595_B
Data_12596_A,Data_12596_B
Data_12597_A,Data_12597_B
Data_12598_A,Data_12598_B
Data_12599_A,Data_12599_B
Data_12600_A,Data_12600_B
Data_12601_A,Data_12601_B
Data_12602_A,Data_12602_B
Data_12603_A,Data_12603_B
Data_12604_A,Data_12604_B
Data_12605_A,Data_12605_B
Data_12606_A,Data_12606_B
Data_12607_A,Data_12607_B
Data_12608_A,Data_12608_B
Data_12609_A,Data_12609_B
Data_12610_A,Data_12610_B
Data_12611_A,Data_12611_B
Data_12612_A,Data_12612_B
Data_12613_A,Data_12613_B
Data_12614_A,Data_12614_B
Data_12615_A,Data_12615_B
Data_12616_A,Data_12616_B
Data_12617_A,Data_12617_B
Data_12618_A,Data_12618_B
Data_12619_A,Data_12619_B
Data_12620_A,Data_12620_B
Data_12621_A,Data_12621_B
Data_12622_A,Data_12622_B
Data_12623_A,Data_12623_B
Data_12624_A,Data_12624_B
Data_12625_A,Data_12625_B
Data_12626_A,Data_12626_B
Data_12627_A,Data_12627_B
Data_12628_A,Data_12628_B
Data_12629_A,Data_12629_B
Data_12630_A,Data_12630_B
Data_12631_A,Data_12631_B
Data_12632_A,Data_12632_B
Data_12633_A,Data_12633_B
Data_12634_A,Data_12634_B
Data_12635_A,Data_12635_B
Data_12636_A,Data_12636_B
Data_12637_A,Data_12637_B
Data_12638_A,Data_12638_B
Data_12639_A,Data_12639_B
Data_12640_A,Data_12640_B
Data_12641_A,Data_12641_B
Data_12642_A,Data_12642_B
Data_12643_A,Data_12643_B
Data_12644_A,Data_12644_B
Data_12645_A,Data_12645_B
Data_12646_A,Data_12646_B
Data_12647_A,Data_12647_B
Data_12648_A,Data_12648_B
Data_12649_A,Data_12649_B
Data_12650_A,Data_12650_B
Data_12651_A,Data_12651_B
Data_12652_A,Data_12652_B
Data_12653_A,Data_12653_B
Data_12654_A,Data_12654_B
Data_12655_A,Data_12655_B
Data_12656_A,Data_12656_B
Data_12657_A,Data_12657_B
Data_12658_A,Data_12658_B
Data_12659_A,Data_12659_B
Data_12660_A,Data_12660_B
Data_12661_A,Data_12661_B
Data_12662_A,Data_12662_B
Data_12663_A,Data_12663_B
Data_12664_A,Data_12664_B
Data_12665_A,Data_12665_B
Data_12666_A,Data_12666_B
Data_12667_A,Data_12667_B
Data_12668_A,Data_12668_B
Data_12669_A,Data_12669_B
Data_12670_A,Data_12670_B
Data_12671_A,Data_12671_B
Data_12672_A,Data_12672_B
Data_12673_A,Data_12673_B
Data_12674_A,Data_12674_B
Data_12675_A,Data_12675_B
Data_12676_A,Data_12676_B
Data_12677_A,Data_12677_B
Data_12678_A,Data_12678_B
Data_12679_A,Data_12679_B
Data_12680_A,Data_12680_B
Data_12681_A,Data_12681_B
Data_12682_A,Data_12682_B
Data_12683_A,Data_12683_B
Data_12684_A,Data_12684_B
Data_12685_A,Data_12685_B
Data_12686_A,Data_12686_B
Data_12687_A,Data_12687_B
Data_12688_A,Data_12688_B
Data_12689_A,Data_12689_B
Data_12690_A,Data_12690_B
Data_12691_A,Data_12691_B
Data_12692_A,Data_12692_B
Data_12693_A,Data_12693_B
Data_12694_A,Data_12694_B
Data_12695_A,Data_12695_B
Data_12696_A,Data_12696_B
Data_12697_A,Data_12697_B
Data_12698_A,Data_12698_B
Data_12699_A,Data_12699_B
Data_12700_A,Data_12700_B
Data_12701_A,Data_12701_B
Data_12702_A,Data_12702_B
Data_12703_A,Data_12703_B
Data_12704_A,Data_12704_B
Data_12705_A,Data_12705_B
Data_12706_A,Data_12706_B
Data_12707_A,Data_12707_B
Data_12708_A,Data_12708_B
Data_12709_A,Data_12709_B
Data_12710_A,Data_12710_B
Data_12711_A,Data_12711_B
Data_12712_A,Data_12712_B
Data_12713_A,Data_12713_B
Data_12714_A,Data_12714_B
Data_12715_A,Data_12715_B
Data_12716_A,Data_12716_B
Data_12717_A,Data_12717_B
Data_12718_A,Data_12718_B
Data_12719_A,Data_12719_B
Data_12720_A,Data_12720_B
Data_12721_A,Data_12721_B
Data_12722_A,Data_12722_B
Data_12723_A,Data_12723_B
Data_12724_A,Data_12724_B
Data_12725_A,Data_12725_B
Data_12726_A,Data_12726_B
Data_12727_A,Data_12727_B
Data_12728_A,Data_12728_B
Data_12729_A,Data_12729_B
Data_12730_A,Data_12730_B
Data_12731_A,Data_12731_B
Data_12732_A,Data_12732_B
Data_12733_A,Data_12733_B
Data_12734_A,Data_12734_B
Data_12735_A,Data_12735_B
Data_12736_A,Data_12736_B
Data_12737_A,Data_12737_B
Data_12738_A,Data_12738_B
Data_12739_A,Data_12739_B
Data_12740_A,Data_12740_B
Data_12741_A,Data_12741_B
Data_12742_A,Data_12742_B
Data_12743_A,Data_12743_B
Data_12744_A,Data_12744_B
Data_12745_A,Data_12745_B
Data_12746_A,Data_12746_B
Data_12747_A,Data_12747_B
Data_12748_A,Data_12748_B
Data_12749_A,Data_12749_B
Data_12750_A,Data_12750_B
Data_12751_A,Data_12751_B
Data_12752_A,Data_12752_B
Data_12753_A,Data_12753_B
Data_12754_A,Data_12754_B
Data_12755_A,Data_12755_B
Data_12756_A,Data_12756_B
Data_12757_A,Data_12757_B
Data_12758_A,Data_12758_B
Data_12759_A,Data_12759_B
Data_12760_A,Data_12760_B
Data_12761_A,Data_12761_B
Data_12762_A,Data_12762_B
Data_12763_A,Data_12763_B
Data_12764_A,Data_12764_B
Data_12765_A,Data_12765_B
Data_12766_A,Data_12766_B
Data_12767_A,Data_12767_B
Data_12768_A,Data_12768_B
Data_12769_A,Data_12769_B
Data_12770_A,Data_12770_B
Data_12771_A,Data_12771_B
Data_12772_A,Data_12772_B
Data_12773_A,Data_12773_B
Data_12774_A,Data_12774_B
Data_12775_A,Data_12775_B
Data_12776_A,Data_12776_B
Data_12777_A,Data_12777_B
Data_12778_A,Data_12778_B
Data_12779_A,Data_12779_B
Data_12780_A,Data_12780_B
Data_12781_A,Data_12781_B
Data_12782_A,Data_12782_B
Data_12783_A,Data_12783_B
Data_12784_A,Data_12784_B
Data_12785_A,Data_12785_B
Data_12786_A,Data_12786_B
Data_12787_A,Data_12787_B
Data_12788_A,Data_12788_B
Data_12789_A,Data_12789_B
Data_12790_A,Data_12790_B
Data_12791_A,Data_12791_B
Data_12792_A,Data_12792_B
Data_12793_A,Data_12793_B
Data_12794_A,Data_12794_B
Data_12795_A,Data_12795_B
Data_12796_A,Data_12796_B
Data_12797_A,Data_12797_B
Data_12798_A,Data_12798_B
Data_12799_A,Data_12799_B
Data_12800_A,Data_12800_B
Data_12801_A,Data_12801_B
Data_12802_A,Data_12802_B
Data_12803_A,Data_12803_B
Data_12804_A,Data_12804_B
Data_12805_A,Data_12805_B
Data_12806_A,Data_12806_B
Data_12807_A,Data_12807_B
Data_12808_A,Data_12808_B
Data_12809_A,Data_12809_B
Data_12810_A,Data_12810_B
Data_12811_A,Data_12811_B
Data_12812_A,Data_12812_B
Data_12813_A,Data_12813_B
Data_12814_A,Data_12814_B
Data_12815_A,Data_12815_B
Data_12816_A,Data_12816_B
Data_12817_A,Data_12817_B
Data_12818_A,Data_12818_B
Data_12819_A,Data_12819_B
Data_12820_A,Data_12820_B
Data_12821_A,Data_12821_B
Data_12822_A,Data_12822_B
Data_12823_A,Data_12823_B
Data_12824_A,Data_12824_B
Data_12825_A,Data_12825_B
Data_12826_A,Data_12826_B
Data_12827_A,Data_12827_B
Data_12828_A,Data_12828_B
Data_12829_A,Data_12829_B
Data_12830_A,Data_12830_B
Data_12831_A,Data_12831_B
Data_12832_A,Data_12832_B
Data_12833_A,Data_12833_B
Data_12834_A,Data_12834_B
Data_12835_A,Data_12835_B
Data_12836_A,Data_12836_B
Data_12837_A,Data_12837_B
Data_12838_A,Data_12838_B
Data_12839_A,Data_12839_B
Data_12840_A,Data_12840_B
Data_12841_A,Data_12841_B
Data_12842_A,Data_12842_B
Data_12843_A,Data_12843_B
Data_12844_A,Data_12844_B
Data_12845_A,Data_12845_B
Data_12846_A,Data_12846_B
Data_12847_A,Data_12847_B
Data_12848_A,Data_12848_B
Data_12849_A,Data_12849_B
Data_12850_A,Data_12850_B
Data_12851_A,Data_12851_B
Data_12852_A,Data_12852_B
Data_12853_A,Data_12853_B
Data_12854_A,Data_12854_B
Data_12855_A,Data_12855_B
Data_12856_A,Data_12856_B
Data_12857_A,Data_12857_B
Data_12858_A,Data_12858_B
Data_12859_A,Data_12859_B
Data_12860_A,Data_12860_B
Data_12861_A,Data_12861_B
Data_12862_A,Data_12862_B
Data_12863_A,Data_12863_B
Data_12864_A,Data_12864_B
Data_12865_A,Data_12865_B
Data_12866_A,Data_12866_B
Data_12867_A,Data_12867_B
Data_12868_A,Data_12868_B
Data_12869_A,Data_12869_B
Data_12870_A,Data_12870_B
Data_12871_A,Data_12871_B
Data_12872_A,Data_12872_B
Data_12873_A,Data_12873_B
Data_12874_A,Data_12874_B
Data_12875_A,Data_12875_B
Data_12876_A,Data_12876_B
Data_12877_A,Data_12877_B
Data_12878_A,Data_12878_B
Data_12879_A,Data_12879_B
Data_12880_A,Data_12880_B
Data_12881_A,Data_12881_B
Data_12882_A,Data_12882_B
Data_12883_A,Data_12883_B
Data_12884_A,Data_12884_B
Data_12885_A,Data_12885_B
Data_12886_A,Data_12886_B
Data_12887_A,Data_12887_B
Data_12888_A,Data_12888_B
Data_12889_A,Data_12889_B
Data_12890_A,Data_12890_B
Data_12891_A,Data_12891_B
Data_12892_A,Data_12892_B
Data_12893_A,Data_12893_B
Data_12894_A,Data_12894_B
Data_12895_A,Data_12895_B
Data_12896_A,Data_12896_B
Data_12897_A,Data_12897_B
Data_12898_A,Data_12898_B
Data_12899_A,Data_12899_B
Data_12900_A,Data_12900_B
Data_12901_A,Data_12901_B
Data_12902_A,Data_12902_B
Data_12903_A,Data_12903_B
Data_12904_A,Data_12904_B
Data_12905_A,Data_12905_B
Data_12906_A,Data_12906_B
Data_12907_A,Data_12907_B
Data_12908_A,Data_12908_B
Data_12909_A,Data_12909_B
Data_12910_A,Data_12910_B
Data_12911_A,Data_12911_B
Data_12912_A,Data_12912_B
Data_12913_A,Data_12913_B
Data_12914_A,Data_12914_B
Data_12915_A,Data_12915_B
Data_12916_A,Data_12916_B
Data_12917_A,Data_12917_B
Data_12918_A,Data_12918_B
Data_12919_A,Data_12919_B
Data_12920_A,Data_12920_B
Data_12921_A,Data_12921_B
Data_12922_A,Data_12922_B
Data_12923_A,Data_12923_B
Data_12924_A,Data_12924_B
Data_12925_A,Data_12925_B
Data_12926_A,Data_12926_B
Data_12927_A,Data_12927_B
Data_12928_A,Data_12928_B
Data_12929_A,Data_12929_B
Data_12930_A,Data_12930_B
Data_12931_A,Data_12931_B
Data_12932_A,Data_12932_B
Data_12933_A,Data_12933_B
Data_12934_A,Data_12934_B
Data_12935_A,Data_12935_B
Data_12936_A,Data_12936_B
Data_12937_A,Data_12937_B
Data_12938_A,Data_12938_B
Data_12939_A,Data_12939_B
Data_12940_A,Data_12940_B
Data_12941_A,Data_12941_B
Data_12942_A,Data_12942_B
Data_12943_A,Data_12943_B
Data_12944_A,Data_12944_B
Data_12945_A,Data_12945_B
Data_12946_A,Data_12946_B
Data_12947_A,Data_12947_B
Data_12948_A,Data_12948_B
Data_12949_A,Data_12949_B
Data_12950_A,Data_12950_B
Data_12951_A,Data_12951_B
Data_12952_A,Data_12952_B
Data_12953_A,Data_12953_B
Data_12954_A,Data_12954_B
Data_12955_A,Data_12955_B
Data_12956_A,Data_12956_B
Data_12957_A,Data_12957_B
Data_12958_A,Data_12958_B
Data_12959_A,Data_12959_B
Data_12960_A,Data_12960_B
Data_12961_A,Data_12961_B
Data_12962_A,Data_12962_B
Data_12963_A,Data_12963_B
Data_12964_A,Data_12964_B
Data_12965_A,Data_12965_B
Data_12966_A,Data_12966_B
Data_12967_A,Data_12967_B
Data_12968_A,Data_12968_B
Data_12969_A,Data_12969_B
Data_12970_A,Data_12970_B
Data_12971_A,Data_12971_B
Data_12972_A,Data_12972_B
Data_12973_A,Data_12973_B
Data_12974_A,Data_12974_B
Data_12975_A,Data_12975_B
Data_12976_A,Data_12976_B
Data_12977_A,Data_12977_B
Data_12978_A,Data_12978_B
Data_12979_A,Data_12979_B
Data_12980_A,Data_12980_B
Data_12981_A,Data_12981_B
Data_12982_A,Data_12982_B
Data_12983_A,Data_12983_B
Data_12984_A,Data_12984_B
Data_12985_A,Data_12985_B
Data_12986_A,Data_12986_B
Data_12987_A,Data_12987_B
Data_12988_A,Data_12988_B
Data_12989_A,Data_12989_B
Data_12990_A,Data_12990_B
Data_12991_A,Data_12991_B
Data_12992_A,Data_12992_B
Data_12993_A,Data_12993_B
Data_12994_A,Data_12994_B
Data_12995_A,Data_12995_B
Data_12996_A,Data_12996_B
Data_12997_A,Data_12997_B
Data_12998_A,Data_12998_B
Data_12999_A,Data_12999_B
Data_13000_A,Data_13000_B
Data_13001_A,Data_13001_B
Data_13002_A,Data_13002_B
Data_13003_A,Data_13003_B
Data_13004_A,Data_13004_B
Data_13005_A,Data_13005_B
Data_13006_A,Data_13006_B
Data_13007_A,Data_13007_B
Data_13008_A,Data_13008_B
Data_13009_A,Data_13009_B
Data_13010_A,Data_13010_B
Data_13011_A,Data_13011_B
Data_13012_A,Data_13012_B
Data_13013_A,Data_13013_B
Data_13014_A,Data_13014_B
Data_13015_A,Data_13015_B
Data_13016_A,Data_13016_B
Data_13017_A,Data_13017_B
Data_13018_A,Data_13018_B
Data_13019_A,Data_13019_B
Data_13020_A,Data_13020_B
Data_13021_A,Data_13021_B
Data_13022_A,Data_13022_B
Data_13023_A,Data_13023_B
Data_13024_A,Data_13024_B
Data_13025_A,Data_13025_B
Data_13026_A,Data_13026_B
Data_13027_A,Data_13027_B
Data_13028_A,Data_13028_B
Data_13029_A,Data_13029_B
Data_13030_A,Data_13030_B
Data_13031_A,Data_13031_B
Data_13032_A,Data_13032_B
Data_13033_A,Data_13033_B
Data_13034_A,Data_13034_B
Data_13035_A,Data_13035_B
Data_13036_A,Data_13036_B
Data_13037_A,Data_13037_B
Data_13038_A,Data_13038_B
Data_13039_A,Data_13039_B
Data_13040_A,Data_13040_B
Data_13041_A,Data_13041_B
Data_13042_A,Data_13042_B
Data_13043_A,Data_13043_B
Data_13044_A,Data_13044_B
Data_13045_A,Data_13045_B
Data_13046_A,Data_13046_B
Data_13047_A,Data_13047_B
Data_13048_A,Data_13048_B
Data_13049_A,Data_13049_B
Data_13050_A,Data_13050_B
Data_13051_A,Data_13051_B
Data_13052_A,Data_13052_B
Data_13053_A,Data_13053_B
Data_13054_A,Data_13054_B
Data_13055_A,Data_13055_B
Data_13056_A,Data_13056_B
Data_13057_A,Data_13057_B
Data_13058_A,Data_13058_B
Data_13059_A,Data_13059_B
Data_13060_A,Data_13060_B
Data_13061_A,Data_13061_B
Data_13062_A,Data_13062_B
Data_13063_A,Data_13063_B
Data_13064_A,Data_13064_B
Data_13065_A,Data_13065_B
Data_13066_A,Data_13066_B
Data_13067_A,Data_13067_B
Data_13068_A,Data_13068_B
Data_13069_A,Data_13069_B
Data_13070_A,Data_13070_B
Data_13071_A,Data_13071_B
Data_13072_A,Data_13072_B
Data_13073_A,Data_13073_B
Data_13074_A,Data_13074_B
Data_13075_A,Data_13075_B
Data_13076_A,Data_13076_B
Data_13077_A,Data_13077_B
Data_13078_A,Data_13078_B
Data_13079_A,Data_13079_B
Data_13080_A,Data_13080_B
Data_13081_A,Data_13081_B
Data_13082_A,Data_13082_B
Data_13083_A,Data_13083_B
Data_13084_A,Data_13084_B
Data_13085_A,Data_13085_B
Data_13086_A,Data_13086_B
Data_13087_A,Data_13087_B
Data_13088_A,Data_13088_B
Data_13089_A,Data_13089_B
Data_13090_A,Data_13090_B
Data_13091_A,Data_13091_B
Data_13092_A,Data_13092_B
Data_13093_A,Data_13093_B
Data_13094_A,Data_13094_B
Data_13095_A,Data_13095_B
Data_13096_A,Data_13096_B
Data_13097_A,Data_13097_B
Data_13098_A,Data_13098_B
Data_13099_A,Data_13099_B
Data_13100_A,Data_13100_B
Data_13101_A,Data_13101_B
Data_13102_A,Data_13102_B
Data_13103_A,Data_13103_B
Data_13104_A,Data_13104_B
Data_13105_A,Data_13105_B
Data_13106_A,Data_13106_B
Data_13107_A,Data_13107_B
Data_13108_A,Data_13108_B
Data_13109_A,Data_13109_B
Data_13110_A,Data_13110_B
Data_13111_A,Data_13111_B
Data_13112_A,Data_13112_B
Data_13113_A,Data_13113_B
Data_13114_A,Data_13114_B
Data_13115_A,Data_13115_B
Data_13116_A,Data_13116_B
Data_13117_A,Data_13117_B
Data_13118_A,Data_13118_B
Data_13119_A,Data_13119_B
Data_13120_A,Data_13120_B
Data_13121_A,Data_13121_B
Data_13122_A,Data_13122_B
Data_13123_A,Data_13123_B
Data_13124_A,Data_13124_B
Data_13125_A,Data_13125_B
Data_13126_A,Data_13126_B
Data_13127_A,Data_13127_B
Data_13128_A,Data_13128_B
Data_13129_A,Data_13129_B
Data_13130_A,Data_13130_B
Data_13131_A,Data_13131_B
Data_13132_A,Data_13132_B
Data_13133_A,Data_13133_B
Data_13134_A,Data_13134_B
Data_13135_A,Data_13135_B
Data_13136_A,Data_13136_B
Data_13137_A,Data_13137_B
Data_13138_A,Data_13138_B
Data_13139_A,Data_13139_B
Data_13140_A,Data_13140_B
Data_13141_A,Data_13141_B
Data_13142_A,Data_13142_B
Data_13143_A,Data_13143_B
Data_13144_A,Data_13144_B
Data_13145_A,Data_13145_B
Data_13146_A,Data_13146_B
Data_13147_A,Data_13147_B
Data_13148_A,Data_13148_B
Data_13149_A,Data_13149_B
Data_13150_A,Data_13150_B
Data_13151_A,Data_13151_B
Data_13152_A,Data_13152_B
Data_13153_A,Data_13153_B
Data_13154_A,Data_13154_B
Data_13155_A,Data_13155_B
Data_13156_A,Data_13156_B
Data_13157_A,Data_13157_B
Data_13158_A,Data_13158_B
Data_13159_A,Data_13159_B
Data_13160_A,Data_13160_B
Data_13161_A,Data_13161_B
Data_13162_A,Data_13162_B
Data_13163_A,Data_13163_B
Data_13164_A,Data_13164_B
Data_13165_A,Data_13165_B
Data_13166_A,Data_13166_B
Data_13167_A,Data_13167_B
Data_13168_A,Data_13168_B
Data_13169_A,Data_13169_B
Data_13170_A,Data_13170_B
Data_13171_A,Data_13171_B
Data_13172_A,Data_13172_B
Data_13173_A,Data_13173_B
Data_13174_A,Data_13174_B
Data_13175_A,Data_13175_B
Data_13176_A,Data_13176_B
Data_13177_A,Data_13177_B
Data_13178_A,Data_13178_B
Data_13179_A,Data_13179_B
Data_13180_A,Data_13180_B
Data_13181_A,Data_13181_B
Data_13182_A,Data_13182_B
Data_13183_A,Data_13183_B
Data_13184_A,Data_13184_B
Data_13185_A,Data_13185_B
Data_13186_A,Data_13186_B
Data_13187_A,Data_13187_B
Data_13188_A,Data_13188_B
Data_13189_A,Data_13189_B
Data_13190_A,Data_13190_B
Data_13191_A,Data_13191_B
Data_13192_A,Data_13192_B
Data_13193_A,Data_13193_B
Data_13194_A,Data_13194_B
Data_13195_A,Data_13195_B
Data_13196_A,Data_13196_B
Data_13197_A,Data_13197_B
Data_13198_A,Data_13198_B
Data_13199_A,Data_13199_B
Data_13200_A,Data_13200_B
Data_13201_A,Data_13201_B
Data_13202_A,Data_13202_B
Data_13203_A,Data_13203_B
Data_13204_A,Data_13204_B
Data_13205_A,Data_13205_B
Data_13206_A,Data_13206_B
Data_13207_A,Data_13207_B
Data_13208_A,Data_13208_B
Data_13209_A,Data_13209_B
Data_13210_A,Data_13210_B
Data_13211_A,Data_13211_B
Data_13212_A,Data_13212_B
Data_13213_A,Data_13213_B
Data_13214_A,Data_13214_B
Data_13215_A,Data_13215_B
Data_13216_A,Data_13216_B
Data_13217_A,Data_13217_B
Data_13218_A,Data_13218_B
Data_13219_A,Data_13219_B
Data_13220_A,Data_13220_B
Data_13221_A,Data_13221_B
Data_13222_A,Data_13222_B
Data_13223_A,Data_13223_B
Data_13224_A,Data_13224_B
Data_13225_A,Data_13225_B
Data_13226_A,Data_13226_B
Data_13227_A,Data_13227_B
Data_13228_A,Data_13228_B
Data_13229_A,Data_13229_B
Data_13230_A,Data_13230_B
Data_13231_A,Data_13231_B
Data_13232_A,Data_13232_B
Data_13233_A,Data_13233_B
Data_13234_A,Data_13234_B
Data_13235_A,Data_13235_B
Data_13236_A,Data_13236_B
Data_13237_A,Data_13237_B
Data_13238_A,Data_13238_B
Data_13239_A,Data_13239_B
Data_13240_A,Data_13240_B
Data_13241_A,Data_13241_B
Data_13242_A,Data_13242_B
Data_13243_A,Data_13243_B
Data_13244_A,Data_13244_B
Data_13245_A,Data_13245_B
Data_13246_A,Data_13246_B
Data_13247_A,Data_13247_B
Data_13248_A,Data_13248_B
Data_13249_A,Data_13249_B
Data_13250_A,Data_13250_B
Data_13251_A,Data_13251_B
Data_13252_A,Data_13252_B
Data_13253_A,Data_13253_B
Data_13254_A,Data_13254_B
Data_13255_A,Data_13255_B
Data_13256_A,Data_13256_B
Data_13257_A,Data_13257_B
Data_13258_A,Data_13258_B
Data_13259_A,Data_13259_B
Data_13260_A,Data_13260_B
Data_13261_A,Data_13261_B
Data_13262_A,Data_13262_B
Data_13263_A,Data_13263_B
Data_13264_A,Data_13264_B
Data_13265_A,Data_13265_B
Data_13266_A,Data_13266_B
Data_13267_A,Data_13267_B
Data_13268_A,Data_13268_B
Data_13269_A,Data_13269_B
Data_13270_A,Data_13270_B
Data_13271_A,Data_13271_B
Data_13272_A,Data_13272_B
Data_13273_A,Data_13273_B
Data_13274_A,Data_13274_B
Data_13275_A,Data_13275_B
Data_13276_A,Data_13276_B
Data_13277_A,Data_13277_B
Data_13278_A,Data_13278_B
Data_13279_A,Data_13279_B
Data_13280_A,Data_13280_B
Data_13281_A,Data_13281_B
Data_13282_A,Data_13282_B
Data_13283_A,Data_13283_B
Data_13284_A,Data_13284_B
Data_13285_A,Data_13285_B
Data_13286_A,Data_13286_B
Data_13287_A,Data_13287_B
Data_13288_A,Data_13288_B
Data_13289_A,Data_13289_B
Data_13290_A,Data_13290_B
Data_13291_A,Data_13291_B
Data_13292_A,Data_13292_B
Data_13293_A,Data_13293_B
Data_13294_A,Data_13294_B
Data_13295_A,Data_13295_B
Data_13296_A,Data_13296_B
Data_13297_A,Data_13297_B
Data_13298_A,Data_13298_B
Data_13299_A,Data_13299_B
Data_13300_A,Data_13300_B
Data_13301_A,Data_13301_B
Data_13302_A,Data_13302_B
Data_13303_A,Data_13303_B
Data_13304_A,Data_13304_B
Data_13305_A,Data_13305_B
Data_13306_A,Data_13306_B
Data_13307_A,Data_13307_B
Data_13308_A,Data_13308_B
Data_13309_A,Data_13309_B
Data_13310_A,Data_13310_B
Data_13311_A,Data_13311_B
Data_13312_A,Data_13312_B
Data_13313_A,Data_13313_B
Data_13314_A,Data_13314_B
Data_13315_A,Data_13315_B
Data_13316_A,Data_13316_B
Data_13317_A,Data_13317_B
Data_13318_A,Data_13318_B
Data_13319_A,Data_13319_B
Data_13320_A,Data_13320_B
Data_13321_A,Data_13321_B
Data_13322_A,Data_13322_B
Data_13323_A,Data_13323_B
Data_13324_A,Data_13324_B
Data_13325_A,Data_13325_B
Data_13326_A,Data_13326_B
Data_13327_A,Data_13327_B
Data_13328_A,Data_13328_B
Data_13329_A,Data_13329_B
Data_13330_A,Data_13330_B
Data_13331_A,Data_13331_B
Data_13332_A,Data_13332_B
Data_13333_A,Data_13333_B
Data_13334_A,Data_13334_B
Data_13335_A,Data_13335_B
Data_13336_A,Data_13336_B
Data_13337_A,Data_13337_B
Data_13338_A,Data_13338_B
Data_13339_A,Data_13339_B
Data_13340_A,Data_13340_B
Data_13341_A,Data_13341_B
Data_13342_A,Data_13342_B
Data_13343_A,Data_13343_B
Data_13344_A,Data_13344_B
Data_13345_A,Data_13345_B
Data_13346_A,Data_13346_B
Data_13347_A,Data_13347_B
Data_13348_A,Data_13348_B
Data_13349_A,Data_13349_B
Data_13350_A,Data_13350_B
Data_13351_A,Data_13351_B
Data_13352_A,Data_13352_B
Data_13353_A,Data_13353_B
Data_13354_A,Data_13354_B
Data_13355_A,Data_13355_B
Data_13356_A,Data_13356_B
Data_13357_A,Data_13357_B
Data_13358_A,Data_13358_B
Data_13359_A,Data_13359_B
Data_13360_A,Data_13360_B
Data_13361_A,Data_13361_B
Data_13362_A,Data_13362_B
Data_13363_A,Data_13363_B
Data_13364_A,Data_13364_B
Data_13365_A,Data_13365_B
Data_13366_A,Data_13366_B
Data_13367_A,Data_13367_B
Data_13368_A,Data_13368_B
Data_13369_A,Data_13369_B
Data_13370_A,Data_13370_B
Data_13371_A,Data_13371_B
Data_13372_A,Data_13372_B
Data_13373_A,Data_13373_B
Data_13374_A,Data_13374_B
Data_13375_A,Data_13375_B
Data_13376_A,Data_13376_B
Data_13377_A,Data_13377_B
Data_13378_A,Data_13378_B
Data_13379_A,Data_13379_B
Data_13380_A,Data_13380_B
Data_13381_A,Data_13381_B
Data_13382_A,Data_13382_B
Data_13383_A,Data_13383_B
Data_13384_A,Data_13384_B
Data_13385_A,Data_13385_B
Data_13386_A,Data_13386_B
Data_13387_A,Data_13387_B
Data_13388_A,Data_13388_B
Data_13389_A,Data_13389_B
Data_13390_A,Data_13390_B
Data_13391_A,Data_13391_B
Data_13392_A,Data_13392_B
Data_13393_A,Data_13393_B
Data_13394_A,Data_13394_B
Data_13395_A,Data_13395_B
Data_13396_A,Data_13396_B
Data_13397_A,Data_13397_B
Data_13398_A,Data_13398_B
Data_13399_A,Data_13399_B
Data_13400_A,Data_13400_B
Data_13401_A,Data_13401_B
Data_13402_A,Data_13402_B
Data_13403_A,Data_13403_B
Data_13404_A,Data_13404_B
Data_13405_A,Data_13405_B
Data_13406_A,Data_13406_B
Data_13407_A,Data_13407_B
Data_13408_A,Data_13408_B
Data_13409_A,Data_13409_B
Data_13410_A,Data_13410_B
Data_13411_A,Data_13411_B
Data_13412_A,Data_13412_B
Data_13413_A,Data_13413_B
Data_13414_A,Data_13414_B
Data_13415_A,Data_13415_B
Data_13416_A,Data_13416_B
Data_13417_A,Data_13417_B
Data_13418_A,Data_13418_B
Data_13419_A,Data_13419_B
Data_13420_A,Data_13420_B
Data_13421_A,Data_13421_B
Data_13422_A,Data_13422_B
Data_13423_A,Data_13423_B
Data_13424_A,Data_13424_B
Data_13425_A,Data_13425_B
Data_13426_A,Data_13426_B
Data_13427_A,Data_13427_B
Data_13428_A,Data_13428_B
Data_13429_A,Data_13429_B
Data_13430_A,Data_13430_B
Data_13431_A,Data_13431_B
Data_13432_A,Data_13432_B
Data_13433_A,Data_13433_B
Data_13434_A,Data_13434_B
Data_13435_A,Data_13435_B
Data_13436_A,Data_13436_B
Data_13437_A,Data_13437_B
Data_13438_A,Data_13438_B
Data_13439_A,Data_13439_B
Data_13440_A,Data_13440_B
Data_13441_A,Data_13441_B
Data_13442_A,Data_13442_B
Data_13443_A,Data_13443_B
Data_13444_A,Data_13444_B
Data_13445_A,Data_13445_B
Data_13446_A,Data_13446_B
Data_13447_A,Data_13447_B
Data_13448_A,Data_13448_B
Data_13449_A,Data_13449_B
Data_13450_A,Data_13450_B
Data_13451_A,Data_13451_B
Data_13452_A,Data_13452_B
Data_13453_A,Data_13453_B
Data_13454_A,Data_13454_B
Data_13455_A,Data_13455_B
Data_13456_A,Data_13456_B
Data_13457_A,Data_13457_B
Data_13458_A,Data_13458_B
Data_13459_A,Data_13459_B
Data_13460_A,Data_13460_B
Data_13461_A,Data_13461_B
Data_13462_A,Data_13462_B
Data_13463_A,Data_13463_B
Data_13464_A,Data_13464_B
Data_13465_A,Data_13465_B
Data_13466_A,Data_13466_B
Data_13467_A,Data_13467_B
Data_13468_A,Data_13468_B
Data_13469_A,Data_13469_B
Data_13470_A,Data_13470_B
Data_13471_A,Data_13471_B
Data_13472_A,Data_13472_B
Data_13473_A,Data_13473_B
Data_13474_A,Data_13474_B
Data_13475_A,Data_13475_B
Data_13476_A,Data_13476_B
Data_13477_A,Data_13477_B
Data_13478_A,Data_13478_B
Data_13479_A,Data_13479_B
Data_13480_A,Data_13480_B
Data_13481_A,Data_13481_B
Data_13482_A,Data_13482_B
Data_13483_A,Data_13483_B
Data_13484_A,Data_13484_B
Data_13485_A,Data_13485_B
Data_13486_A,Data_13486_B
Data_13487_A,Data_13487_B
Data_13488_A,Data_13488_B
Data_13489_A,Data_13489_B
Data_13490_A,Data_13490_B
Data_13491_A,Data_13491_B
Data_13492_A,Data_13492_B
Data_13493_A,Data_13493_B
Data_13494_A,Data_13494_B
Data_13495_A,Data_13495_B
Data_13496_A,Data_13496_B
Data_13497_A,Data_13497_B
Data_13498_A,Data_13498_B
Data_13499_A,Data_13499_B
Data_13500_A,Data_13500_B
Data_13501_A,Data_13501_B
Data_13502_A,Data_13502_B
Data_13503_A,Data_13503_B
Data_13504_A,Data_13504_B
Data_13505_A,Data_13505_B
Data_13506_A,Data_13506_B
Data_13507_A,Data_13507_B
Data_13508_A,Data_13508_B
Data_13509_A,Data_13509_B
Data_13510_A,Data_13510_B
Data_13511_A,Data_13511_B
Data_13512_A,Data_13512_B
Data_13513_A,Data_13513_B
Data_13514_A,Data_13514_B
Data_13515_A,Data_13515_B
Data_13516_A,Data_13516_B
Data_13517_A,Data_13517_B
Data_13518_A,Data_13518_B
Data_13519_A,Data_13519_B
Data_13520_A,Data_13520_B
Data_13521_A,Data_13521_B
Data_13522_A,Data_13522_B
Data_13523_A,Data_13523_B
Data_13524_A,Data_13524_B
Data_13525_A,Data_13525_B
Data_13526_A,Data_13526_B
Data_13527_A,Data_13527_B
Data_13528_A,Data_13528_B
Data_13529_A,Data_13529_B
Data_13530_A,Data_13530_B
Data_13531_A,Data_13531_B
Data_13532_A,Data_13532_B
Data_13533_A,Data_13533_B
Data_13534_A,Data_13534_B
Data_13535_A,Data_13535_B
Data_13536_A,Data_13536_B
Data_13537_A,Data_13537_B
Data_13538_A,Data_13538_B
Data_13539_A,Data_13539_B
Data_13540_A,Data_13540_B
Data_13541_A,Data_13541_B
Data_13542_A,Data_13542_B
Data_13543_A,Data_13543_B
Data_13544_A,Data_13544_B
Data_13545_A,Data_13545_B
Data_13546_A,Data_13546_B
Data_13547_A,Data_13547_B
Data_13548_A,Data_13548_B
Data_13549_A,Data_13549_B
Data_13550_A,Data_13550_B
Data_13551_A,Data_13551_B
Data_13552_A,Data_13552_B
Data_13553_A,Data_13553_B
Data_13554_A,Data_13554_B
Data_13555_A,Data_13555_B
Data_13556_A,Data_13556_B
Data_13557_A,Data_13557_B
Data_13558_A,Data_13558_B
Data_13559_A,Data_13559_B
Data_13560_A,Data_13560_B
Data_13561_A,Data_13561_B
Data_13562_A,Data_13562_B
Data_13563_A,Data_13563_B
Data_13564_A,Data_13564_B
Data_13565_A,Data_13565_B
Data_13566_A,Data_13566_B
Data_13567_A,Data_13567_B
Data_13568_A,Data_13568_B
Data_13569_A,Data_13569_B
Data_13570_A,Data_13570_B
Data_13571_A,Data_13571_B
Data_13572_A,Data_13572_B
Data_13573_A,Data_13573_B
Data_13574_A,Data_13574_B
Data_13575_A,Data_13575_B
Data_13576_A,Data_13576_B
Data_13577_A,Data_13577_B
Data_13578_A,Data_13578_B
Data_13579_A,Data_13579_B
Data_13580_A,Data_13580_B
Data_13581_A,Data_13581_B
Data_13582_A,Data_13582_B
Data_13583_A,Data_13583_B
Data_13584_A,Data_13584_B
Data_13585_A,Data_13585_B
Data_13586_A,Data_13586_B
Data_13587_A,Data_13587_B
Data_13588_A,Data_13588_B
Data_13589_A,Data_13589_B
Data_13590_A,Data_13590_B
Data_13591_A,Data_13591_B
Data_13592_A,Data_13592_B
Data_13593_A,Data_13593_B
Data_13594_A,Data_13594_B
Data_13595_A,Data_13595_B
Data_13596_A,Data_13596_B
Data_13597_A,Data_13597_B
Data_13598_A,Data_13598_B
Data_13599_A,Data_13599_B
Data_13600_A,Data_13600_B
Data_13601_A,Data_13601_B
Data_13602_A,Data_13602_B
Data_13603_A,Data_13603_B
Data_13604_A,Data_13604_B
Data_13605_A,Data_13605_B
Data_13606_A,Data_13606_B
Data_13607_A,Data_13607_B
Data_13608_A,Data_13608_B
Data_13609_A,Data_13609_B
Data_13610_A,Data_13610_B
Data_13611_A,Data_13611_B
Data_13612_A,Data_13612_B
Data_13613_A,Data_13613_B
Data_13614_A,Data_13614_B
Data_13615_A,Data_13615_B
Data_13616_A,Data_13616_B
Data_13617_A,Data_13617_B
Data_13618_A,Data_13618_B
Data_13619_A,Data_13619_B
Data_13620_A,Data_13620_B
Data_13621_A,Data_13621_B
Data_13622_A,Data_13622_B
Data_13623_A,Data_13623_B
Data_13624_A,Data_13624_B
Data_13625_A,Data_13625_B
Data_13626_A,Data_13626_B
Data_13627_A,Data_13627_B
Data_13628_A,Data_13628_B
Data_13629_A,Data_13629_B
Data_13630_A,Data_13630_B
Data_13631_A,Data_13631_B
Data_13632_A,Data_13632_B
Data_13633_A,Data_13633_B
Data_13634_A,Data_13634_B
Data_13635_A,Data_13635_B
Data_13636_A,Data_13636_B
Data_13637_A,Data_13637_B
Data_13638_A,Data_13638_B
Data_13639_A,Data_13639_B
Data_13640_A,Data_13640_B
Data_13641_A,Data_13641_B
Data_13642_A,Data_13642_B
Data_13643_A,Data_13643_B
Data_13644_A,Data_13644_B
Data_13645_A,Data_13645_B
Data_13646_A,Data_13646_B
Data_13647_A,Data_13647_B
Data_13648_A,Data_13648_B
Data_13649_A,Data_13649_B
Data_13650_A,Data_13650_B
Data_13651_A,Data_13651_B
Data_13652_A,Data_13652_B
Data_13653_A,Data_13653_B
Data_13654_A,Data_13654_B
Data_13655_A,Data_13655_B
Data_13656_A,Data_13656_B
Data_13657_A,Data_13657_B
Data_13658_A,Data_13658_B
Data_13659_A,Data_13659_B
Data_13660_A,Data_13660_B
Data_13661_A,Data_13661_B
Data_13662_A,Data_13662_B
Data_13663_A,Data_13663_B
Data_13664_A,Data_13664_B
Data_13665_A,Data_13665_B
Data_13666_A,Data_13666_B
Data_13667_A,Data_13667_B
Data_13668_A,Data_13668_B
Data_13669_A,Data_13669_B
Data_13670_A,Data_13670_B
Data_13671_A,Data_13671_B
Data_13672_A,Data_13672_B
Data_13673_A,Data_13673_B
Data_13674_A,Data_13674_B
Data_13675_A,Data_13675_B
Data_13676_A,Data_13676_B
Data_13677_A,Data_13677_B
Data_13678_A,Data_13678_B
Data_13679_A,Data_13679_B
Data_13680_A,Data_13680_B
Data_13681_A,Data_13681_B
Data_13682_A,Data_13682_B
Data_13683_A,Data_13683_B
Data_13684_A,Data_13684_B
Data_13685_A,Data_13685_B
Data_13686_A,Data_13686_B
Data_13687_A,Data_13687_B
Data_13688_A,Data_13688_B
Data_13689_A,Data_13689_B
Data_13690_A,Data_13690_B
Data_13691_A,Data_13691_B
Data_13692_A,Data_13692_B
Data_13693_A,Data_13693_B
Data_13694_A,Data_13694_B
Data_13695_A,Data_13695_B
Data_13696_A,Data_13696_B
Data_13697_A,Data_13697_B
Data_13698_A,Data_13698_B
Data_13699_A,Data_13699_B
Data_13700_A,Data_13700_B
Data_13701_A,Data_13701_B
Data_13702_A,Data_13702_B
Data_13703_A,Data_13703_B
Data_13704_A,Data_13704_B
Data_13705_A,Data_13705_B
Data_13706_A,Data_13706_B
Data_13707_A,Data_13707_B
Data_13708_A,Data_13708_B
Data_13709_A,Data_13709_B
Data_13710_A,Data_13710_B
Data_13711_A,Data_13711_B
Data_13712_A,Data_13712_B
Data_13713_A,Data_13713_B
Data_13714_A,Data_13714_B
Data_13715_A,Data_13715_B
Data_13716_A,Data_13716_B
Data_13717_A,Data_13717_B
Data_13718_A,Data_13718_B
Data_13719_A,Data_13719_B
Data_13720_A,Data_13720_B
Data_13721_A,Data_13721_B
Data_13722_A,Data_13722_B
Data_13723_A,Data_13723_B
Data_13724_A,Data_13724_B
Data_13725_A,Data_13725_B
Data_13726_A,Data_13726_B
Data_13727_A,Data_13727_B
Data_13728_A,Data_13728_B
Data_13729_A,Data_13729_B
Data_13730_A,Data_13730_B
Data_13731_A,Data_13731_B
Data_13732_A,Data_13732_B
Data_13733_A,Data_13733_B
Data_13734_A,Data_13734_B
Data_13735_A,Data_13735_B
Data_13736_A,Data_13736_B
Data_13737_A,Data_13737_B
Data_13738_A,Data_13738_B
Data_13739_A,Data_13739_B
Data_13740_A,Data_13740_B
Data_13741_A,Data_13741_B
Data_13742_A,Data_13742_B
Data_13743_A,Data_13743_B
Data_13744_A,Data_13744_B
Data_13745_A,Data_13745_B
Data_13746_A,Data_13746_B
Data_13747_A,Data_13747_B
Data_13748_A,Data_13748_B
Data_13749_A,Data_13749_B
Data_13750_A,Data_13750_B
Data_13751_A,Data_13751_B
Data_13752_A,Data_13752_B
Data_13753_A,Data_13753_B
Data_13754_A,Data_13754_B
Data_13755_A,Data_13755_B
Data_13756_A,Data_13756_B
Data_13757_A,Data_13757_B
Data_13758_A,Data_13758_B
Data_13759_A,Data_13759_B
Data_13760_A,Data_13760_B
Data_13761_A,Data_13761_B
Data_13762_A,Data_13762_B
Data_13763_A,Data_13763_B
Data_13764_A,Data_13764_B
Data_13765_A,Data_13765_B
Data_13766_A,Data_13766_B
Data_13767_A,Data_13767_B
Data_13768_A,Data_13768_B
Data_13769_A,Data_13769_B
Data_13770_A,Data_13770_B
Data_13771_A,Data_13771_B
Data_13772_A,Data_13772_B
Data_13773_A,Data_13773_B
Data_13774_A,Data_13774_B
Data_13775_A,Data_13775_B
Data_13776_A,Data_13776_B
Data_13777_A,Data_13777_B
Data_13778_A,Data_13778_B
Data_13779_A,Data_13779_B
Data_13780_A,Data_13780_B
Data_13781_A,Data_13781_B
Data_13782_A,Data_13782_B
Data_13783_A,Data_13783_B
Data_13784_A,Data_13784_B
Data_13785_A,Data_13785_B
Data_13786_A,Data_13786_B
Data_13787_A,Data_13787_B
Data_13788_A,Data_13788_B
Data_13789_A,Data_13789_B
Data_13790_A,Data_13790_B
Data_13791_A,Data_13791_B
Data_13792_A,Data_13792_B
Data_13793_A,Data_13793_B
Data_13794_A,Data_13794_B
Data_13795_A,Data_13795_B
Data_13796_A,Data_13796_B
Data_13797_A,Data_13797_B
Data_13798_A,Data_13798_B
Data_13799_A,Data_13799_B
Data_13800_A,Data_13800_B
Data_13801_A,Data_13801_B
Data_13802_A,Data_13802_B
Data_13803_A,Data_13803_B
Data_13804_A,Data_13804_B
Data_13805_A,Data_13805_B
Data_13806_A,Data_13806_B
Data_13807_A,Data_13807_B
Data_13808_A,Data_13808_B
Data_13809_A,Data_13809_B
Data_13810_A,Data_13810_B
Data_13811_A,Data_13811_B
Data_13812_A,Data_13812_B
Data_13813_A,Data_13813_B
Data_13814_A,Data_13814_B
Data_13815_A,Data_13815_B
Data_13816_A,Data_13816_B
Data_13817_A,Data_13817_B
Data_13818_A,Data_13818_B
Data_13819_A,Data_13819_B
Data_13820_A,Data_13820_B
Data_13821_A,Data_13821_B
Data_13822_A,Data_13822_B
Data_13823_A,Data_13823_B
Data_13824_A,Data_13824_B
Data_13825_A,Data_13825_B
Data_13826_A,Data_13826_B
Data_13827_A,Data_13827_B
Data_13828_A,Data_13828_B
Data_13829_A,Data_13829_B
Data_13830_A,Data_13830_B
Data_13831_A,Data_13831_B
Data_13832_A,Data_13832_B
Data_13833_A,Data_13833_B
Data_13834_A,Data_13834_B
Data_13835_A,Data_13835_B
Data_13836_A,Data_13836_B
Data_13837_A,Data_13837_B
Data_13838_A,Data_13838_B
Data_13839_A,Data_13839_B
Data_13840_A,Data_13840_B
Data_13841_A,Data_13841_B
Data_13842_A,Data_13842_B
Data_13843_A,Data_13843_B
Data_13844_A,Data_13844_B
Data_13845_A,Data_13845_B
Data_13846_A,Data_13846_B
Data_13847_A,Data_13847_B
Data_13848_A,Data_13848_B
Data_13849_A,Data_13849_B
Data_13850_A,Data_13850_B
Data_13851_A,Data_13851_B
Data_13852_A,Data_13852_B
Data_13853_A,Data_13853_B
Data_13854_A,Data_13854_B
Data_13855_A,Data_13855_B
Data_13856_A,Data_13856_B
Data_13857_A,Data_13857_B
Data_13858_A,Data_13858_B
Data_13859_A,Data_13859_B
Data_13860_A,Data_13860_B
Data_13861_A,Data_13861_B
Data_13862_A,Data_13862_B
Data_13863_A,Data_13863_B
Data_13864_A,Data_13864_B
Data_13865_A,Data_13865_B
Data_13866_A,Data_13866_B
Data_13867_A,Data_13867_B
Data_13868_A,Data_13868_B
Data_13869_A,Data_13869_B
Data_13870_A,Data_13870_B
Data_13871_A,Data_13871_B
Data_13872_A,Data_13872_B
Data_13873_A,Data_13873_B
Data_13874_A,Data_13874_B
Data_13875_A,Data_13875_B
Data_13876_A,Data_13876_B
Data_13877_A,Data_13877_B
Data_13878_A,Data_13878_B
Data_13879_A,Data_13879_B
Data_13880_A,Data_13880_B
Data_13881_A,Data_13881_B
Data_13882_A,Data_13882_B
Data_13883_A,Data_13883_B
Data_13884_A,Data_13884_B
Data_13885_A,Data_13885_B
Data_13886_A,Data_13886_B
Data_13887_A,Data_13887_B
Data_13888_A,Data_13888_B
Data_13889_A,Data_13889_B
Data_13890_A,Data_13890_B
Data_13891_A,Data_13891_B
Data_13892_A,Data_13892_B
Data_13893_A,Data_13893_B
Data_13894_A,Data_13894_B
Data_13895_A,Data_13895_B
Data_13896_A,Data_13896_B
Data_13897_A,Data_13897_B
Data_13898_A,Data_13898_B
Data_13899_A,Data_13899_B
Data_13900_A,Data_13900_B
Data_13901_A,Data_13901_B
Data_13902_A,Data_13902_B
Data_13903_A,Data_13903_B
Data_13904_A,Data_13904_B
Data_13905_A,Data_13905_B
Data_13906_A,Data_13906_B
Data_13907_A,Data_13907_B
Data_13908_A,Data_13908_B
Data_13909_A,Data_13909_B
Data_13910_A,Data_13910_B
Data_13911_A,Data_13911_B
Data_13912_A,Data_13912_B
Data_13913_A,Data_13913_B
Data_13914_A,Data_13914_B
Data_13915_A,Data_13915_B
Data_13916_A,Data_13916_B
Data_13917_A,Data_13917_B
Data_13918_A,Data_13918_B
Data_13919_A,Data_13919_B
Data_13920_A,Data_13920_B
Data_13921_A,Data_13921_B
Data_13922_A,Data_13922_B
Data_13923_A,Data_13923_B
Data_13924_A,Data_13924_B
Data_13925_A,Data_13925_B
Data_13926_A,Data_13926_B
Data_13927_A,Data_13927_B
Data_13928_A,Data_13928_B
Data_13929_A,Data_13929_B
Data_13930_A,Data_13930_B
Data_13931_A,Data_13931_B
Data_13932_A,Data_13932_B
Data_13933_A,Data_13933_B
Data_13934_A,Data_13934_B
Data_13935_A,Data_13935_B
Data_13936_A,Data_13936_B
Data_13937_A,Data_13937_B
Data_13938_A,Data_13938_B
Data_13939_A,Data_13939_B
Data_13940_A,Data_13940_B
Data_13941_A,Data_13941_B
Data_13942_A,Data_13942_B
Data_13943_A,Data_13943_B
Data_13944_A,Data_13944_B
Data_13945_A,Data_13945_B
Data_13946_A,Data_13946_B
Data_13947_A,Data_13947_B
Data_13948_A,Data_13948_B
Data_13949_A,Data_13949_B
Data_13950_A,Data_13950_B
Data_13951_A,Data_13951_B
Data_13952_A,Data_13952_B
Data_13953_A,Data_13953_B
Data_13954_A,Data_13954_B
Data_13955_A,Data_13955_B
Data_13956_A,Data_13956_B
Data_13957_A,Data_13957_B
Data_13958_A,Data_13958_B
Data_13959_A,Data_13959_B
Data_13960_A,Data_13960_B
Data_13961_A,Data_13961_B
Data_13962_A,Data_13962_B
Data_13963_A,Data_13963_B
Data_13964_A,Data_13964_B
Data_13965_A,Data_13965_B
Data_13966_A,Data_13966_B
Data_13967_A,Data_13967_B
Data_13968_A,Data_13968_B
Data_13969_A,Data_13969_B
Data_13970_A,Data_13970_B
Data_13971_A,Data_13971_B
Data_13972_A,Data_13972_B
Data_13973_A,Data_13973_B
Data_13974_A,Data_13974_B
Data_13975_A,Data_13975_B
Data_13976_A,Data_13976_B
Data_13977_A,Data_13977_B
Data_13978_A,Data_13978_B
Data_13979_A,Data_13979_B
Data_13980_A,Data_13980_B
Data_13981_A,Data_13981_B
Data_13982_A,Data_13982_B
Data_13983_A,Data_13983_B
Data_13984_A,Data_13984_B
Data_13985_A,Data_13985_B
Data_13986_A,Data_13986_B
Data_13987_A,Data_13987_B
Data_13988_A,Data_13988_B
Data_13989_A,Data_13989_B
Data_13990_A,Data_13990_B
Data_13991_A,Data_13991_B
Data_13992_A,Data_13992_B
Data_13993_A,Data_13993_B
Data_13994_A,Data_13994_B
Data_13995_A,Data_13995_B
Data_13996_A,Data_13996_B
Data_13997_A,Data_13997_B
Data_13998_A,Data_13998_B
Data_13999_A,Data_13999_B
Data_14000_A,Data_14000_B
Data_14001_A,Data_14001_B
Data_14002_A,Data_14002_B
Data_14003_A,Data_14003_B
Data_14004_A,Data_14004_B
Data_14005_A,Data_14005_B
Data_14006_A,Data_14006_B
Data_14007_A,Data_14007_B
Data_14008_A,Data_14008_B
Data_14009_A,Data_14009_B
Data_14010_A,Data_14010_B
Data_14011_A,Data_14011_B
Data_14012_A,Data_14012_B
Data_14013_A,Data_14013_B
Data_14014_A,Data_14014_B
Data_14015_A,Data_14015_B
Data_14016_A,Data_14016_B
Data_14017_A,Data_14017_B
Data_14018_A,Data_14018_B
Data_14019_A,Data_14019_B
Data_14020_A,Data_14020_B
Data_14021_A,Data_14021_B
Data_14022_A,Data_14022_B
Data_14023_A,Data_14023_B
Data_14024_A,Data_14024_B
Data_14025_A,Data_14025_B
Data_14026_A,Data_14026_B
Data_14027_A,Data_14027_B
Data_14028_A,Data_14028_B
Data_14029_A,Data_14029_B
Data_14030_A,Data_14030_B
Data_14031_A,Data_14031_B
Data_14032_A,Data_14032_B
Data_14033_A,Data_14033_B
Data_14034_A,Data_14034_B
Data_14035_A,Data_14035_B
Data_14036_A,Data_14036_B
Data_14037_A,Data_14037_B
Data_14038_A,Data_14038_B
Data_14039_A,Data_14039_B
Data_14040_A,Data_14040_B
Data_14041_A,Data_14041_B
Data_14042_A,Data_14042_B
Data_14043_A,Data_14043_B
Data_14044_A,Data_14044_B
Data_14045_A,Data_14045_B
Data_14046_A,Data_14046_B
Data_14047_A,Data_14047_B
Data_14048_A,Data_14048_B
Data_14049_A,Data_14049_B
Data_14050_A,Data_14050_B
Data_14051_A,Data_14051_B
Data_14052_A,Data_14052_B
Data_14053_A,Data_14053_B
Data_14054_A,Data_14054_B
Data_14055_A,Data_14055_B
Data_14056_A,Data_14056_B
Data_14057_A,Data_14057_B
Data_14058_A,Data_14058_B
Data_14059_A,Data_14059_B
Data_14060_A,Data_14060_B
Data_14061_A,Data_14061_B
Data_14062_A,Data_14062_B
Data_14063_A,Data_14063_B
Data_14064_A,Data_14064_B
Data_14065_A,Data_14065_B
Data_14066_A,Data_14066_B
Data_14067_A,Data_14067_B
Data_14068_A,Data_14068_B
Data_14069_A,Data_14069_B
Data_14070_A,Data_14070_B
Data_14071_A,Data_14071_B
Data_14072_A,Data_14072_B
Data_14073_A,Data_14073_B
Data_14074_A,Data_14074_B
Data_14075_A,Data_14075_B
Data_14076_A,Data_14076_B
Data_14077_A,Data_14077_B
Data_14078_A,Data_14078_B
Data_14079_A,Data_14079_B
Data_14080_A,Data_14080_B
Data_14081_A,Data_14081_B
Data_14082_A,Data_14082_B
Data_14083_A,Data_14083_B
Data_14084_A,Data_14084_B
Data_14085_A,Data_14085_B
Data_14086_A,Data_14086_B
Data_14087_A,Data_14087_B
Data_14088_A,Data_14088_B
Data_14089_A,Data_14089_B
Data_14090_A,Data_14090_B
Data_14091_A,Data_14091_B
Data_14092_A,Data_14092_B
Data_14093_A,Data_14093_B
Data_14094_A,Data_14094_B
Data_14095_A,Data_14095_B
Data_14096_A,Data_14096_B
Data_14097_A,Data_14097_B
Data_14098_A,Data_14098_B
Data_14099_A,Data_14099_B
Data_14100_A,Data_14100_B
Data_14101_A,Data_14101_B
Data_14102_A,Data_14102_B
Data_14103_A,Data_14103_B
Data_14104_A,Data_14104_B
Data_14105_A,Data_14105_B
Data_14106_A,Data_14106_B
Data_14107_A,Data_14107_B
Data_14108_A,Data_14108_B
Data_14109_A,Data_14109_B
Data_14110_A,Data_14110_B
Data_14111_A,Data_14111_B
Data_14112_A,Data_14112_B
Data_14113_A,Data_14113_B
Data_14114_A,Data_14114_B
Data_14115_A,Data_14115_B
Data_14116_A,Data_14116_B
Data_14117_A,Data_14117_B
Data_14118_A,Data_14118_B
Data_14119_A,Data_14119_B
Data_14120_A,Data_14120_B
Data_14121_A,Data_14121_B
Data_14122_A,Data_14122_B
Data_14123_A,Data_14123_B
Data_14124_A,Data_14124_B
Data_14125_A,Data_14125_B
Data_14126_A,Data_14126_B
Data_14127_A,Data_14127_B
Data_14128_A,Data_14128_B
Data_14129_A,Data_14129_B
Data_14130_A,Data_14130_B
Data_14131_A,Data_14131_B
Data_14132_A,Data_14132_B
Data_14133_A,Data_14133_B
Data_14134_A,Data_14134_B
Data_14135_A,Data_14135_B
Data_14136_A,Data_14136_B
Data_14137_A,Data_14137_B
Data_14138_A,Data_14138_B
Data_14139_A,Data_14139_B
Data_14140_A,Data_14140_B
Data_14141_A,Data_14141_B
Data_14142_A,Data_14142_B
Data_14143_A,Data_14143_B
Data_14144_A,Data_14144_B
Data_14145_A,Data_14145_B
Data_14146_A,Data_14146_B
Data_14147_A,Data_14147_B
Data_14148_A,Data_14148_B
Data_14149_A,Data_14149_B
Data_14150_A,Data_14150_B
Data_14151_A,Data_14151_B
Data_14152_A,Data_14152_B
Data_14153_A,Data_14153_B
Data_14154_A,Data_14154_B
Data_14155_A,Data_14155_B
Data_14156_A,Data_14156_B
Data_14157_A,Data_14157_B
Data_14158_A,Data_14158_B
Data_14159_A,Data_14159_B
Data_14160_A,Data_14160_B
Data_14161_A,Data_14161_B
Data_14162_A,Data_14162_B
Data_14163_A,Data_14163_B
Data_14164_A,Data_14164_B
Data_14165_A,Data_14165_B
Data_14166_A,Data_14166_B
Data_14167_A,Data_14167_B
Data_14168_A,Data_14168_B
Data_14169_A,Data_14169_B
Data_14170_A,Data_14170_B
Data_14171_A,Data_14171_B
Data_14172_A,Data_14172_B
Data_14173_A,Data_14173_B
Data_14174_A,Data_14174_B
Data_14175_A,Data_14175_B
Data_14176_A,Data_14176_B
Data_14177_A,Data_14177_B
Data_14178_A,Data_14178_B
Data_14179_A,Data_14179_B
Data_14180_A,Data_14180_B
Data_14181_A,Data_14181_B
Data_14182_A,Data_14182_B
Data_14183_A,Data_14183_B
Data_14184_A,Data_14184_B
Data_14185_A,Data_14185_B
Data_14186_A,Data_14186_B
Data_14187_A,Data_14187_B
Data_14188_A,Data_14188_B
Data_14189_A,Data_14189_B
Data_14190_A,Data_14190_B
Data_14191_A,Data_14191_B
Data_14192_A,Data_14192_B
Data_14193_A,Data_14193_B
Data_14194_A,Data_14194_B
Data_14195_A,Data_14195_B
Data_14196_A,Data_14196_B
Data_14197_A,Data_14197_B
Data_14198_A,Data_14198_B
Data_14199_A,Data_14199_B
Data_14200_A,Data_14200_B
Data_14201_A,Data_14201_B
Data_14202_A,Data_14202_B
Data_14203_A,Data_14203_B
Data_14204_A,Data_14204_B
Data_14205_A,Data_14205_B
Data_14206_A,Data_14206_B
Data_14207_A,Data_14207_B
Data_14208_A,Data_14208_B
Data_14209_A,Data_14209_B
Data_14210_A,Data_14210_B
Data_14211_A,Data_14211_B
Data_14212_A,Data_14212_B
Data_14213_A,Data_14213_B
Data_14214_A,Data_14214_B
Data_14215_A,Data_14215_B
Data_14216_A,Data_14216_B
Data_14217_A,Data_14217_B
Data_14218_A,Data_14218_B
Data_14219_A,Data_14219_B
Data_14220_A,Data_14220_B
Data_14221_A,Data_14221_B
Data_14222_A,Data_14222_B
Data_14223_A,Data_14223_B
Data_14224_A,Data_14224_B
Data_14225_A,Data_14225_B
Data_14226_A,Data_14226_B
Data_14227_A,Data_14227_B
Data_14228_A,Data_14228_B
Data_14229_A,Data_14229_B
Data_14230_A,Data_14230_B
Data_14231_A,Data_14231_B
Data_14232_A,Data_14232_B
Data_14233_A,Data_14233_B
Data_14234_A,Data_14234_B
Data_14235_A,Data_14235_B
Data_14236_A,Data_14236_B
Data_14237_A,Data_14237_B
Data_14238_A,Data_14238_B
Data_14239_A,Data_14239_B
Data_14240_A,Data_14240_B
Data_14241_A,Data_14241_B
Data_14242_A,Data_14242_B
Data_14243_A,Data_14243_B
Data_14244_A,Data_14244_B
Data_14245_A,Data_14245_B
Data_14246_A,Data_14246_B
Data_14247_A,Data_14247_B
Data_14248_A,Data_14248_B
Data_14249_A,Data_14249_B
Data_14250_A,Data_14250_B
Data_14251_A,Data_14251_B
Data_14252_A,Data_14252_B
Data_14253_A,Data_14253_B
Data_14254_A,Data_14254_B
Data_14255_A,Data_14255_B
Data_14256_A,Data_14256_B
Data_14257_A,Data_14257_B
Data_14258_A,Data_14258_B
Data_14259_A,Data_14259_B
Data_14260_A,Data_14260_B
Data_14261_A,Data_14261_B
Data_14262_A,Data_14262_B
Data_14263_A,Data_14263_B
Data_14264_A,Data_14264_B
Data_14265_A,Data_14265_B
Data_14266_A,Data_14266_B
Data_14267_A,Data_14267_B
Data_14268_A,Data_14268_B
Data_14269_A,Data_14269_B
Data_14270_A,Data_14270_B
Data_14271_A,Data_14271_B
Data_14272_A,Data_14272_B
Data_14273_A,Data_14273_B
Data_14274_A,Data_14274_B
Data_14275_A,Data_14275_B
Data_14276_A,Data_14276_B
Data_14277_A,Data_14277_B
Data_14278_A,Data_14278_B
Data_14279_A,Data_14279_B
Data_14280_A,Data_14280_B
Data_14281_A,Data_14281_B
Data_14282_A,Data_14282_B
Data_14283_A,Data_14283_B
Data_14284_A,Data_14284_B
Data_14285_A,Data_14285_B
Data_14286_A,Data_14286_B
Data_14287_A,Data_14287_B
Data_14288_A,Data_14288_B
Data_14289_A,Data_14289_B
Data_14290_A,Data_14290_B
Data_14291_A,Data_14291_B
Data_14292_A,Data_14292_B
Data_14293_A,Data_14293_B
Data_14294_A,Data_14294_B
Data_14295_A,Data_14295_B
Data_14296_A,Data_14296_B
Data_14297_A,Data_14297_B
Data_14298_A,Data_14298_B
Data_14299_A,Data_14299_B
Data_14300_A,Data_14300_B
Data_14301_A,Data_14301_B
Data_14302_A,Data_14302_B
Data_14303_A,Data_14303_B
Data_14304_A,Data_14304_B
Data_14305_A,Data_14305_B
Data_14306_A,Data_14306_B
Data_14307_A,Data_14307_B
Data_14308_A,Data_14308_B
Data_14309_A,Data_14309_B
Data_14310_A,Data_14310_B
Data_14311_A,Data_14311_B
Data_14312_A,Data_14312_B
Data_14313_A,Data_14313_B
Data_14314_A,Data_14314_B
Data_14315_A,Data_14315_B
Data_14316_A,Data_14316_B
Data_14317_A,Data_14317_B
Data_14318_A,Data_14318_B
Data_14319_A,Data_14319_B
Data_14320_A,Data_14320_B
Data_14321_A,Data_14321_B
Data_14322_A,Data_14322_B
Data_14323_A,Data_14323_B
Data_14324_A,Data_14324_B
Data_14325_A,Data_14325_B
Data_14326_A,Data_14326_B
Data_14327_A,Data_14327_B
Data_14328_A,Data_14328_B
Data_14329_A,Data_14329_B
Data_14330_A,Data_14330_B
Data_14331_A,Data_14331_B
Data_14332_A,Data_14332_B
Data_14333_A,Data_14333_B
Data_14334_A,Data_14334_B
Data_14335_A,Data_14335_B
Data_14336_A,Data_14336_B
Data_14337_A,Data_14337_B
Data_14338_A,Data_14338_B
Data_14339_A,Data_14339_B
Data_14340_A,Data_14340_B
Data_14341_A,Data_14341_B
Data_14342_A,Data_14342_B
Data_14343_A,Data_14343_B
Data_14344_A,Data_14344_B
Data_14345_A,Data_14345_B
Data_14346_A,Data_14346_B
Data_14347_A,Data_14347_B
Data_14348_A,Data_14348_B
Data_14349_A,Data_14349_B
Data_14350_A,Data_14350_B
Data_14351_A,Data_14351_B
Data_14352_A,Data_14352_B
Data_14353_A,Data_14353_B
Data_14354_A,Data_14354_B
Data_14355_A,Data_14355_B
Data_14356_A,Data_14356_B
Data_14357_A,Data_14357_B
Data_14358_A,Data_14358_B
Data_14359_A,Data_14359_B
Data_14360_A,Data_14360_B
Data_14361_A,Data_14361_B
Data_14362_A,Data_14362_B
Data_14363_A,Data_14363_B
Data_14364_A,Data_14364_B
Data_14365_A,Data_14365_B
Data_14366_A,Data_14366_B
Data_14367_A,Data_14367_B
Data_14368_A,Data_14368_B
Data_14369_A,Data_14369_B
Data_14370_A,Data_14370_B
Data_14371_A,Data_14371_B
Data_14372_A,Data_14372_B
Data_14373_A,Data_14373_B
Data_14374_A,Data_14374_B
Data_14375_A,Data_14375_B
Data_14376_A,Data_14376_B
Data_14377_A,Data_14377_B
Data_14378_A,Data_14378_B
Data_14379_A,Data_14379_B
Data_14380_A,Data_14380_B
Data_14381_A,Data_14381_B
Data_14382_A,Data_14382_B
Data_14383_A,Data_14383_B
Data_14384_A,Data_14384_B
Data_14385_A,Data_14385_B
Data_14386_A,Data_14386_B
Data_14387_A,Data_14387_B
Data_14388_A,Data_14388_B
Data_14389_A,Data_14389_B
Data_14390_A,Data_14390_B
Data_14391_A,Data_14391_B
Data_14392_A,Data_14392_B
Data_14393_A,Data_14393_B
Data_14394_A,Data_14394_B
Data_14395_A,Data_14395_B
Data_14396_A,Data_14396_B
Data_14397_A,Data_14397_B
Data_14398_A,Data_14398_B
Data_14399_A,Data_14399_B
Data_14400_A,Data_14400_B
Data_14401_A,Data_14401_B
Data_14402_A,Data_14402_B
Data_14403_A,Data_14403_B
Data_14404_A,Data_14404_B
Data_14405_A,Data_14405_B
Data_14406_A,Data_14406_B
Data_14407_A,Data_14407_B
Data_14408_A,Data_14408_B
Data_14409_A,Data_14409_B
Data_14410_A,Data_14410_B
Data_14411_A,Data_14411_B
Data_14412_A,Data_14412_B
Data_14413_A,Data_14413_B
Data_14414_A,Data_14414_B
Data_14415_A,Data_14415_B
Data_14416_A,Data_14416_B
Data_14417_A,Data_14417_B
Data_14418_A,Data_14418_B
Data_14419_A,Data_14419_B
Data_14420_A,Data_14420_B
Data_14421_A,Data_14421_B
Data_14422_A,Data_14422_B
Data_14423_A,Data_14423_B
Data_14424_A,Data_14424_B
Data_14425_A,Data_14425_B
Data_14426_A,Data_14426_B
Data_14427_A,Data_14427_B
Data_14428_A,Data_14428_B
Data_14429_A,Data_14429_B
Data_14430_A,Data_14430_B
Data_14431_A,Data_14431_B
Data_14432_A,Data_14432_B
Data_14433_A,Data_14433_B
Data_14434_A,Data_14434_B
Data_14435_A,Data_14435_B
Data_14436_A,Data_14436_B
Data_14437_A,Data_14437_B
Data_14438_A,Data_14438_B
Data_14439_A,Data_14439_B
Data_14440_A,Data_14440_B
Data_14441_A,Data_14441_B
Data_14442_A,Data_14442_B
Data_14443_A,Data_14443_B
Data_14444_A,Data_14444_B
Data_14445_A,Data_14445_B
Data_14446_A,Data_14446_B
Data_14447_A,Data_14447_B
Data_14448_A,Data_14448_B
Data_14449_A,Data_14449_B
Data_14450_A,Data_14450_B
Data_14451_A,Data_14451_B
Data_14452_A,Data_14452_B
Data_14453_A,Data_14453_B
Data_14454_A,Data_14454_B
Data_14455_A,Data_14455_B
Data_14456_A,Data_14456_B
Data_14457_A,Data_14457_B
Data_14458_A,Data_14458_B
Data_14459_A,Data_14459_B
Data_14460_A,Data_14460_B
Data_14461_A,Data_14461_B
Data_14462_A,Data_14462_B
Data_14463_A,Data_14463_B
Data_14464_A,Data_14464_B
Data_14465_A,Data_14465_B
Data_14466_A,Data_14466_B
Data_14467_A,Data_14467_B
Data_14468_A,Data_14468_B
Data_14469_A,Data_14469_B
Data_14470_A,Data_14470_B
Data_14471_A,Data_14471_B
Data_14472_A,Data_14472_B
Data_14473_A,Data_14473_B
Data_14474_A,Data_14474_B
Data_14475_A,Data_14475_B
Data_14476_A,Data_14476_B
Data_14477_A,Data_14477_B
Data_14478_A,Data_14478_B
Data_14479_A,Data_14479_B
Data_14480_A,Data_14480_B
Data_14481_A,Data_14481_B
Data_14482_A,Data_14482_B
Data_14483_A,Data_14483_B
Data_14484_A,Data_14484_B
Data_14485_A,Data_14485_B
Data_14486_A,Data_14486_B
Data_14487_A,Data_14487_B
Data_14488_A,Data_14488_B
Data_14489_A,Data_14489_B
Data_14490_A,Data_14490_B
Data_14491_A,Data_14491_B
Data_14492_A,Data_14492_B
Data_14493_A,Data_14493_B
Data_14494_A,Data_14494_B
Data_14495_A,Data_14495_B
Data_14496_A,Data_14496_B
Data_14497_A,Data_14497_B
Data_14498_A,Data_14498_B
Data_14499_A,Data_14499_B
Data_14500_A,Data_14500_B
Data_14501_A,Data_14501_B
Data_14502_A,Data_14502_B
Data_14503_A,Data_14503_B
Data_14504_A,Data_14504_B
Data_14505_A,Data_14505_B
Data_14506_A,Data_14506_B
Data_14507_A,Data_14507_B
Data_14508_A,Data_14508_B
Data_14509_A,Data_14509_B
Data_14510_A,Data_14510_B
Data_14511_A,Data_14511_B
Data_14512_A,Data_14512_B
Data_14513_A,Data_14513_B
Data_14514_A,Data_14514_B
Data_14515_A,Data_14515_B
Data_14516_A,Data_14516_B
Data_14517_A,Data_14517_B
Data_14518_A,Data_14518_B
Data_14519_A,Data_14519_B
Data_14520_A,Data_14520_B
Data_14521_A,Data_14521_B
Data_14522_A,Data_14522_B
Data_14523_A,Data_14523_B
Data_14524_A,Data_14524_B
Data_14525_A,Data_14525_B
Data_14526_A,Data_14526_B
Data_14527_A,Data_14527_B
Data_14528_A,Data_14528_B
Data_14529_A,Data_14529_B
Data_14530_A,Data_14530_B
Data_14531_A,Data_14531_B
Data_14532_A,Data_14532_B
Data_14533_A,Data_14533_B
Data_14534_A,Data_14534_B
Data_14535_A,Data_14535_B
Data_14536_A,Data_14536_B
Data_14537_A,Data_14537_B
Data_14538_A,Data_14538_B
Data_14539_A,Data_14539_B
Data_14540_A,Data_14540_B
Data_14541_A,Data_14541_B
Data_14542_A,Data_14542_B
Data_14543_A,Data_14543_B
Data_14544_A,Data_14544_B
Data_14545_A,Data_14545_B
Data_14546_A,Data_14546_B
Data_14547_A,Data_14547_B
Data_14548_A,Data_14548_B
Data_14549_A,Data_14549_B
Data_14550_A,Data_14550_B
Data_14551_A,Data_14551_B
Data_14552_A,Data_14552_B
Data_14553_A,Data_14553_B
Data_14554_A,Data_14554_B
Data_14555_A,Data_14555_B
Data_14556_A,Data_14556_B
Data_14557_A,Data_14557_B
Data_14558_A,Data_14558_B
Data_14559_A,Data_14559_B
Data_14560_A,Data_14560_B
Data_14561_A,Data_14561_B
Data_14562_A,Data_14562_B
Data_14563_A,Data_14563_B
Data_14564_A,Data_14564_B
Data_14565_A,Data_14565_B
Data_14566_A,Data_14566_B
Data_14567_A,Data_14567_B
Data_14568_A,Data_14568_B
Data_14569_A,Data_14569_B
Data_14570_A,Data_14570_B
Data_14571_A,Data_14571_B
Data_14572_A,Data_14572_B
Data_14573_A,Data_14573_B
Data_14574_A,Data_14574_B
Data_14575_A,Data_14575_B
Data_14576_A,Data_14576_B
Data_14577_A,Data_14577_B
Data_14578_A,Data_14578_B
Data_14579_A,Data_14579_B
Data_14580_A,Data_14580_B
Data_14581_A,Data_14581_B
Data_14582_A,Data_14582_B
Data_14583_A,Data_14583_B
Data_14584_A,Data_14584_B
Data_14585_A,Data_14585_B
Data_14586_A,Data_14586_B
Data_14587_A,Data_14587_B
Data_14588_A,Data_14588_B
Data_14589_A,Data_14589_B
Data_14590_A,Data_14590_B
Data_14591_A,Data_14591_B
Data_14592_A,Data_14592_B
Data_14593_A,Data_14593_B
Data_14594_A,Data_14594_B
Data_14595_A,Data_14595_B
Data_14596_A,Data_14596_B
Data_14597_A,Data_14597_B
Data_14598_A,Data_14598_B
Data_14599_A,Data_14599_B
Data_14600_A,Data_14600_B
Data_14601_A,Data_14601_B
Data_14602_A,Data_14602_B
Data_14603_A,Data_14603_B
Data_14604_A,Data_14604_B
Data_14605_A,Data_14605_B
Data_14606_A,Data_14606_B
Data_14607_A,Data_14607_B
Data_14608_A,Data_14608_B
Data_14609_A,Data_14609_B
Data_14610_A,Data_14610_B
Data_14611_A,Data_14611_B
Data_14612_A,Data_14612_B
Data_14613_A,Data_14613_B
Data_14614_A,Data_14614_B
Data_14615_A,Data_14615_B
Data_14616_A,Data_14616_B
Data_14617_A,Data_14617_B
Data_14618_A,Data_14618_B
Data_14619_A,Data_14619_B
Data_14620_A,Data_14620_B
Data_14621_A,Data_14621_B
Data_14622_A,Data_14622_B
Data_14623_A,Data_14623_B
Data_14624_A,Data_14624_B
Data_14625_A,Data_14625_B
Data_14626_A,Data_14626_B
Data_14627_A,Data_14627_B
Data_14628_A,Data_14628_B
Data_14629_A,Data_14629_B
Data_14630_A,Data_14630_B
Data_14631_A,Data_14631_B
Data_14632_A,Data_14632_B
Data_14633_A,Data_14633_B
Data_14634_A,Data_14634_B
Data_14635_A,Data_14635_B
Data_14636_A,Data_14636_B
Data_14637_A,Data_14637_B
Data_14638_A,Data_14638_B
Data_14639_A,Data_14639_B
Data_14640_A,Data_14640_B
Data_14641_A,Data_14641_B
Data_14642_A,Data_14642_B
Data_14643_A,Data_14643_B
Data_14644_A,Data_14644_B
Data_14645_A,Data_14645_B
Data_14646_A,Data_14646_B
Data_14647_A,Data_14647_B
Data_14648_A,Data_14648_B
Data_14649_A,Data_14649_B
Data_14650_A,Data_14650_B
Data_14651_A,Data_14651_B
Data_14652_A,Data_14652_B
Data_14653_A,Data_14653_B
Data_14654_A,Data_14654_B
Data_14655_A,Data_14655_B
Data_14656_A,Data_14656_B
Data_14657_A,Data_14657_B
Data_14658_A,Data_14658_B
Data_14659_A,Data_14659_B
Data_14660_A,Data_14660_B
Data_14661_A,Data_14661_B
Data_14662_A,Data_14662_B
Data_14663_A,Data_14663_B
Data_14664_A,Data_14664_B
Data_14665_A,Data_14665_B
Data_14666_A,Data_14666_B
Data_14667_A,Data_14667_B
Data_14668_A,Data_14668_B
Data_14669_A,Data_14669_B
Data_14670_A,Data_14670_B
Data_14671_A,Data_14671_B
Data_14672_A,Data_14672_B
Data_14673_A,Data_14673_B
Data_14674_A,Data_14674_B
Data_14675_A,Data_14675_B
Data_14676_A,Data_14676_B
Data_14677_A,Data_14677_B
Data_14678_A,Data_14678_B
Data_14679_A,Data_14679_B
Data_14680_A,Data_14680_B
Data_14681_A,Data_14681_B
Data_14682_A,Data_14682_B
Data_14683_A,Data_14683_B
Data_14684_A,Data_14684_B
Data_14685_A,Data_14685_B
Data_14686_A,Data_14686_B
Data_14687_A,Data_14687_B
Data_14688_A,Data_14688_B
Data_14689_A,Data_14689_B
Data_14690_A,Data_14690_B
Data_14691_A,Data_14691_B
Data_14692_A,Data_14692_B
Data_14693_A,Data_14693_B
Data_14694_A,Data_14694_B
Data_14695_A,Data_14695_B
Data_14696_A,Data_14696_B
Data_14697_A,Data_14697_B
Data_14698_A,Data_14698_B
Data_14699_A,Data_14699_B
Data_14700_A,Data_14700_B
Data_14701_A,Data_14701_B
Data_14702_A,Data_14702_B
Data_14703_A,Data_14703_B
Data_14704_A,Data_14704_B
Data_14705_A,Data_14705_B
Data_14706_A,Data_14706_B
Data_14707_A,Data_14707_B
Data_14708_A,Data_14708_B
Data_14709_A,Data_14709_B
Data_14710_A,Data_14710_B
Data_14711_A,Data_14711_B
Data_14712_A,Data_14712_B
Data_14713_A,Data_14713_B
Data_14714_A,Data_14714_B
Data_14715_A,Data_14715_B
Data_14716_A,Data_14716_B
Data_14717_A,Data_14717_B
Data_14718_A,Data_14718_B
Data_14719_A,Data_14719_B
Data_14720_A,Data_14720_B
Data_14721_A,Data_14721_B
Data_14722_A,Data_14722_B
Data_14723_A,Data_14723_B
Data_14724_A,Data_14724_B
Data_14725_A,Data_14725_B
Data_14726_A,Data_14726_B
Data_14727_A,Data_14727_B
Data_14728_A,Data_14728_B
Data_14729_A,Data_14729_B
Data_14730_A,Data_14730_B
Data_14731_A,Data_14731_B
Data_14732_A,Data_14732_B
Data_14733_A,Data_14733_B
Data_14734_A,Data_14734_B
Data_14735_A,Data_14735_B
Data_14736_A,Data_14736_B
Data_14737_A,Data_14737_B
Data_14738_A,Data_14738_B
Data_14739_A,Data_14739_B
Data_14740_A,Data_14740_B
Data_14741_A,Data_14741_B
Data_14742_A,Data_14742_B
Data_14743_A,Data_14743_B
Data_14744_A,Data_14744_B
Data_14745_A,Data_14745_B
Data_14746_A,Data_14746_B
Data_14747_A,Data_14747_B
Data_14748_A,Data_14748_B
Data_14749_A,Data_14749_B
Data_14750_A,Data_14750_B
Data_14751_A,Data_14751_B
Data_14752_A,Data_14752_B
Data_14753_A,Data_14753_B
Data_14754_A,Data_14754_B
Data_14755_A,Data_14755_B
Data_14756_A,Data_14756_B
Data_14757_A,Data_14757_B
Data_14758_A,Data_14758_B
Data_14759_A,Data_14759_B
Data_14760_A,Data_14760_B
Data_14761_A,Data_14761_B
Data_14762_A,Data_14762_B
Data_14763_A,Data_14763_B
Data_14764_A,Data_14764_B
Data_14765_A,Data_14765_B
Data_14766_A,Data_14766_B
Data_14767_A,Data_14767_B
Data_14768_A,Data_14768_B
Data_14769_A,Data_14769_B
Data_14770_A,Data_14770_B
Data_14771_A,Data_14771_B
Data_14772_A,Data_14772_B
Data_14773_A,Data_14773_B
Data_14774_A,Data_14774_B
Data_14775_A,Data_14775_B
Data_14776_A,Data_14776_B
Data_14777_A,Data_14777_B
Data_14778_A,Data_14778_B
Data_14779_A,Data_14779_B
Data_14780_A,Data_14780_B
Data_14781_A,Data_14781_B
Data_14782_A,Data_14782_B
Data_14783_A,Data_14783_B
Data_14784_A,Data_14784_B
Data_14785_A,Data_14785_B
Data_14786_A,Data_14786_B
Data_14787_A,Data_14787_B
Data_14788_A,Data_14788_B
Data_14789_A,Data_14789_B
Data_14790_A,Data_14790_B
Data_14791_A,Data_14791_B
Data_14792_A,Data_14792_B
Data_14793_A,Data_14793_B
Data_14794_A,Data_14794_B
Data_14795_A,Data_14795_B
Data_14796_A,Data_14796_B
Data_14797_A,Data_14797_B
Data_14798_A,Data_14798_B
Data_14799_A,Data_14799_B
Data_14800_A,Data_14800_B
Data_14801_A,Data_14801_B
Data_14802_A,Data_14802_B
Data_14803_A,Data_14803_B
Data_14804_A,Data_14804_B
Data_14805_A,Data_14805_B
Data_14806_A,Data_14806_B
Data_14807_A,Data_14807_B
Data_14808_A,Data_14808_B
Data_14809_A,Data_14809_B
Data_14810_A,Data_14810_B
Data_14811_A,Data_14811_B
Data_14812_A,Data_14812_B
Data_14813_A,Data_14813_B
Data_14814_A,Data_14814_B
Data_14815_A,Data_14815_B
Data_14816_A,Data_14816_B
Data_14817_A,Data_14817_B
Data_14818_A,Data_14818_B
Data_14819_A,Data_14819_B
Data_14820_A,Data_14820_B
Data_14821_A,Data_14821_B
Data_14822_A,Data_14822_B
Data_14823_A,Data_14823_B
Data_14824_A,Data_14824_B
Data_14825_A,Data_14825_B
Data_14826_A,Data_14826_B
Data_14827_A,Data_14827_B
Data_14828_A,Data_14828_B
Data_14829_A,Data_14829_B
Data_14830_A,Data_14830_B
Data_14831_A,Data_14831_B
Data_14832_A,Data_14832_B
Data_14833_A,Data_14833_B
Data_14834_A,Data_14834_B
Data_14835_A,Data_14835_B
Data_14836_A,Data_14836_B
Data_14837_A,Data_14837_B
Data_14838_A,Data_14838_B
Data_14839_A,Data_14839_B
Data_14840_A,Data_14840_B
Data_14841_A,Data_14841_B
Data_14842_A,Data_14842_B
Data_14843_A,Data_14843_B
Data_14844_A,Data_14844_B
Data_14845_A,Data_14845_B
Data_14846_A,Data_14846_B
Data_14847_A,Data_14847_B
Data_14848_A,Data_14848_B
Data_14849_A,Data_14849_B
Data_14850_A,Data_14850_B
Data_14851_A,Data_14851_B
Data_14852_A,Data_14852_B
Data_14853_A,Data_14853_B
Data_14854_A,Data_14854_B
Data_14855_A,Data_14855_B
Data_14856_A,Data_14856_B
Data_14857_A,Data_14857_B
Data_14858_A,Data_14858_B
Data_14859_A,Data_14859_B
Data_14860_A,Data_14860_B
Data_14861_A,Data_14861_B
Data_14862_A,Data_14862_B
Data_14863_A,Data_14863_B
Data_14864_A,Data_14864_B
Data_14865_A,Data_14865_B
Data_14866_A,Data_14866_B
Data_14867_A,Data_14867_B
Data_14868_A,Data_14868_B
Data_14869_A,Data_14869_B
Data_14870_A,Data_14870_B
Data_14871_A,Data_14871_B
Data_14872_A,Data_14872_B
Data_14873_A,Data_14873_B
Data_14874_A,Data_14874_B
Data_14875_A,Data_14875_B
Data_14876_A,Data_14876_B
Data_14877_A,Data_14877_B
Data_14878_A,Data_14878_B
Data_14879_A,Data_14879_B
Data_14880_A,Data_14880_B
Data_14881_A,Data_14881_B
Data_14882_A,Data_14882_B
Data_14883_A,Data_14883_B
Data_14884_A,Data_14884_B
Data_14885_A,Data_14885_B
Data_14886_A,Data_14886_B
Data_14887_A,Data_14887_B
Data_14888_A,Data_14888_B
Data_14889_A,Data_14889_B
Data_14890_A,Data_14890_B
Data_14891_A,Data_14891_B
Data_14892_A,Data_14892_B
Data_14893_A,Data_14893_B
Data_14894_A,Data_14894_B
Data_14895_A,Data_14895_B
Data_14896_A,Data_14896_B
Data_14897_A,Data_14897_B
Data_14898_A,Data_14898_B
Data_14899_A,Data_14899_B
Data_14900_A,Data_14900_B
Data_14901_A,Data_14901_B
Data_14902_A,Data_14902_B
Data_14903_A,Data_14903_B
Data_14904_A,Data_14904_B
Data_14905_A,Data_14905_B
Data_14906_A,Data_14906_B
Data_14907_A,Data_14907_B
Data_14908_A,Data_14908_B
Data_14909_A,Data_14909_B
Data_14910_A,Data_14910_B
Data_14911_A,Data_14911_B
Data_14912_A,Data_14912_B
Data_14913_A,Data_14913_B
Data_14914_A,Data_14914_B
Data_14915_A,Data_14915_B
Data_14916_A,Data_14916_B
Data_14917_A,Data_14917_B
Data_14918_A,Data_14918_B
Data_14919_A,Data_14919_B
Data_14920_A,Data_14920_B
Data_14921_A,Data_14921_B
Data_14922_A,Data_14922_B
Data_14923_A,Data_14923_B
Data_14924_A,Data_14924_B
Data_14925_A,Data_14925_B
Data_14926_A,Data_14926_B
Data_14927_A,Data_14927_B
Data_14928_A,Data_14928_B
Data_14929_A,Data_14929_B
Data_14930_A,Data_14930_B
Data_14931_A,Data_14931_B
Data_14932_A,Data_14932_B
Data_14933_A,Data_14933_B
Data_14934_A,Data_14934_B
Data_14935_A,Data_14935_B
Data_14936_A,Data_14936_B
Data_14937_A,Data_14937_B
Data_14938_A,Data_14938_B
Data_14939_A,Data_14939_B
Data_14940_A,Data_14940_B
Data_14941_A,Data_14941_B
Data_14942_A,Data_14942_B
Data_14943_A,Data_14943_B
Data_14944_A,Data_14944_B
Data_14945_A,Data_14945_B
Data_14946_A,Data_14946_B
Data_14947_A,Data_14947_B
Data_14948_A,Data_14948_B
Data_14949_A,Data_14949_B
Data_14950_A,Data_14950_B
Data_14951_A,Data_14951_B
Data_14952_A,Data_14952_B
Data_14953_A,Data_14953_B
Data_14954_A,Data_14954_B
Data_14955_A,Data_14955_B
Data_14956_A,Data_14956_B
Data_14957_A,Data_14957_B
Data_14958_A,Data_14958_B
Data_14959_A,Data_14959_B
Data_14960_A,Data_14960_B
Data_14961_A,Data_14961_B
Data_14962_A,Data_14962_B
Data_14963_A,Data_14963_B
Data_14964_A,Data_14964_B
Data_14965_A,Data_14965_B
Data_14966_A,Data_14966_B
Data_14967_A,Data_14967_B
Data_14968_A,Data_14968_B
Data_14969_A,Data_14969_B
Data_14970_A,Data_14970_B
Data_14971_A,Data_14971_B
Data_14972_A,Data_14972_B
Data_14973_A,Data_14973_B
Data_14974_A,Data_14974_B
Data_14975_A,Data_14975_B
Data_14976_A,Data_14976_B
Data_14977_A,Data_14977_B
Data_14978_A,Data_14978_B
Data_14979_A,Data_14979_B
Data_14980_A,Data_14980_B
Data_14981_A,Data_14981_B
Data_14982_A,Data_14982_B
Data_14983_A,Data_14983_B
Data_14984_A,Data_14984_B
Data_14985_A,Data_14985_B
Data_14986_A,Data_14986_B
Data_14987_A,Data_14987_B
Data_14988_A,Data_14988_B
Data_14989_A,Data_14989_B
Data_14990_A,Data_14990_B
Data_14991_A,Data_14991_B
Data_14992_A,Data_14992_B
Data_14993_A,Data_14993_B
Data_14994_A,Data_14994_B
Data_14995_A,Data_14995_B
Data_14996_A,Data_14996_B
Data_14997_A,Data_14997_B
Data_14998_A,Data_14998_B
Data_14999_A,Data_14999_B
Data_15000_A,Data_15000_B
Data_15001_A,Data_15001_B
Data_15002_A,Data_15002_B
Data_15003_A,Data_15003_B
Data_15004_A,Data_15004_B
Data_15005_A,Data_15005_B
Data_15006_A,Data_15006_B
Data_15007_A,Data_15007_B
Data_15008_A,Data_15008_B
Data_15009_A,Data_15009_B
Data_15010_A,Data_15010_B
Data_15011_A,Data_15011_B
Data_15012_A,Data_15012_B
Data_15013_A,Data_15013_B
Data_15014_A,Data_15014_B
Data_15015_A,Data_15015_B
Data_15016_A,Data_15016_B
Data_15017_A,Data_15017_B
Data_15018_A,Data_15018_B
Data_15019_A,Data_15019_B
Data_15020_A,Data_15020_B
Data_15021_A,Data_15021_B
Data_15022_A,Data_15022_B
Data_15023_A,Data_15023_B
Data_15024_A,Data_15024_B
Data_15025_A,Data_15025_B
Data_15026_A,Data_15026_B
Data_15027_A,Data_15027_B
Data_15028_A,Data_15028_B
Data_15029_A,Data_15029_B
Data_15030_A,Data_15030_B
Data_15031_A,Data_15031_B
Data_15032_A,Data_15032_B
Data_15033_A,Data_15033_B
Data_15034_A,Data_15034_B
Data_15035_A,Data_15035_B
Data_15036_A,Data_15036_B
Data_15037_A,Data_15037_B
Data_15038_A,Data_15038_B
Data_15039_A,Data_15039_B
Data_15040_A,Data_15040_B
Data_15041_A,Data_15041_B
Data_15042_A,Data_15042_B
Data_15043_A,Data_15043_B
Data_15044_A,Data_15044_B
Data_15045_A,Data_15045_B
Data_15046_A,Data_15046_B
Data_15047_A,Data_15047_B
Data_15048_A,Data_15048_B
Data_15049_A,Data_15049_B
Data_15050_A,Data_15050_B
Data_15051_A,Data_15051_B
Data_15052_A,Data_15052_B
Data_15053_A,Data_15053_B
Data_15054_A,Data_15054_B
Data_15055_A,Data_15055_B
Data_15056_A,Data_15056_B
Data_15057_A,Data_15057_B
Data_15058_A,Data_15058_B
Data_15059_A,Data_15059_B
Data_15060_A,Data_15060_B
Data_15061_A,Data_15061_B
Data_15062_A,Data_15062_B
Data_15063_A,Data_15063_B
Data_15064_A,Data_15064_B
Data_15065_A,Data_15065_B
Data_15066_A,Data_15066_B
Data_15067_A,Data_15067_B
Data_15068_A,Data_15068_B
Data_15069_A,Data_15069_B
Data_15070_A,Data_15070_B
Data_15071_A,Data_15071_B
Data_15072_A,Data_15072_B
Data_15073_A,Data_15073_B
Data_15074_A,Data_15074_B
Data_15075_A,Data_15075_B
Data_15076_A,Data_15076_B
Data_15077_A,Data_15077_B
Data_15078_A,Data_15078_B
Data_15079_A,Data_15079_B
Data_15080_A,Data_15080_B
Data_15081_A,Data_15081_B
Data_15082_A,Data_15082_B
Data_15083_A,Data_15083_B
Data_15084_A,Data_15084_B
Data_15085_A,Data_15085_B
Data_15086_A,Data_15086_B
Data_15087_A,Data_15087_B
Data_15088_A,Data_15088_B
Data_15089_A,Data_15089_B
Data_15090_A,Data_15090_B
Data_15091_A,Data_15091_B
Data_15092_A,Data_15092_B
Data_15093_A,Data_15093_B
Data_15094_A,Data_15094_B
Data_15095_A,Data_15095_B
Data_15096_A,Data_15096_B
Data_15097_A,Data_15097_B
Data_15098_A,Data_15098_B
Data_15099_A,Data_15099_B
Data_15100_A,Data_15100_B
Data_15101_A,Data_15101_B
Data_15102_A,Data_15102_B
Data_15103_A,Data_15103_B
Data_15104_A,Data_15104_B
Data_15105_A,Data_15105_B
Data_15106_A,Data_15106_B
Data_15107_A,Data_15107_B
Data_15108_A,Data_15108_B
Data_15109_A,Data_15109_B
Data_15110_A,Data_15110_B
Data_15111_A,Data_15111_B
Data_15112_A,Data_15112_B
Data_15113_A,Data_15113_B
Data_15114_A,Data_15114_B
Data_15115_A,Data_15115_B
Data_15116_A,Data_15116_B
Data_15117_A,Data_15117_B
Data_15118_A,Data_15118_B
Data_15119_A,Data_15119_B
Data_15120_A,Data_15120_B
Data_15121_A,Data_15121_B
Data_15122_A,Data_15122_B
Data_15123_A,Data_15123_B
Data_15124_A,Data_15124_B
Data_15125_A,Data_15125_B
Data_15126_A,Data_15126_B
Data_15127_A,Data_15127_B
Data_15128_A,Data_15128_B
Data_15129_A,Data_15129_B
Data_15130_A,Data_15130_B
Data_15131_A,Data_15131_B
Data_15132_A,Data_15132_B
Data_15133_A,Data_15133_B
Data_15134_A,Data_15134_B
Data_15135_A,Data_15135_B
Data_15136_A,Data_15136_B
Data_15137_A,Data_15137_B
Data_15138_A,Data_15138_B
Data_15139_A,Data_15139_B
Data_15140_A,Data_15140_B
Data_15141_A,Data_15141_B
Data_15142_A,Data_15142_B
Data_15143_A,Data_15143_B
Data_15144_A,Data_15144_B
Data_15145_A,Data_15145_B
Data_15146_A,Data_15146_B
Data_15147_A,Data_15147_B
Data_15148_A,Data_15148_B
Data_15149_A,Data_15149_B
Data_15150_A,Data_15150_B
Data_15151_A,Data_15151_B
Data_15152_A,Data_15152_B
Data_15153_A,Data_15153_B
Data_15154_A,Data_15154_B
Data_15155_A,Data_15155_B
Data_15156_A,Data_15156_B
Data_15157_A,Data_15157_B
Data_15158_A,Data_15158_B
Data_15159_A,Data_15159_B
Data_15160_A,Data_15160_B
Data_15161_A,Data_15161_B
Data_15162_A,Data_15162_B
Data_15163_A,Data_15163_B
Data_15164_A,Data_15164_B
Data_15165_A,Data_15165_B
Data_15166_A,Data_15166_B
Data_15167_A,Data_15167_B
Data_15168_A,Data_15168_B
Data_15169_A,Data_15169_B
Data_15170_A,Data_15170_B
Data_15171_A,Data_15171_B
Data_15172_A,Data_15172_B
Data_15173_A,Data_15173_B
Data_15174_A,Data_15174_B
Data_15175_A,Data_15175_B
Data_15176_A,Data_15176_B
Data_15177_A,Data_15177_B
Data_15178_A,Data_15178_B
Data_15179_A,Data_15179_B
Data_15180_A,Data_15180_B
Data_15181_A,Data_15181_B
Data_15182_A,Data_15182_B
Data_15183_A,Data_15183_B
Data_15184_A,Data_15184_B
Data_15185_A,Data_15185_B
Data_15186_A,Data_15186_B
Data_15187_A,Data_15187_B
Data_15188_A,Data_15188_B
Data_15189_A,Data_15189_B
Data_15190_A,Data_15190_B
Data_15191_A,Data_15191_B
Data_15192_A,Data_15192_B
Data_15193_A,Data_15193_B
Data_15194_A,Data_15194_B
Data_15195_A,Data_15195_B
Data_15196_A,Data_15196_B
Data_15197_A,Data_15197_B
Data_15198_A,Data_15198_B
Data_15199_A,Data_15199_B
Data_15200_A,Data_15200_B
Data_15201_A,Data_15201_B
Data_15202_A,Data_15202_B
Data_15203_A,Data_15203_B
Data_15204_A,Data_15204_B
Data_15205_A,Data_15205_B
Data_15206_A,Data_15206_B
Data_15207_A,Data_15207_B
Data_15208_A,Data_15208_B
Data_15209_A,Data_15209_B
Data_15210_A,Data_15210_B
Data_15211_A,Data_15211_B
Data_15212_A,Data_15212_B
Data_15213_A,Data_15213_B
Data_15214_A,Data_15214_B
Data_15215_A,Data_15215_B
Data_15216_A,Data_15216_B
Data_15217_A,Data_15217_B
Data_15218_A,Data_15218_B
Data_15219_A,Data_15219_B
Data_15220_A,Data_15220_B
Data_15221_A,Data_15221_B
Data_15222_A,Data_15222_B
Data_15223_A,Data_15223_B
Data_15224_A,Data_15224_B
Data_15225_A,Data_15225_B
Data_15226_A,Data_15226_B
Data_15227_A,Data_15227_B
Data_15228_A,Data_15228_B
Data_15229_A,Data_15229_B
Data_15230_A,Data_15230_B
Data_15231_A,Data_15231_B
Data_15232_A,Data_15232_B
Data_15233_A,Data_15233_B
Data_15234_A,Data_15234_B
Data_15235_A,Data_15235_B
Data_15236_A,Data_15236_B
Data_15237_A,Data_15237_B
Data_15238_A,Data_15238_B
Data_15239_A,Data_15239_B
Data_15240_A,Data_15240_B
Data_15241_A,Data_15241_B
Data_15242_A,Data_15242_B
Data_15243_A,Data_15243_B
Data_15244_A,Data_15244_B
Data_15245_A,Data_15245_B
Data_15246_A,Data_15246_B
Data_15247_A,Data_15247_B
Data_15248_A,Data_15248_B
Data_15249_A,Data_15249_B
Data_15250_A,Data_15250_B
Data_15251_A,Data_15251_B
Data_15252_A,Data_15252_B
Data_15253_A,Data_15253_B
Data_15254_A,Data_15254_B
Data_15255_A,Data_15255_B
Data_15256_A,Data_15256_B
Data_15257_A,Data_15257_B
Data_15258_A,Data_15258_B
Data_15259_A,Data_15259_B
Data_15260_A,Data_15260_B
Data_15261_A,Data_15261_B
Data_15262_A,Data_15262_B
Data_15263_A,Data_15263_B
Data_15264_A,Data_15264_B
Data_15265_A,Data_15265_B
Data_15266_A,Data_15266_B
Data_15267_A,Data_15267_B
Data_15268_A,Data_15268_B
Data_15269_A,Data_15269_B
Data_15270_A,Data_15270_B
Data_15271_A,Data_15271_B
Data_15272_A,Data_15272_B
Data_15273_A,Data_15273_B
Data_15274_A,Data_15274_B
Data_15275_A,Data_15275_B
Data_15276_A,Data_15276_B
Data_15277_A,Data_15277_B
Data_15278_A,Data_15278_B
Data_15279_A,Data_15279_B
Data_15280_A,Data_15280_B
Data_15281_A,Data_15281_B
Data_15282_A,Data_15282_B
Data_15283_A,Data_15283_B
Data_15284_A,Data_15284_B
Data_15285_A,Data_15285_B
Data_15286_A,Data_15286_B
Data_15287_A,Data_15287_B
Data_15288_A,Data_15288_B
Data_15289_A,Data_15289_B
Data_15290_A,Data_15290_B
Data_15291_A,Data_15291_B
Data_15292_A,Data_15292_B
Data_15293_A,Data_15293_B
Data_15294_A,Data_15294_B
Data_15295_A,Data_15295_B
Data_15296_A,Data_15296_B
Data_15297_A,Data_15297_B
Data_15298_A,Data_15298_B
Data_15299_A,Data_15299_B
Data_15300_A,Data_15300_B
Data_15301_A,Data_15301_B
Data_15302_A,Data_15302_B
Data_15303_A,Data_15303_B
Data_15304_A,Data_15304_B
Data_15305_A,Data_15305_B
Data_15306_A,Data_15306_B
Data_15307_A,Data_15307_B
Data_15308_A,Data_15308_B
Data_15309_A,Data_15309_B
Data_15310_A,Data_15310_B
Data_15311_A,Data_15311_B
Data_15312_A,Data_15312_B
Data_15313_A,Data_15313_B
Data_15314_A,Data_15314_B
Data_15315_A,Data_15315_B
Data_15316_A,Data_15316_B
Data_15317_A,Data_15317_B
Data_15318_A,Data_15318_B
Data_15319_A,Data_15319_B
Data_15320_A,Data_15320_B
Data_15321_A,Data_15321_B
Data_15322_A,Data_15322_B
Data_15323_A,Data_15323_B
Data_15324_A,Data_15324_B
Data_15325_A,Data_15325_B
Data_15326_A,Data_15326_B
Data_15327_A,Data_15327_B
Data_15328_A,Data_15328_B
Data_15329_A,Data_15329_B
Data_15330_A,Data_15330_B
Data_15331_A,Data_15331_B
Data_15332_A,Data_15332_B
Data_15333_A,Data_15333_B
Data_15334_A,Data_15334_B
Data_15335_A,Data_15335_B
Data_15336_A,Data_15336_B
Data_15337_A,Data_15337_B
Data_15338_A,Data_15338_B
Data_15339_A,Data_15339_B
Data_15340_A,Data_15340_B
Data_15341_A,Data_15341_B
Data_15342_A,Data_15342_B
Data_15343_A,Data_15343_B
Data_15344_A,Data_15344_B
Data_15345_A,Data_15345_B
Data_15346_A,Data_15346_B
Data_15347_A,Data_15347_B
Data_15348_A,Data_15348_B
Data_15349_A,Data_15349_B
Data_15350_A,Data_15350_B
Data_15351_A,Data_15351_B
Data_15352_A,Data_15352_B
Data_15353_A,Data_15353_B
Data_15354_A,Data_15354_B
Data_15355_A,Data_15355_B
Data_15356_A,Data_15356_B
Data_15357_A,Data_15357_B
Data_15358_A,Data_15358_B
Data_15359_A,Data_15359_B
Data_15360_A,Data_15360_B
Data_15361_A,Data_15361_B
Data_15362_A,Data_15362_B
Data_15363_A,Data_15363_B
Data_15364_A,Data_15364_B
Data_15365_A,Data_15365_B
Data_15366_A,Data_15366_B
Data_15367_A,Data_15367_B
Data_15368_A,Data_15368_B
Data_15369_A,Data_15369_B
Data_15370_A,Data_15370_B
Data_15371_A,Data_15371_B
Data_15372_A,Data_15372_B
Data_15373_A,Data_15373_B
Data_15374_A,Data_15374_B
Data_15375_A,Data_15375_B
Data_15376_A,Data_15376_B
Data_15377_A,Data_15377_B
Data_15378_A,Data_15378_B
Data_15379_A,Data_15379_B
Data_15380_A,Data_15380_B
Data_15381_A,Data_15381_B
Data_15382_A,Data_15382_B
Data_15383_A,Data_15383_B
Data_15384_A,Data_15384_B
Data_15385_A,Data_15385_B
Data_15386_A,Data_15386_B
Data_15387_A,Data_15387_B
Data_15388_A,Data_15388_B
Data_15389_A,Data_15389_B
Data_15390_A,Data_15390_B
Data_15391_A,Data_15391_B
Data_15392_A,Data_15392_B
Data_15393_A,Data_15393_B
Data_15394_A,Data_15394_B
Data_15395_A,Data_15395_B
Data_15396_A,Data_15396_B
Data_15397_A,Data_15397_B
Data_15398_A,Data_15398_B
Data_15399_A,Data_15399_B
Data_15400_A,Data_15400_B
Data_15401_A,Data_15401_B
Data_15402_A,Data_15402_B
Data_15403_A,Data_15403_B
Data_15404_A,Data_15404_B
Data_15405_A,Data_15405_B
Data_15406_A,Data_15406_B
Data_15407_A,Data_15407_B
Data_15408_A,Data_15408_B
Data_15409_A,Data_15409_B
Data_15410_A,Data_15410_B
Data_15411_A,Data_15411_B
Data_15412_A,Data_15412_B
Data_15413_A,Data_15413_B
Data_15414_A,Data_15414_B
Data_15415_A,Data_15415_B
Data_15416_A,Data_15416_B
Data_15417_A,Data_15417_B
Data_15418_A,Data_15418_B
Data_15419_A,Data_15419_B
Data_15420_A,Data_15420_B
Data_15421_A,Data_15421_B
Data_15422_A,Data_15422_B
Data_15423_A,Data_15423_B
Data_15424_A,Data_15424_B
Data_15425_A,Data_15425_B
Data_15426_A,Data_15426_B
Data_15427_A,Data_15427_B
Data_15428_A,Data_15428_B
Data_15429_A,Data_15429_B
Data_15430_A,Data_15430_B
Data_15431_A,Data_15431_B
Data_15432_A,Data_15432_B
Data_15433_A,Data_15433_B
Data_15434_A,Data_15434_B
Data_15435_A,Data_15435_B
Data_15436_A,Data_15436_B
Data_15437_A,Data_15437_B
Data_15438_A,Data_15438_B
Data_15439_A,Data_15439_B
Data_15440_A,Data_15440_B
Data_15441_A,Data_15441_B
Data_15442_A,Data_15442_B
Data_15443_A,Data_15443_B
Data_15444_A,Data_15444_B
Data_15445_A,Data_15445_B
Data_15446_A,Data_15446_B
Data_15447_A,Data_15447_B
Data_15448_A,Data_15448_B
Data_15449_A,Data_15449_B
Data_15450_A,Data_15450_B
Data_15451_A,Data_15451_B
Data_15452_A,Data_15452_B
Data_15453_A,Data_15453_B
Data_15454_A,Data_15454_B
Data_15455_A,Data_15455_B
Data_15456_A,Data_15456_B
Data_15457_A,Data_15457_B
Data_15458_A,Data_15458_B
Data_15459_A,Data_15459_B
Data_15460_A,Data_15460_B
Data_15461_A,Data_15461_B
Data_15462_A,Data_15462_B
Data_15463_A,Data_15463_B
Data_15464_A,Data_15464_B
Data_15465_A,Data_15465_B
Data_15466_A,Data_15466_B
Data_15467_A,Data_15467_B
Data_15468_A,Data_15468_B
Data_15469_A,Data_15469_B
Data_15470_A,Data_15470_B
Data_15471_A,Data_15471_B
Data_15472_A,Data_15472_B
Data_15473_A,Data_15473_B
Data_15474_A,Data_15474_B
Data_15475_A,Data_15475_B
Data_15476_A,Data_15476_B
Data_15477_A,Data_15477_B
Data_15478_A,Data_15478_B
Data_15479_A,Data_15479_B
Data_15480_A,Data_15480_B
Data_15481_A,Data_15481_B
Data_15482_A,Data_15482_B
Data_15483_A,Data_15483_B
Data_15484_A,Data_15484_B
Data_15485_A,Data_15485_B
Data_15486_A,Data_15486_B
Data_15487_A,Data_15487_B
Data_15488_A,Data_15488_B
Data_15489_A,Data_15489_B
Data_15490_A,Data_15490_B
Data_15491_A,Data_15491_B
Data_15492_A,Data_15492_B
Data_15493_A,Data_15493_B
Data_15494_A,Data_15494_B
Data_15495_A,Data_15495_B
Data_15496_A,Data_15496_B
Data_15497_A,Data_15497_B
Data_15498_A,Data_15498_B
Data_15499_A,Data_15499_B
Data_15500_A,Data_15500_B
Data_15501_A,Data_15501_B
Data_15502_A,Data_15502_B
Data_15503_A,Data_15503_B
Data_15504_A,Data_15504_B
Data_15505_A,Data_15505_B
Data_15506_A,Data_15506_B
Data_15507_A,Data_15507_B
Data_15508_A,Data_15508_B
Data_15509_A,Data_15509_B
Data_15510_A,Data_15510_B
Data_15511_A,Data_15511_B
Data_15512_A,Data_15512_B
Data_15513_A,Data_15513_B
Data_15514_A,Data_15514_B
Data_15515_A,Data_15515_B
Data_15516_A,Data_15516_B
Data_15517_A,Data_15517_B
Data_15518_A,Data_15518_B
Data_15519_A,Data_15519_B
Data_15520_A,Data_15520_B
Data_15521_A,Data_15521_B
Data_15522_A,Data_15522_B
Data_15523_A,Data_15523_B
Data_15524_A,Data_15524_B
Data_15525_A,Data_15525_B
Data_15526_A,Data_15526_B
Data_15527_A,Data_15527_B
Data_15528_A,Data_15528_B
Data_15529_A,Data_15529_B
Data_15530_A,Data_15530_B
Data_15531_A,Data_15531_B
Data_15532_A,Data_15532_B
Data_15533_A,Data_15533_B
Data_15534_A,Data_15534_B
Data_15535_A,Data_15535_B
Data_15536_A,Data_15536_B
Data_15537_A,Data_15537_B
Data_15538_A,Data_15538_B
Data_15539_A,Data_15539_B
Data_15540_A,Data_15540_B
Data_15541_A,Data_15541_B
Data_15542_A,Data_15542_B
Data_15543_A,Data_15543_B
Data_15544_A,Data_15544_B
Data_15545_A,Data_15545_B
Data_15546_A,Data_15546_B
Data_15547_A,Data_15547_B
Data_15548_A,Data_15548_B
Data_15549_A,Data_15549_B
Data_15550_A,Data_15550_B
Data_15551_A,Data_15551_B
Data_15552_A,Data_15552_B
Data_15553_A,Data_15553_B
Data_15554_A,Data_15554_B
Data_15555_A,Data_15555_B
Data_15556_A,Data_15556_B
Data_15557_A,Data_15557_B
Data_15558_A,Data_15558_B
Data_15559_A,Data_15559_B
Data_15560_A,Data_15560_B
Data_15561_A,Data_15561_B
Data_15562_A,Data_15562_B
Data_15563_A,Data_15563_B
Data_15564_A,Data_15564_B
Data_15565_A,Data_15565_B
Data_15566_A,Data_15566_B
Data_15567_A,Data_15567_B
Data_15568_A,Data_15568_B
Data_15569_A,Data_15569_B
Data_15570_A,Data_15570_B
Data_15571_A,Data_15571_B
Data_15572_A,Data_15572_B
Data_15573_A,Data_15573_B
Data_15574_A,Data_15574_B
Data_15575_A,Data_15575_B
Data_15576_A,Data_15576_B
Data_15577_A,Data_15577_B
Data_15578_A,Data_15578_B
Data_15579_A,Data_15579_B
Data_15580_A,Data_15580_B
Data_15581_A,Data_15581_B
Data_15582_A,Data_15582_B
Data_15583_A,Data_15583_B
Data_15584_A,Data_15584_B
Data_15585_A,Data_15585_B
Data_15586_A,Data_15586_B
Data_15587_A,Data_15587_B
Data_15588_A,Data_15588_B
Data_15589_A,Data_15589_B
Data_15590_A,Data_15590_B
Data_15591_A,Data_15591_B
Data_15592_A,Data_15592_B
Data_15593_A,Data_15593_B
Data_15594_A,Data_15594_B
Data_15595_A,Data_15595_B
Data_15596_A,Data_15596_B
Data_15597_A,Data_15597_B
Data_15598_A,Data_15598_B
Data_15599_A,Data_15599_B
Data_15600_A,Data_15600_B
Data_15601_A,Data_15601_B
Data_15602_A,Data_15602_B
Data_15603_A,Data_15603_B
Data_15604_A,Data_15604_B
Data_15605_A,Data_15605_B
Data_15606_A,Data_15606_B
Data_15607_A,Data_15607_B
Data_15608_A,Data_15608_B
Data_15609_A,Data_15609_B
Data_15610_A,Data_15610_B
Data_15611_A,Data_15611_B
Data_15612_A,Data_15612_B
Data_15613_A,Data_15613_B
Data_15614_A,Data_15614_B
Data_15615_A,Data_15615_B
Data_15616_A,Data_15616_B
Data_15617_A,Data_15617_B
Data_15618_A,Data_15618_B
Data_15619_A,Data_15619_B
Data_15620_A,Data_15620_B
Data_15621_A,Data_15621_B
Data_15622_A,Data_15622_B
Data_15623_A,Data_15623_B
Data_15624_A,Data_15624_B
Data_15625_A,Data_15625_B
Data_15626_A,Data_15626_B
Data_15627_A,Data_15627_B
Data_15628_A,Data_15628_B
Data_15629_A,Data_15629_B
Data_15630_A,Data_15630_B
Data_15631_A,Data_15631_B
Data_15632_A,Data_15632_B
Data_15633_A,Data_15633_B
Data_15634_A,Data_15634_B
Data_15635_A,Data_15635_B
Data_15636_A,Data_15636_B
Data_15637_A,Data_15637_B
Data_15638_A,Data_15638_B
Data_15639_A,Data_15639_B
Data_15640_A,Data_15640_B
Data_15641_A,Data_15641_B
Data_15642_A,Data_15642_B
Data_15643_A,Data_15643_B
Data_15644_A,Data_15644_B
Data_15645_A,Data_15645_B
Data_15646_A,Data_15646_B
Data_15647_A,Data_15647_B
Data_15648_A,Data_15648_B
Data_15649_A,Data_15649_B
Data_15650_A,Data_15650_B
Data_15651_A,Data_15651_B
Data_15652_A,Data_15652_B
Data_15653_A,Data_15653_B
Data_15654_A,Data_15654_B
Data_15655_A,Data_15655_B
Data_15656_A,Data_15656_B
Data_15657_A,Data_15657_B
Data_15658_A,Data_15658_B
Data_15659_A,Data_15659_B
Data_15660_A,Data_15660_B
Data_15661_A,Data_15661_B
Data_15662_A,Data_15662_B
Data_15663_A,Data_15663_B
Data_15664_A,Data_15664_B
Data_15665_A,Data_15665_B
Data_15666_A,Data_15666_B
Data_15667_A,Data_15667_B
Data_15668_A,Data_15668_B
Data_15669_A,Data_15669_B
Data_15670_A,Data_15670_B
Data_15671_A,Data_15671_B
Data_15672_A,Data_15672_B
Data_15673_A,Data_15673_B
Data_15674_A,Data_15674_B
Data_15675_A,Data_15675_B
Data_15676_A,Data_15676_B
Data_15677_A,Data_15677_B
Data_15678_A,Data_15678_B
Data_15679_A,Data_15679_B
Data_15680_A,Data_15680_B
Data_15681_A,Data_15681_B
Data_15682_A,Data_15682_B
Data_15683_A,Data_15683_B
Data_15684_A,Data_15684_B
Data_15685_A,Data_15685_B
Data_15686_A,Data_15686_B
Data_15687_A,Data_15687_B
Data_15688_A,Data_15688_B
Data_15689_A,Data_15689_B
Data_15690_A,Data_15690_B
Data_15691_A,Data_15691_B
Data_15692_A,Data_15692_B
Data_15693_A,Data_15693_B
Data_15694_A,Data_15694_B
Data_15695_A,Data_15695_B
Data_15696_A,Data_15696_B
Data_15697_A,Data_15697_B
Data_15698_A,Data_15698_B
Data_15699_A,Data_15699_B
Data_15700_A,Data_15700_B
Data_15701_A,Data_15701_B
Data_15702_A,Data_15702_B
Data_15703_A,Data_15703_B
Data_15704_A,Data_15704_B
Data_15705_A,Data_15705_B
Data_15706_A,Data_15706_B
Data_15707_A,Data_15707_B
Data_15708_A,Data_15708_B
Data_15709_A,Data_15709_B
Data_15710_A,Data_15710_B
Data_15711_A,Data_15711_B
Data_15712_A,Data_15712_B
Data_15713_A,Data_15713_B
Data_15714_A,Data_15714_B
Data_15715_A,Data_15715_B
Data_15716_A,Data_15716_B
Data_15717_A,Data_15717_B
Data_15718_A,Data_15718_B
Data_15719_A,Data_15719_B
Data_15720_A,Data_15720_B
Data_15721_A,Data_15721_B
Data_15722_A,Data_15722_B
Data_15723_A,Data_15723_B
Data_15724_A,Data_15724_B
Data_15725_A,Data_15725_B
Data_15726_A,Data_15726_B
Data_15727_A,Data_15727_B
Data_15728_A,Data_15728_B
Data_15729_A,Data_15729_B
Data_15730_A,Data_15730_B
Data_15731_A,Data_15731_B
Data_15732_A,Data_15732_B
Data_15733_A,Data_15733_B
Data_15734_A,Data_15734_B
Data_15735_A,Data_15735_B
Data_15736_A,Data_15736_B
Data_15737_A,Data_15737_B
Data_15738_A,Data_15738_B
Data_15739_A,Data_15739_B
Data_15740_A,Data_15740_B
Data_15741_A,Data_15741_B
Data_15742_A,Data_15742_B
Data_15743_A,Data_15743_B
Data_15744_A,Data_15744_B
Data_15745_A,Data_15745_B
Data_15746_A,Data_15746_B
Data_15747_A,Data_15747_B
Data_15748_A,Data_15748_B
Data_15749_A,Data_15749_B
Data_15750_A,Data_15750_B
Data_15751_A,Data_15751_B
Data_15752_A,Data_15752_B
Data_15753_A,Data_15753_B
Data_15754_A,Data_15754_B
Data_15755_A,Data_15755_B
Data_15756_A,Data_15756_B
Data_15757_A,Data_15757_B
Data_15758_A,Data_15758_B
Data_15759_A,Data_15759_B
Data_15760_A,Data_15760_B
Data_15761_A,Data_15761_B
Data_15762_A,Data_15762_B
Data_15763_A,Data_15763_B
Data_15764_A,Data_15764_B
Data_15765_A,Data_15765_B
Data_15766_A,Data_15766_B
Data_15767_A,Data_15767_B
Data_15768_A,Data_15768_B
Data_15769_A,Data_15769_B
Data_15770_A,Data_15770_B
Data_15771_A,Data_15771_B
Data_15772_A,Data_15772_B
Data_15773_A,Data_15773_B
Data_15774_A,Data_15774_B
Data_15775_A,Data_15775_B
Data_15776_A,Data_15776_B
Data_15777_A,Data_15777_B
Data_15778_A,Data_15778_B
Data_15779_A,Data_15779_B
Data_15780_A,Data_15780_B
Data_15781_A,Data_15781_B
Data_15782_A,Data_15782_B
Data_15783_A,Data_15783_B
Data_15784_A,Data_15784_B
Data_15785_A,Data_15785_B
Data_15786_A,Data_15786_B
Data_15787_A,Data_15787_B
Data_15788_A,Data_15788_B
Data_15789_A,Data_15789_B
Data_15790_A,Data_15790_B
Data_15791_A,Data_15791_B
Data_15792_A,Data_15792_B
Data_15793_A,Data_15793_B
Data_15794_A,Data_15794_B
Data_15795_A,Data_15795_B
Data_15796_A,Data_15796_B
Data_15797_A,Data_15797_B
Data_15798_A,Data_15798_B
Data_15799_A,Data_15799_B
Data_15800_A,Data_15800_B
Data_15801_A,Data_15801_B
Data_15802_A,Data_15802_B
Data_15803_A,Data_15803_B
Data_15804_A,Data_15804_B
Data_15805_A,Data_15805_B
Data_15806_A,Data_15806_B
Data_15807_A,Data_15807_B
Data_15808_A,Data_15808_B
Data_15809_A,Data_15809_B
Data_15810_A,Data_15810_B
Data_15811_A,Data_15811_B
Data_15812_A,Data_15812_B
Data_15813_A,Data_15813_B
Data_15814_A,Data_15814_B
Data_15815_A,Data_15815_B
Data_15816_A,Data_15816_B
Data_15817_A,Data_15817_B
Data_15818_A,Data_15818_B
Data_15819_A,Data_15819_B
Data_15820_A,Data_15820_B
Data_15821_A,Data_15821_B
Data_15822_A,Data_15822_B
Data_15823_A,Data_15823_B
Data_15824_A,Data_15824_B
Data_15825_A,Data_15825_B
Data_15826_A,Data_15826_B
Data_15827_A,Data_15827_B
Data_15828_A,Data_15828_B
Data_15829_A,Data_15829_B
Data_15830_A,Data_15830_B
Data_15831_A,Data_15831_B
Data_15832_A,Data_15832_B
Data_15833_A,Data_15833_B
Data_15834_A,Data_15834_B
Data_15835_A,Data_15835_B
Data_15836_A,Data_15836_B
Data_15837_A,Data_15837_B
Data_15838_A,Data_15838_B
Data_15839_A,Data_15839_B
Data_15840_A,Data_15840_B
Data_15841_A,Data_15841_B
Data_15842_A,Data_15842_B
Data_15843_A,Data_15843_B
Data_15844_A,Data_15844_B
Data_15845_A,Data_15845_B
Data_15846_A,Data_15846_B
Data_15847_A,Data_15847_B
Data_15848_A,Data_15848_B
Data_15849_A,Data_15849_B
Data_15850_A,Data_15850_B
Data_15851_A,Data_15851_B
Data_15852_A,Data_15852_B
Data_15853_A,Data_15853_B
Data_15854_A,Data_15854_B
Data_15855_A,Data_15855_B
Data_15856_A,Data_15856_B
Data_15857_A,Data_15857_B
Data_15858_A,Data_15858_B
Data_15859_A,Data_15859_B
Data_15860_A,Data_15860_B
Data_15861_A,Data_15861_B
Data_15862_A,Data_15862_B
Data_15863_A,Data_15863_B
Data_15864_A,Data_15864_B
Data_15865_A,Data_15865_B
Data_15866_A,Data_15866_B
Data_15867_A,Data_15867_B
Data_15868_A,Data_15868_B
Data_15869_A,Data_15869_B
Data_15870_A,Data_15870_B
Data_15871_A,Data_15871_B
Data_15872_A,Data_15872_B
Data_15873_A,Data_15873_B
Data_15874_A,Data_15874_B
Data_15875_A,Data_15875_B
Data_15876_A,Data_15876_B
Data_15877_A,Data_15877_B
Data_15878_A,Data_15878_B
Data_15879_A,Data_15879_B
Data_15880_A,Data_15880_B
Data_15881_A,Data_15881_B
Data_15882_A,Data_15882_B
Data_15883_A,Data_15883_B
Data_15884_A,Data_15884_B
Data_15885_A,Data_15885_B
Data_15886_A,Data_15886_B
Data_15887_A,Data_15887_B
Data_15888_A,Data_15888_B
Data_15889_A,Data_15889_B
Data_15890_A,Data_15890_B
Data_15891_A,Data_15891_B
Data_15892_A,Data_15892_B
Data_15893_A,Data_15893_B
Data_15894_A,Data_15894_B
Data_15895_A,Data_15895_B
Data_15896_A,Data_15896_B
Data_15897_A,Data_15897_B
Data_15898_A,Data_15898_B
Data_15899_A,Data_15899_B
Data_15900_A,Data_15900_B
Data_15901_A,Data_15901_B
Data_15902_A,Data_15902_B
Data_15903_A,Data_15903_B
Data_15904_A,Data_15904_B
Data_15905_A,Data_15905_B
Data_15906_A,Data_15906_B
Data_15907_A,Data_15907_B
Data_15908_A,Data_15908_B
Data_15909_A,Data_15909_B
Data_15910_A,Data_15910_B
Data_15911_A,Data_15911_B
Data_15912_A,Data_15912_B
Data_15913_A,Data_15913_B
Data_15914_A,Data_15914_B
Data_15915_A,Data_15915_B
Data_15916_A,Data_15916_B
Data_15917_A,Data_15917_B
Data_15918_A,Data_15918_B
Data_15919_A,Data_15919_B
Data_15920_A,Data_15920_B
Data_15921_A,Data_15921_B
Data_15922_A,Data_15922_B
Data_15923_A,Data_15923_B
Data_15924_A,Data_15924_B
Data_15925_A,Data_15925_B
Data_15926_A,Data_15926_B
Data_15927_A,Data_15927_B
Data_15928_A,Data_15928_B
Data_15929_A,Data_15929_B
Data_15930_A,Data_15930_B
Data_15931_A,Data_15931_B
Data_15932_A,Data_15932_B
Data_15933_A,Data_15933_B
Data_15934_A,Data_15934_B
Data_15935_A,Data_15935_B
Data_15936_A,Data_15936_B
Data_15937_A,Data_15937_B
Data_15938_A,Data_15938_B
Data_15939_A,Data_15939_B
Data_15940_A,Data_15940_B
Data_15941_A,Data_15941_B
Data_15942_A,Data_15942_B
Data_15943_A,Data_15943_B
Data_15944_A,Data_15944_B
Data_15945_A,Data_15945_B
Data_15946_A,Data_15946_B
Data_15947_A,Data_15947_B
Data_15948_A,Data_15948_B
Data_15949_A,Data_15949_B
Data_15950_A,Data_15950_B
Data_15951_A,Data_15951_B
Data_15952_A,Data_15952_B
Data_15953_A,Data_15953_B
Data_15954_A,Data_15954_B
Data_15955_A,Data_15955_B
Data_15956_A,Data_15956_B
Data_15957_A,Data_15957_B
Data_15958_A,Data_15958_B
Data_15959_A,Data_15959_B
Data_15960_A,Data_15960_B
Data_15961_A,Data_15961_B
Data_15962_A,Data_15962_B
Data_15963_A,Data_15963_B
Data_15964_A,Data_15964_B
Data_15965_A,Data_15965_B
Data_15966_A,Data_15966_B
Data_15967_A,Data_15967_B
Data_15968_A,Data_15968_B
Data_15969_A,Data_15969_B
Data_15970_A,Data_15970_B
Data_15971_A,Data_15971_B
Data_15972_A,Data_15972_B
Data_15973_A,Data_15973_B
Data_15974_A,Data_15974_B
Data_15975_A,Data_15975_B
Data_15976_A,Data_15976_B
Data_15977_A,Data_15977_B
Data_15978_A,Data_15978_B
Data_15979_A,Data_15979_B
Data_15980_A,Data_15980_B
Data_15981_A,Data_15981_B
Data_15982_A,Data_15982_B
Data_15983_A,Data_15983_B
Data_15984_A,Data_15984_B
Data_15985_A,Data_15985_B
Data_15986_A,Data_15986_B
Data_15987_A,Data_15987_B
Data_15988_A,Data_15988_B
Data_15989_A,Data_15989_B
Data_15990_A,Data_15990_B
Data_15991_A,Data_15991_B
Data_15992_A,Data_15992_B
Data_15993_A,Data_15993_B
Data_15994_A,Data_15994_B
Data_15995_A,Data_15995_B
Data_15996_A,Data_15996_B
Data_15997_A,Data_15997_B
Data_15998_A,Data_15998_B
Data_15999_A,Data_15999_B
Data_16000_A,Data_16000_B
Data_16001_A,Data_16001_B
Data_16002_A,Data_16002_B
Data_16003_A,Data_16003_B
Data_16004_A,Data_16004_B
Data_16005_A,Data_16005_B
Data_16006_A,Data_16006_B
Data_16007_A,Data_16007_B
Data_16008_A,Data_16008_B
Data_16009_A,Data_16009_B
Data_16010_A,Data_16010_B
Data_16011_A,Data_16011_B
Data_16012_A,Data_16012_B
Data_16013_A,Data_16013_B
Data_16014_A,Data_16014_B
Data_16015_A,Data_16015_B
Data_16016_A,Data_16016_B
Data_16017_A,Data_16017_B
Data_16018_A,Data_16018_B
Data_16019_A,Data_16019_B
Data_16020_A,Data_16020_B
Data_16021_A,Data_16021_B
Data_16022_A,Data_16022_B
Data_16023_A,Data_16023_B
Data_16024_A,Data_16024_B
Data_16025_A,Data_16025_B
Data_16026_A,Data_16026_B
Data_16027_A,Data_16027_B
Data_16028_A,Data_16028_B
Data_16029_A,Data_16029_B
Data_16030_A,Data_16030_B
Data_16031_A,Data_16031_B
Data_16032_A,Data_16032_B
Data_16033_A,Data_16033_B
Data_16034_A,Data_16034_B
Data_16035_A,Data_16035_B
Data_16036_A,Data_16036_B
Data_16037_A,Data_16037_B
Data_16038_A,Data_16038_B
Data_16039_A,Data_16039_B
Data_16040_A,Data_16040_B
Data_16041_A,Data_16041_B
Data_16042_A,Data_16042_B
Data_16043_A,Data_16043_B
Data_16044_A,Data_16044_B
Data_16045_A,Data_16045_B
Data_16046_A,Data_16046_B
Data_16047_A,Data_16047_B
Data_16048_A,Data_16048_B
Data_16049_A,Data_16049_B
Data_16050_A,Data_16050_B
Data_16051_A,Data_16051_B
Data_16052_A,Data_16052_B
Data_16053_A,Data_16053_B
Data_16054_A,Data_16054_B
Data_16055_A,Data_16055_B
Data_16056_A,Data_16056_B
Data_16057_A,Data_16057_B
Data_16058_A,Data_16058_B
Data_16059_A,Data_16059_B
Data_16060_A,Data_16060_B
Data_16061_A,Data_16061_B
Data_16062_A,Data_16062_B
Data_16063_A,Data_16063_B
Data_16064_A,Data_16064_B
Data_16065_A,Data_16065_B
Data_16066_A,Data_16066_B
Data_16067_A,Data_16067_B
Data_16068_A,Data_16068_B
Data_16069_A,Data_16069_B
Data_16070_A,Data_16070_B
Data_16071_A,Data_16071_B
Data_16072_A,Data_16072_B
Data_16073_A,Data_16073_B
Data_16074_A,Data_16074_B
Data_16075_A,Data_16075_B
Data_16076_A,Data_16076_B
Data_16077_A,Data_16077_B
Data_16078_A,Data_16078_B
Data_16079_A,Data_16079_B
Data_16080_A,Data_16080_B
Data_16081_A,Data_16081_B
Data_16082_A,Data_16082_B
Data_16083_A,Data_16083_B
Data_16084_A,Data_16084_B
Data_16085_A,Data_16085_B
Data_16086_A,Data_16086_B
Data_16087_A,Data_16087_B
Data_16088_A,Data_16088_B
Data_16089_A,Data_16089_B
Data_16090_A,Data_16090_B
Data_16091_A,Data_16091_B
Data_16092_A,Data_16092_B
Data_16093_A,Data_16093_B
Data_16094_A,Data_16094_B
Data_16095_A,Data_16095_B
Data_16096_A,Data_16096_B
Data_16097_A,Data_16097_B
Data_16098_A,Data_16098_B
Data_16099_A,Data_16099_B
Data_16100_A,Data_16100_B
Data_16101_A,Data_16101_B
Data_16102_A,Data_16102_B
Data_16103_A,Data_16103_B
Data_16104_A,Data_16104_B
Data_16105_A,Data_16105_B
Data_16106_A,Data_16106_B
Data_16107_A,Data_16107_B
Data_16108_A,Data_16108_B
Data_16109_A,Data_16109_B
Data_16110_A,Data_16110_B
Data_16111_A,Data_16111_B
Data_16112_A,Data_16112_B
Data_16113_A,Data_16113_B
Data_16114_A,Data_16114_B
Data_16115_A,Data_16115_B
Data_16116_A,Data_16116_B
Data_16117_A,Data_16117_B
Data_16118_A,Data_16118_B
Data_16119_A,Data_16119_B
Data_16120_A,Data_16120_B
Data_16121_A,Data_16121_B
Data_16122_A,Data_16122_B
Data_16123_A,Data_16123_B
Data_16124_A,Data_16124_B
Data_16125_A,Data_16125_B
Data_16126_A,Data_16126_B
Data_16127_A,Data_16127_B
Data_16128_A,Data_16128_B
Data_16129_A,Data_16129_B
Data_16130_A,Data_16130_B
Data_16131_A,Data_16131_B
Data_16132_A,Data_16132_B
Data_16133_A,Data_16133_B
Data_16134_A,Data_16134_B
Data_16135_A,Data_16135_B
Data_16136_A,Data_16136_B
Data_16137_A,Data_16137_B
Data_16138_A,Data_16138_B
Data_16139_A,Data_16139_B
Data_16140_A,Data_16140_B
Data_16141_A,Data_16141_B
Data_16142_A,Data_16142_B
Data_16143_A,Data_16143_B
Data_16144_A,Data_16144_B
Data_16145_A,Data_16145_B
Data_16146_A,Data_16146_B
Data_16147_A,Data_16147_B
Data_16148_A,Data_16148_B
Data_16149_A,Data_16149_B
Data_16150_A,Data_16150_B
Data_16151_A,Data_16151_B
Data_16152_A,Data_16152_B
Data_16153_A,Data_16153_B
Data_16154_A,Data_16154_B
Data_16155_A,Data_16155_B
Data_16156_A,Data_16156_B
Data_16157_A,Data_16157_B
Data_16158_A,Data_16158_B
Data_16159_A,Data_16159_B
Data_16160_A,Data_16160_B
Data_16161_A,Data_16161_B
Data_16162_A,Data_16162_B
Data_16163_A,Data_16163_B
Data_16164_A,Data_16164_B
Data_16165_A,Data_16165_B
Data_16166_A,Data_16166_B
Data_16167_A,Data_16167_B
Data_16168_A,Data_16168_B
Data_16169_A,Data_16169_B
Data_16170_A,Data_16170_B
Data_16171_A,Data_16171_B
Data_16172_A,Data_16172_B
Data_16173_A,Data_16173_B
Data_16174_A,Data_16174_B
Data_16175_A,Data_16175_B
Data_16176_A,Data_16176_B
Data_16177_A,Data_16177_B
Data_16178_A,Data_16178_B
Data_16179_A,Data_16179_B
Data_16180_A,Data_16180_B
Data_16181_A,Data_16181_B
Data_16182_A,Data_16182_B
Data_16183_A,Data_16183_B
Data_16184_A,Data_16184_B
Data_16185_A,Data_16185_B
Data_16186_A,Data_16186_B
Data_16187_A,Data_16187_B
Data_16188_A,Data_16188_B
Data_16189_A,Data_16189_B
Data_16190_A,Data_16190_B
Data_16191_A,Data_16191_B
Data_16192_A,Data_16192_B
Data_16193_A,Data_16193_B
Data_16194_A,Data_16194_B
Data_16195_A,Data_16195_B
Data_16196_A,Data_16196_B
Data_16197_A,Data_16197_B
Data_16198_A,Data_16198_B
Data_16199_A,Data_16199_B
Data_16200_A,Data_16200_B
Data_16201_A,Data_16201_B
Data_16202_A,Data_16202_B
Data_16203_A,Data_16203_B
Data_16204_A,Data_16204_B
Data_16205_A,Data_16205_B
Data_16206_A,Data_16206_B
Data_16207_A,Data_16207_B
Data_16208_A,Data_16208_B
Data_16209_A,Data_16209_B
Data_16210_A,Data_16210_B
Data_16211_A,Data_16211_B
Data_16212_A,Data_16212_B
Data_16213_A,Data_16213_B
Data_16214_A,Data_16214_B
Data_16215_A,Data_16215_B
Data_16216_A,Data_16216_B
Data_16217_A,Data_16217_B
Data_16218_A,Data_16218_B
Data_16219_A,Data_16219_B
Data_16220_A,Data_16220_B
Data_16221_A,Data_16221_B
Data_16222_A,Data_16222_B
Data_16223_A,Data_16223_B
Data_16224_A,Data_16224_B
Data_16225_A,Data_16225_B
Data_16226_A,Data_16226_B
Data_16227_A,Data_16227_B
Data_16228_A,Data_16228_B
Data_16229_A,Data_16229_B
Data_16230_A,Data_16230_B
Data_16231_A,Data_16231_B
Data_16232_A,Data_16232_B
Data_16233_A,Data_16233_B
Data_16234_A,Data_16234_B
Data_16235_A,Data_16235_B
Data_16236_A,Data_16236_B
Data_16237_A,Data_16237_B
Data_16238_A,Data_16238_B
Data_16239_A,Data_16239_B
Data_16240_A,Data_16240_B
Data_16241_A,Data_16241_B
Data_16242_A,Data_16242_B
Data_16243_A,Data_16243_B
Data_16244_A,Data_16244_B
Data_16245_A,Data_16245_B
Data_16246_A,Data_16246_B
Data_16247_A,Data_16247_B
Data_16248_A,Data_16248_B
Data_16249_A,Data_16249_B
Data_16250_A,Data_16250_B
Data_16251_A,Data_16251_B
Data_16252_A,Data_16252_B
Data_16253_A,Data_16253_B
Data_16254_A,Data_16254_B
Data_16255_A,Data_16255_B
Data_16256_A,Data_16256_B
Data_16257_A,Data_16257_B
Data_16258_A,Data_16258_B
Data_16259_A,Data_16259_B
Data_16260_A,Data_16260_B
Data_16261_A,Data_16261_B
Data_16262_A,Data_16262_B
Data_16263_A,Data_16263_B
Data_16264_A,Data_16264_B
Data_16265_A,Data_16265_B
Data_16266_A,Data_16266_B
Data_16267_A,Data_16267_B
Data_16268_A,Data_16268_B
Data_16269_A,Data_16269_B
Data_16270_A,Data_16270_B
Data_16271_A,Data_16271_B
Data_16272_A,Data_16272_B
Data_16273_A,Data_16273_B
Data_16274_A,Data_16274_B
Data_16275_A,Data_16275_B
Data_16276_A,Data_16276_B
Data_16277_A,Data_16277_B
Data_16278_A,Data_16278_B
Data_16279_A,Data_16279_B
Data_16280_A,Data_16280_B
Data_16281_A,Data_16281_B
Data_16282_A,Data_16282_B
Data_16283_A,Data_16283_B
Data_16284_A,Data_16284_B
Data_16285_A,Data_16285_B
Data_16286_A,Data_16286_B
Data_16287_A,Data_16287_B
Data_16288_A,Data_16288_B
Data_16289_A,Data_16289_B
Data_16290_A,Data_16290_B
Data_16291_A,Data_16291_B
Data_16292_A,Data_16292_B
Data_16293_A,Data_16293_B
Data_16294_A,Data_16294_B
Data_16295_A,Data_16295_B
Data_16296_A,Data_16296_B
Data_16297_A,Data_16297_B
Data_16298_A,Data_16298_B
Data_16299_A,Data_16299_B
Data_16300_A,Data_16300_B
Data_16301_A,Data_16301_B
Data_16302_A,Data_16302_B
Data_16303_A,Data_16303_B
Data_16304_A,Data_16304_B
Data_16305_A,Data_16305_B
Data_16306_A,Data_16306_B
Data_16307_A,Data_16307_B
Data_16308_A,Data_16308_B
Data_16309_A,Data_16309_B
Data_16310_A,Data_16310_B
Data_16311_A,Data_16311_B
Data_16312_A,Data_16312_B
Data_16313_A,Data_16313_B
Data_16314_A,Data_16314_B
Data_16315_A,Data_16315_B
Data_16316_A,Data_16316_B
Data_16317_A,Data_16317_B
Data_16318_A,Data_16318_B
Data_16319_A,Data_16319_B
Data_16320_A,Data_16320_B
Data_16321_A,Data_16321_B
Data_16322_A,Data_16322_B
Data_16323_A,Data_16323_B
Data_16324_A,Data_16324_B
Data_16325_A,Data_16325_B
Data_16326_A,Data_16326_B
Data_16327_A,Data_16327_B
Data_16328_A,Data_16328_B
Data_16329_A,Data_16329_B
Data_16330_A,Data_16330_B
Data_16331_A,Data_16331_B
Data_16332_A,Data_16332_B
Data_16333_A,Data_16333_B
Data_16334_A,Data_16334_B
Data_16335_A,Data_16335_B
Data_16336_A,Data_16336_B
Data_16337_A,Data_16337_B
Data_16338_A,Data_16338_B
Data_16339_A,Data_16339_B
Data_16340_A,Data_16340_B
Data_16341_A,Data_16341_B
Data_16342_A,Data_16342_B
Data_16343_A,Data_16343_B
Data_16344_A,Data_16344_B
Data_16345_A,Data_16345_B
Data_16346_A,Data_16346_B
Data_16347_A,Data_16347_B
Data_16348_A,Data_16348_B
Data_16349_A,Data_16349_B
Data_16350_A,Data_16350_B
Data_16351_A,Data_16351_B
Data_16352_A,Data_16352_B
Data_16353_A,Data_16353_B
Data_16354_A,Data_16354_B
Data_16355_A,Data_16355_B
Data_16356_A,Data_16356_B
Data_16357_A,Data_16357_B
Data_16358_A,Data_16358_B
Data_16359_A,Data_16359_B
Data_16360_A,Data_16360_B
Data_16361_A,Data_16361_B
Data_16362_A,Data_16362_B
Data_16363_A,Data_16363_B
Data_16364_A,Data_16364_B
Data_16365_A,Data_16365_B
Data_16366_A,Data_16366_B
Data_16367_A,Data_16367_B
Data_16368_A,Data_16368_B
Data_16369_A,Data_16369_B
Data_16370_A,Data_16370_B
Data_16371_A,Data_16371_B
Data_16372_A,Data_16372_B
Data_16373_A,Data_16373_B
Data_16374_A,Data_16374_B
Data_16375_A,Data_16375_B
Data_16376_A,Data_16376_B
Data_16377_A,Data_16377_B
Data_16378_A,Data_16378_B
Data_16379_A,Data_16379_B
Data_16380_A,Data_16380_B
Data_16381_A,Data_16381_B
Data_16382_A,Data_16382_B
Data_16383_A,Data_16383_B
Data_16384_A,Data_16384_B
Data_16385_A,Data_16385_B
Data_16386_A,Data_16386_B
Data_16387_A,Data_16387_B
Data_16388_A,Data_16388_B
Data_16389_A,Data_16389_B
Data_16390_A,Data_16390_B
Data_16391_A,Data_16391_B
Data_16392_A,Data_16392_B
Data_16393_A,Data_16393_B
Data_16394_A,Data_16394_B
Data_16395_A,Data_16395_B
Data_16396_A,Data_16396_B
Data_16397_A,Data_16397_B
Data_16398_A,Data_16398_B
Data_16399_A,Data_16399_B
Data_16400_A,Data_16400_B
Data_16401_A,Data_16401_B
Data_16402_A,Data_16402_B
Data_16403_A,Data_16403_B
Data_16404_A,Data_16404_B
Data_16405_A,Data_16405_B
Data_16406_A,Data_16406_B
Data_16407_A,Data_16407_B
Data_16408_A,Data_16408_B
Data_16409_A,Data_16409_B
Data_16410_A,Data_16410_B
Data_16411_A,Data_16411_B
Data_16412_A,Data_16412_B
Data_16413_A,Data_16413_B
Data_16414_A,Data_16414_B
Data_16415_A,Data_16415_B
Data_16416_A,Data_16416_B
Data_16417_A,Data_16417_B
Data_16418_A,Data_16418_B
Data_16419_A,Data_16419_B
Data_16420_A,Data_16420_B
Data_16421_A,Data_16421_B
Data_16422_A,Data_16422_B
Data_16423_A,Data_16423_B
Data_16424_A,Data_16424_B
Data_16425_A,Data_16425_B
Data_16426_A,Data_16426_B
Data_16427_A,Data_16427_B
Data_16428_A,Data_16428_B
Data_16429_A,Data_16429_B
Data_16430_A,Data_16430_B
Data_16431_A,Data_16431_B
Data_16432_A,Data_16432_B
Data_16433_A,Data_16433_B
Data_16434_A,Data_16434_B
Data_16435_A,Data_16435_B
Data_16436_A,Data_16436_B
Data_16437_A,Data_16437_B
Data_16438_A,Data_16438_B
Data_16439_A,Data_16439_B
Data_16440_A,Data_16440_B
Data_16441_A,Data_16441_B
Data_16442_A,Data_16442_B
Data_16443_A,Data_16443_B
Data_16444_A,Data_16444_B
Data_16445_A,Data_16445_B
Data_16446_A,Data_16446_B
Data_16447_A,Data_16447_B
Data_16448_A,Data_16448_B
Data_16449_A,Data_16449_B
Data_16450_A,Data_16450_B
Data_16451_A,Data_16451_B
Data_16452_A,Data_16452_B
Data_16453_A,Data_16453_B
Data_16454_A,Data_16454_B
Data_16455_A,Data_16455_B
Data_16456_A,Data_16456_B
Data_16457_A,Data_16457_B
Data_16458_A,Data_16458_B
Data_16459_A,Data_16459_B
Data_16460_A,Data_16460_B
Data_16461_A,Data_16461_B
Data_16462_A,Data_16462_B
Data_16463_A,Data_16463_B
Data_16464_A,Data_16464_B
Data_16465_A,Data_16465_B
Data_16466_A,Data_16466_B
Data_16467_A,Data_16467_B
Data_16468_A,Data_16468_B
Data_16469_A,Data_16469_B
Data_16470_A,Data_16470_B
Data_16471_A,Data_16471_B
Data_16472_A,Data_16472_B
Data_16473_A,Data_16473_B
Data_16474_A,Data_16474_B
Data_16475_A,Data_16475_B
Data_16476_A,Data_16476_B
Data_16477_A,Data_16477_B
Data_16478_A,Data_16478_B
Data_16479_A,Data_16479_B
Data_16480_A,Data_16480_B
Data_16481_A,Data_16481_B
Data_16482_A,Data_16482_B
Data_16483_A,Data_16483_B
Data_16484_A,Data_16484_B
Data_16485_A,Data_16485_B
Data_16486_A,Data_16486_B
Data_16487_A,Data_16487_B
Data_16488_A,Data_16488_B
Data_16489_A,Data_16489_B
Data_16490_A,Data_16490_B
Data_16491_A,Data_16491_B
Data_16492_A,Data_16492_B
Data_16493_A,Data_16493_B
Data_16494_A,Data_16494_B
Data_16495_A,Data_16495_B
Data_16496_A,Data_16496_B
Data_16497_A,Data_16497_B
Data_16498_A,Data_16498_B
Data_16499_A,Data_16499_B
Data_16500_A,Data_16500_B
Data_16501_A,Data_16501_B
Data_16502_A,Data_16502_B
Data_16503_A,Data_16503_B
Data_16504_A,Data_16504_B
Data_16505_A,Data_16505_B
Data_16506_A,Data_16506_B
Data_16507_A,Data_16507_B
Data_16508_A,Data_16508_B
Data_16509_A,Data_16509_B
Data_16510_A,Data_16510_B
Data_16511_A,Data_16511_B
Data_16512_A,Data_16512_B
Data_16513_A,Data_16513_B
Data_16514_A,Data_16514_B
Data_16515_A,Data_16515_B
Data_16516_A,Data_16516_B
Data_16517_A,Data_16517_B
Data_16518_A,Data_16518_B
Data_16519_A,Data_16519_B
Data_16520_A,Data_16520_B
Data_16521_A,Data_16521_B
Data_16522_A,Data_16522_B
Data_16523_A,Data_16523_B
Data_16524_A,Data_16524_B
Data_16525_A,Data_16525_B
Data_16526_A,Data_16526_B
Data_16527_A,Data_16527_B
Data_16528_A,Data_16528_B
Data_16529_A,Data_16529_B
Data_16530_A,Data_16530_B
Data_16531_A,Data_16531_B
Data_16532_A,Data_16532_B
Data_16533_A,Data_16533_B
Data_16534_A,Data_16534_B
Data_16535_A,Data_16535_B
Data_16536_A,Data_16536_B
Data_16537_A,Data_16537_B
Data_16538_A,Data_16538_B
Data_16539_A,Data_16539_B
Data_16540_A,Data_16540_B
Data_16541_A,Data_16541_B
Data_16542_A,Data_16542_B
Data_16543_A,Data_16543_B
Data_16544_A,Data_16544_B
Data_16545_A,Data_16545_B
Data_16546_A,Data_16546_B
Data_16547_A,Data_16547_B
Data_16548_A,Data_16548_B
Data_16549_A,Data_16549_B
Data_16550_A,Data_16550_B
Data_16551_A,Data_16551_B
Data_16552_A,Data_16552_B
Data_16553_A,Data_16553_B
Data_16554_A,Data_16554_B
Data_16555_A,Data_16555_B
Data_16556_A,Data_16556_B
Data_16557_A,Data_16557_B
Data_16558_A,Data_16558_B
Data_16559_A,Data_16559_B
Data_16560_A,Data_16560_B
Data_16561_A,Data_16561_B
Data_16562_A,Data_16562_B
Data_16563_A,Data_16563_B
Data_16564_A,Data_16564_B
Data_16565_A,Data_16565_B
Data_16566_A,Data_16566_B
Data_16567_A,Data_16567_B
Data_16568_A,Data_16568_B
Data_16569_A,Data_16569_B
Data_16570_A,Data_16570_B
Data_16571_A,Data_16571_B
Data_16572_A,Data_16572_B
Data_16573_A,Data_16573_B
Data_16574_A,Data_16574_B
Data_16575_A,Data_16575_B
Data_16576_A,Data_16576_B
Data_16577_A,Data_16577_B
Data_16578_A,Data_16578_B
Data_16579_A,Data_16579_B
Data_16580_A,Data_16580_B
Data_16581_A,Data_16581_B
Data_16582_A,Data_16582_B
Data_16583_A,Data_16583_B
Data_16584_A,Data_16584_B
Data_16585_A,Data_16585_B
Data_16586_A,Data_16586_B
Data_16587_A,Data_16587_B
Data_16588_A,Data_16588_B
Data_16589_A,Data_16589_B
Data_16590_A,Data_16590_B
Data_16591_A,Data_16591_B
Data_16592_A,Data_16592_B
Data_16593_A,Data_16593_B
Data_16594_A,Data_16594_B
Data_16595_A,Data_16595_B
Data_16596_A,Data_16596_B
Data_16597_A,Data_16597_B
Data_16598_A,Data_16598_B
Data_16599_A,Data_16599_B
Data_16600_A,Data_16600_B
Data_16601_A,Data_16601_B
Data_16602_A,Data_16602_B
Data_16603_A,Data_16603_B
Data_16604_A,Data_16604_B
Data_16605_A,Data_16605_B
Data_16606_A,Data_16606_B
Data_16607_A,Data_16607_B
Data_16608_A,Data_16608_B
Data_16609_A,Data_16609_B
Data_16610_A,Data_16610_B
Data_16611_A,Data_16611_B
Data_16612_A,Data_16612_B
Data_16613_A,Data_16613_B
Data_16614_A,Data_16614_B
Data_16615_A,Data_16615_B
Data_16616_A,Data_16616_B
Data_16617_A,Data_16617_B
Data_16618_A,Data_16618_B
Data_16619_A,Data_16619_B
Data_16620_A,Data_16620_B
Data_16621_A,Data_16621_B
Data_16622_A,Data_16622_B
Data_16623_A,Data_16623_B
Data_16624_A,Data_16624_B
Data_16625_A,Data_16625_B
Data_16626_A,Data_16626_B
Data_16627_A,Data_16627_B
Data_16628_A,Data_16628_B
Data_16629_A,Data_16629_B
Data_16630_A,Data_16630_B
Data_16631_A,Data_16631_B
Data_16632_A,Data_16632_B
Data_16633_A,Data_16633_B
Data_16634_A,Data_16634_B
Data_16635_A,Data_16635_B
Data_16636_A,Data_16636_B
Data_16637_A,Data_16637_B
Data_16638_A,Data_16638_B
Data_16639_A,Data_16639_B
Data_16640_A,Data_16640_B
Data_16641_A,Data_16641_B
Data_16642_A,Data_16642_B
Data_16643_A,Data_16643_B
Data_16644_A,Data_16644_B
Data_16645_A,Data_16645_B
Data_16646_A,Data_16646_B
Data_16647_A,Data_16647_B
Data_16648_A,Data_16648_B
Data_16649_A,Data_16649_B
Data_16650_A,Data_16650_B
Data_16651_A,Data_16651_B
Data_16652_A,Data_16652_B
Data_16653_A,Data_16653_B
Data_16654_A,Data_16654_B
Data_16655_A,Data_16655_B
Data_16656_A,Data_16656_B
Data_16657_A,Data_16657_B
Data_16658_A,Data_16658_B
Data_16659_A,Data_16659_B
Data_16660_A,Data_16660_B
Data_16661_A,Data_16661_B
Data_16662_A,Data_16662_B
Data_16663_A,Data_16663_B
Data_16664_A,Data_16664_B
Data_16665_A,Data_16665_B
Data_16666_A,Data_16666_B
Data_16667_A,Data_16667_B
Data_16668_A,Data_16668_B
Data_16669_A,Data_16669_B
Data_16670_A,Data_16670_B
Data_16671_A,Data_16671_B
Data_16672_A,Data_16672_B
Data_16673_A,Data_16673_B
Data_16674_A,Data_16674_B
Data_16675_A,Data_16675_B
Data_16676_A,Data_16676_B
Data_16677_A,Data_16677_B
Data_16678_A,Data_16678_B
Data_16679_A,Data_16679_B
Data_16680_A,Data_16680_B
Data_16681_A,Data_16681_B
Data_16682_A,Data_16682_B
Data_16683_A,Data_16683_B
Data_16684_A,Data_16684_B
Data_16685_A,Data_16685_B
Data_16686_A,Data_16686_B
Data_16687_A,Data_16687_B
Data_16688_A,Data_16688_B
Data_16689_A,Data_16689_B
Data_16690_A,Data_16690_B
Data_16691_A,Data_16691_B
Data_16692_A,Data_16692_B
Data_16693_A,Data_16693_B
Data_16694_A,Data_16694_B
Data_16695_A,Data_16695_B
Data_16696_A,Data_16696_B
Data_16697_A,Data_16697_B
Data_16698_A,Data_16698_B
Data_16699_A,Data_16699_B
Data_16700_A,Data_16700_B
Data_16701_A,Data_16701_B
Data_16702_A,Data_16702_B
Data_16703_A,Data_16703_B
Data_16704_A,Data_16704_B
Data_16705_A,Data_16705_B
Data_16706_A,Data_16706_B
Data_16707_A,Data_16707_B
Data_16708_A,Data_16708_B
Data_16709_A,Data_16709_B
Data_16710_A,Data_16710_B
Data_16711_A,Data_16711_B
Data_16712_A,Data_16712_B
Data_16713_A,Data_16713_B
Data_16714_A,Data_16714_B
Data_16715_A,Data_16715_B
Data_16716_A,Data_16716_B
Data_16717_A,Data_16717_B
Data_16718_A,Data_16718_B
Data_16719_A,Data_16719_B
Data_16720_A,Data_16720_B
Data_16721_A,Data_16721_B
Data_16722_A,Data_16722_B
Data_16723_A,Data_16723_B
Data_16724_A,Data_16724_B
Data_16725_A,Data_16725_B
Data_16726_A,Data_16726_B
Data_16727_A,Data_16727_B
Data_16728_A,Data_16728_B
Data_16729_A,Data_16729_B
Data_16730_A,Data_16730_B
Data_16731_A,Data_16731_B
Data_16732_A,Data_16732_B
Data_16733_A,Data_16733_B
Data_16734_A,Data_16734_B
Data_16735_A,Data_16735_B
Data_16736_A,Data_16736_B
Data_16737_A,Data_16737_B
Data_16738_A,Data_16738_B
Data_16739_A,Data_16739_B
Data_16740_A,Data_16740_B
Data_16741_A,Data_16741_B
Data_16742_A,Data_16742_B
Data_16743_A,Data_16743_B
Data_16744_A,Data_16744_B
Data_16745_A,Data_16745_B
Data_16746_A,Data_16746_B
Data_16747_A,Data_16747_B
Data_16748_A,Data_16748_B
Data_16749_A,Data_16749_B
Data_16750_A,Data_16750_B
Data_16751_A,Data_16751_B
Data_16752_A,Data_16752_B
Data_16753_A,Data_16753_B
Data_16754_A,Data_16754_B
Data_16755_A,Data_16755_B
Data_16756_A,Data_16756_B
Data_16757_A,Data_16757_B
Data_16758_A,Data_16758_B
Data_16759_A,Data_16759_B
Data_16760_A,Data_16760_B
Data_16761_A,Data_16761_B
Data_16762_A,Data_16762_B
Data_16763_A,Data_16763_B
Data_16764_A,Data_16764_B
Data_16765_A,Data_16765_B
Data_16766_A,Data_16766_B
Data_16767_A,Data_16767_B
Data_16768_A,Data_16768_B
Data_16769_A,Data_16769_B
Data_16770_A,Data_16770_B
Data_16771_A,Data_16771_B
Data_16772_A,Data_16772_B
Data_16773_A,Data_16773_B
Data_16774_A,Data_16774_B
Data_16775_A,Data_16775_B
Data_16776_A,Data_16776_B
Data_16777_A,Data_16777_B
Data_16778_A,Data_16778_B
Data_16779_A,Data_16779_B
Data_16780_A,Data_16780_B
Data_16781_A,Data_16781_B
Data_16782_A,Data_16782_B
Data_16783_A,Data_16783_B
Data_16784_A,Data_16784_B
Data_16785_A,Data_16785_B
Data_16786_A,Data_16786_B
Data_16787_A,Data_16787_B
Data_16788_A,Data_16788_B
Data_16789_A,Data_16789_B
Data_16790_A,Data_16790_B
Data_16791_A,Data_16791_B
Data_16792_A,Data_16792_B
Data_16793_A,Data_16793_B
Data_16794_A,Data_16794_B
Data_16795_A,Data_16795_B
Data_16796_A,Data_16796_B
Data_16797_A,Data_16797_B
Data_16798_A,Data_16798_B
Data_16799_A,Data_16799_B
Data_16800_A,Data_16800_B
Data_16801_A,Data_16801_B
Data_16802_A,Data_16802_B
Data_16803_A,Data_16803_B
Data_16804_A,Data_16804_B
Data_16805_A,Data_16805_B
Data_16806_A,Data_16806_B
Data_16807_A,Data_16807_B
Data_16808_A,Data_16808_B
Data_16809_A,Data_16809_B
Data_16810_A,Data_16810_B
Data_16811_A,Data_16811_B
Data_16812_A,Data_16812_B
Data_16813_A,Data_16813_B
Data_16814_A,Data_16814_B
Data_16815_A,Data_16815_B
Data_16816_A,Data_16816_B
Data_16817_A,Data_16817_B
Data_16818_A,Data_16818_B
Data_16819_A,Data_16819_B
Data_16820_A,Data_16820_B
Data_16821_A,Data_16821_B
Data_16822_A,Data_16822_B
Data_16823_A,Data_16823_B
Data_16824_A,Data_16824_B
Data_16825_A,Data_16825_B
Data_16826_A,Data_16826_B
Data_16827_A,Data_16827_B
Data_16828_A,Data_16828_B
Data_16829_A,Data_16829_B
Data_16830_A,Data_16830_B
Data_16831_A,Data_16831_B
Data_16832_A,Data_16832_B
Data_16833_A,Data_16833_B
Data_16834_A,Data_16834_B
Data_16835_A,Data_16835_B
Data_16836_A,Data_16836_B
Data_16837_A,Data_16837_B
Data_16838_A,Data_16838_B
Data_16839_A,Data_16839_B
Data_16840_A,Data_16840_B
Data_16841_A,Data_16841_B
Data_16842_A,Data_16842_B
Data_16843_A,Data_16843_B
Data_16844_A,Data_16844_B
Data_16845_A,Data_16845_B
Data_16846_A,Data_16846_B
Data_16847_A,Data_16847_B
Data_16848_A,Data_16848_B
Data_16849_A,Data_16849_B
Data_16850_A,Data_16850_B
Data_16851_A,Data_16851_B
Data_16852_A,Data_16852_B
Data_16853_A,Data_16853_B
Data_16854_A,Data_16854_B
Data_16855_A,Data_16855_B
Data_16856_A,Data_16856_B
Data_16857_A,Data_16857_B
Data_16858_A,Data_16858_B
Data_16859_A,Data_16859_B
Data_16860_A,Data_16860_B
Data_16861_A,Data_16861_B
Data_16862_A,Data_16862_B
Data_16863_A,Data_16863_B
Data_16864_A,Data_16864_B
Data_16865_A,Data_16865_B
Data_16866_A,Data_16866_B
Data_16867_A,Data_16867_B
Data_16868_A,Data_16868_B
Data_16869_A,Data_16869_B
Data_16870_A,Data_16870_B
Data_16871_A,Data_16871_B
Data_16872_A,Data_16872_B
Data_16873_A,Data_16873_B
Data_16874_A,Data_16874_B
Data_16875_A,Data_16875_B
Data_16876_A,Data_16876_B
Data_16877_A,Data_16877_B
Data_16878_A,Data_16878_B
Data_16879_A,Data_16879_B
Data_16880_A,Data_16880_B
Data_16881_A,Data_16881_B
Data_16882_A,Data_16882_B
Data_16883_A,Data_16883_B
Data_16884_A,Data_16884_B
Data_16885_A,Data_16885_B
Data_16886_A,Data_16886_B
Data_16887_A,Data_16887_B
Data_16888_A,Data_16888_B
Data_16889_A,Data_16889_B
Data_16890_A,Data_16890_B
Data_16891_A,Data_16891_B
Data_16892_A,Data_16892_B
Data_16893_A,Data_16893_B
Data_16894_A,Data_16894_B
Data_16895_A,Data_16895_B
Data_16896_A,Data_16896_B
Data_16897_A,Data_16897_B
Data_16898_A,Data_16898_B
Data_16899_A,Data_16899_B
Data_16900_A,Data_16900_B
Data_16901_A,Data_16901_B
Data_16902_A,Data_16902_B
Data_16903_A,Data_16903_B
Data_16904_A,Data_16904_B
Data_16905_A,Data_16905_B
Data_16906_A,Data_16906_B
Data_16907_A,Data_16907_B
Data_16908_A,Data_16908_B
Data_16909_A,Data_16909_B
Data_16910_A,Data_16910_B
Data_16911_A,Data_16911_B
Data_16912_A,Data_16912_B
Data_16913_A,Data_16913_B
Data_16914_A,Data_16914_B
Data_16915_A,Data_16915_B
Data_16916_A,Data_16916_B
Data_16917_A,Data_16917_B
Data_16918_A,Data_16918_B
Data_16919_A,Data_16919_B
Data_16920_A,Data_16920_B
Data_16921_A,Data_16921_B
Data_16922_A,Data_16922_B
Data_16923_A,Data_16923_B
Data_16924_A,Data_16924_B
Data_16925_A,Data_16925_B
Data_16926_A,Data_16926_B
Data_16927_A,Data_16927_B
Data_16928_A,Data_16928_B
Data_16929_A,Data_16929_B
Data_16930_A,Data_16930_B
Data_16931_A,Data_16931_B
Data_16932_A,Data_16932_B
Data_16933_A,Data_16933_B
Data_16934_A,Data_16934_B
Data_16935_A,Data_16935_B
Data_16936_A,Data_16936_B
Data_16937_A,Data_16937_B
Data_16938_A,Data_16938_B
Data_16939_A,Data_16939_B
Data_16940_A,Data_16940_B
Data_16941_A,Data_16941_B
Data_16942_A,Data_16942_B
Data_16943_A,Data_16943_B
Data_16944_A,Data_16944_B
Data_16945_A,Data_16945_B
Data_16946_A,Data_16946_B
Data_16947_A,Data_16947_B
Data_16948_A,Data_16948_B
Data_16949_A,Data_16949_B
Data_16950_A,Data_16950_B
Data_16951_A,Data_16951_B
Data_16952_A,Data_16952_B
Data_16953_A,Data_16953_B
Data_16954_A,Data_16954_B
Data_16955_A,Data_16955_B
Data_16956_A,Data_16956_B
Data_16957_A,Data_16957_B
Data_16958_A,Data_16958_B
Data_16959_A,Data_16959_B
Data_16960_A,Data_16960_B
Data_16961_A,Data_16961_B
Data_16962_A,Data_16962_B
Data_16963_A,Data_16963_B
Data_16964_A,Data_16964_B
Data_16965_A,Data_16965_B
Data_16966_A,Data_16966_B
Data_16967_A,Data_16967_B
Data_16968_A,Data_16968_B
Data_16969_A,Data_16969_B
Data_16970_A,Data_16970_B
Data_16971_A,Data_16971_B
Data_16972_A,Data_16972_B
Data_16973_A,Data_16973_B
Data_16974_A,Data_16974_B
Data_16975_A,Data_16975_B
Data_16976_A,Data_16976_B
Data_16977_A,Data_16977_B
Data_16978_A,Data_16978_B
Data_16979_A,Data_16979_B
Data_16980_A,Data_16980_B
Data_16981_A,Data_16981_B
Data_16982_A,Data_16982_B
Data_16983_A,Data_16983_B
Data_16984_A,Data_16984_B
Data_16985_A,Data_16985_B
Data_16986_A,Data_16986_B
Data_16987_A,Data_16987_B
Data_16988_A,Data_16988_B
Data_16989_A,Data_16989_B
Data_16990_A,Data_16990_B
Data_16991_A,Data_16991_B
Data_16992_A,Data_16992_B
Data_16993_A,Data_16993_B
Data_16994_A,Data_16994_B
Data_16995_A,Data_16995_B
Data_16996_A,Data_16996_B
Data_16997_A,Data_16997_B
Data_16998_A,Data_16998_B
Data_16999_A,Data_16999_B
Data_17000_A,Data_17000_B
Data_17001_A,Data_17001_B
Data_17002_A,Data_17002_B
Data_17003_A,Data_17003_B
Data_17004_A,Data_17004_B
Data_17005_A,Data_17005_B
Data_17006_A,Data_17006_B
Data_17007_A,Data_17007_B
Data_17008_A,Data_17008_B
Data_17009_A,Data_17009_B
Data_17010_A,Data_17010_B
Data_17011_A,Data_17011_B
Data_17012_A,Data_17012_B
Data_17013_A,Data_17013_B
Data_17014_A,Data_17014_B
Data_17015_A,Data_17015_B
Data_17016_A,Data_17016_B
Data_17017_A,Data_17017_B
Data_17018_A,Data_17018_B
Data_17019_A,Data_17019_B
Data_17020_A,Data_17020_B
Data_17021_A,Data_17021_B
Data_17022_A,Data_17022_B
Data_17023_A,Data_17023_B
Data_17024_A,Data_17024_B
Data_17025_A,Data_17025_B
Data_17026_A,Data_17026_B
Data_17027_A,Data_17027_B
Data_17028_A,Data_17028_B
Data_17029_A,Data_17029_B
Data_17030_A,Data_17030_B
Data_17031_A,Data_17031_B
Data_17032_A,Data_17032_B
Data_17033_A,Data_17033_B
Data_17034_A,Data_17034_B
Data_17035_A,Data_17035_B
Data_17036_A,Data_17036_B
Data_17037_A,Data_17037_B
Data_17038_A,Data_17038_B
Data_17039_A,Data_17039_B
Data_17040_A,Data_17040_B
Data_17041_A,Data_17041_B
Data_17042_A,Data_17042_B
Data_17043_A,Data_17043_B
Data_17044_A,Data_17044_B
Data_17045_A,Data_17045_B
Data_17046_A,Data_17046_B
Data_17047_A,Data_17047_B
Data_17048_A,Data_17048_B
Data_17049_A,Data_17049_B
Data_17050_A,Data_17050_B
Data_17051_A,Data_17051_B
Data_17052_A,Data_17052_B
Data_17053_A,Data_17053_B
Data_17054_A,Data_17054_B
Data_17055_A,Data_17055_B
Data_17056_A,Data_17056_B
Data_17057_A,Data_17057_B
Data_17058_A,Data_17058_B
Data_17059_A,Data_17059_B
Data_17060_A,Data_17060_B
Data_17061_A,Data_17061_B
Data_17062_A,Data_17062_B
Data_17063_A,Data_17063_B
Data_17064_A,Data_17064_B
Data_17065_A,Data_17065_B
Data_17066_A,Data_17066_B
Data_17067_A,Data_17067_B
Data_17068_A,Data_17068_B
Data_17069_A,Data_17069_B
Data_17070_A,Data_17070_B
Data_17071_A,Data_17071_B
Data_17072_A,Data_17072_B
Data_17073_A,Data_17073_B
Data_17074_A,Data_17074_B
Data_17075_A,Data_17075_B
Data_17076_A,Data_17076_B
Data_17077_A,Data_17077_B
Data_17078_A,Data_17078_B
Data_17079_A,Data_17079_B
Data_17080_A,Data_17080_B
Data_17081_A,Data_17081_B
Data_17082_A,Data_17082_B
Data_17083_A,Data_17083_B
Data_17084_A,Data_17084_B
Data_17085_A,Data_17085_B
Data_17086_A,Data_17086_B
Data_17087_A,Data_17087_B
Data_17088_A,Data_17088_B
Data_17089_A,Data_17089_B
Data_17090_A,Data_17090_B
Data_17091_A,Data_17091_B
Data_17092_A,Data_17092_B
Data_17093_A,Data_17093_B
Data_17094_A,Data_17094_B
Data_17095_A,Data_17095_B
Data_17096_A,Data_17096_B
Data_17097_A,Data_17097_B
Data_17098_A,Data_17098_B
Data_17099_A,Data_17099_B
Data_17100_A,Data_17100_B
Data_17101_A,Data_17101_B
Data_17102_A,Data_17102_B
Data_17103_A,Data_17103_B
Data_17104_A,Data_17104_B
Data_17105_A,Data_17105_B
Data_17106_A,Data_17106_B
Data_17107_A,Data_17107_B
Data_17108_A,Data_17108_B
Data_17109_A,Data_17109_B
Data_17110_A,Data_17110_B
Data_17111_A,Data_17111_B
Data_17112_A,Data_17112_B
Data_17113_A,Data_17113_B
Data_17114_A,Data_17114_B
Data_17115_A,Data_17115_B
Data_17116_A,Data_17116_B
Data_17117_A,Data_17117_B
Data_17118_A,Data_17118_B
Data_17119_A,Data_17119_B
Data_17120_A,Data_17120_B
Data_17121_A,Data_17121_B
Data_17122_A,Data_17122_B
Data_17123_A,Data_17123_B
Data_17124_A,Data_17124_B
Data_17125_A,Data_17125_B
Data_17126_A,Data_17126_B
Data_17127_A,Data_17127_B
Data_17128_A,Data_17128_B
Data_17129_A,Data_17129_B
Data_17130_A,Data_17130_B
Data_17131_A,Data_17131_B
Data_17132_A,Data_17132_B
Data_17133_A,Data_17133_B
Data_17134_A,Data_17134_B
Data_17135_A,Data_17135_B
Data_17136_A,Data_17136_B
Data_17137_A,Data_17137_B
Data_17138_A,Data_17138_B
Data_17139_A,Data_17139_B
Data_17140_A,Data_17140_B
Data_17141_A,Data_17141_B
Data_17142_A,Data_17142_B
Data_17143_A,Data_17143_B
Data_17144_A,Data_17144_B
Data_17145_A,Data_17145_B
Data_17146_A,Data_17146_B
Data_17147_A,Data_17147_B
Data_17148_A,Data_17148_B
Data_17149_A,Data_17149_B
Data_17150_A,Data_17150_B
Data_17151_A,Data_17151_B
Data_17152_A,Data_17152_B
Data_17153_A,Data_17153_B
Data_17154_A,Data_17154_B
Data_17155_A,Data_17155_B
Data_17156_A,Data_17156_B
Data_17157_A,Data_17157_B
Data_17158_A,Data_17158_B
Data_17159_A,Data_17159_B
Data_17160_A,Data_17160_B
Data_17161_A,Data_17161_B
Data_17162_A,Data_17162_B
Data_17163_A,Data_17163_B
Data_17164_A,Data_17164_B
Data_17165_A,Data_17165_B
Data_17166_A,Data_17166_B
Data_17167_A,Data_17167_B
Data_17168_A,Data_17168_B
Data_17169_A,Data_17169_B
Data_17170_A,Data_17170_B
Data_17171_A,Data_17171_B
Data_17172_A,Data_17172_B
Data_17173_A,Data_17173_B
Data_17174_A,Data_17174_B
Data_17175_A,Data_17175_B
Data_17176_A,Data_17176_B
Data_17177_A,Data_17177_B
Data_17178_A,Data_17178_B
Data_17179_A,Data_17179_B
Data_17180_A,Data_17180_B
Data_17181_A,Data_17181_B
Data_17182_A,Data_17182_B
Data_17183_A,Data_17183_B
Data_17184_A,Data_17184_B
Data_17185_A,Data_17185_B
Data_17186_A,Data_17186_B
Data_17187_A,Data_17187_B
Data_17188_A,Data_17188_B
Data_17189_A,Data_17189_B
Data_17190_A,Data_17190_B
Data_17191_A,Data_17191_B
Data_17192_A,Data_17192_B
Data_17193_A,Data_17193_B
Data_17194_A,Data_17194_B
Data_17195_A,Data_17195_B
Data_17196_A,Data_17196_B
Data_17197_A,Data_17197_B
Data_17198_A,Data_17198_B
Data_17199_A,Data_17199_B
Data_17200_A,Data_17200_B
Data_17201_A,Data_17201_B
Data_17202_A,Data_17202_B
Data_17203_A,Data_17203_B
Data_17204_A,Data_17204_B
Data_17205_A,Data_17205_B
Data_17206_A,Data_17206_B
Data_17207_A,Data_17207_B
Data_17208_A,Data_17208_B
Data_17209_A,Data_17209_B
Data_17210_A,Data_17210_B
Data_17211_A,Data_17211_B
Data_17212_A,Data_17212_B
Data_17213_A,Data_17213_B
Data_17214_A,Data_17214_B
Data_17215_A,Data_17215_B
Data_17216_A,Data_17216_B
Data_17217_A,Data_17217_B
Data_17218_A,Data_17218_B
Data_17219_A,Data_17219_B
Data_17220_A,Data_17220_B
Data_17221_A,Data_17221_B
Data_17222_A,Data_17222_B
Data_17223_A,Data_17223_B
Data_17224_A,Data_17224_B
Data_17225_A,Data_17225_B
Data_17226_A,Data_17226_B
Data_17227_A,Data_17227_B
Data_17228_A,Data_17228_B
Data_17229_A,Data_17229_B
Data_17230_A,Data_17230_B
Data_17231_A,Data_17231_B
Data_17232_A,Data_17232_B
Data_17233_A,Data_17233_B
Data_17234_A,Data_17234_B
Data_17235_A,Data_17235_B
Data_17236_A,Data_17236_B
Data_17237_A,Data_17237_B
Data_17238_A,Data_17238_B
Data_17239_A,Data_17239_B
Data_17240_A,Data_17240_B
Data_17241_A,Data_17241_B
Data_17242_A,Data_17242_B
Data_17243_A,Data_17243_B
Data_17244_A,Data_17244_B
Data_17245_A,Data_17245_B
Data_17246_A,Data_17246_B
Data_17247_A,Data_17247_B
Data_17248_A,Data_17248_B
Data_17249_A,Data_17249_B
Data_17250_A,Data_17250_B
Data_17251_A,Data_17251_B
Data_17252_A,Data_17252_B
Data_17253_A,Data_17253_B
Data_17254_A,Data_17254_B
Data_17255_A,Data_17255_B
Data_17256_A,Data_17256_B
Data_17257_A,Data_17257_B
Data_17258_A,Data_17258_B
Data_17259_A,Data_17259_B
Data_17260_A,Data_17260_B
Data_17261_A,Data_17261_B
Data_17262_A,Data_17262_B
Data_17263_A,Data_17263_B
Data_17264_A,Data_17264_B
Data_17265_A,Data_17265_B
Data_17266_A,Data_17266_B
Data_17267_A,Data_17267_B
Data_17268_A,Data_17268_B
Data_17269_A,Data_17269_B
Data_17270_A,Data_17270_B
Data_17271_A,Data_17271_B
Data_17272_A,Data_17272_B
Data_17273_A,Data_17273_B
Data_17274_A,Data_17274_B
Data_17275_A,Data_17275_B
Data_17276_A,Data_17276_B
Data_17277_A,Data_17277_B
Data_17278_A,Data_17278_B
Data_17279_A,Data_17279_B
Data_17280_A,Data_17280_B
Data_17281_A,Data_17281_B
Data_17282_A,Data_17282_B
Data_17283_A,Data_17283_B
Data_17284_A,Data_17284_B
Data_17285_A,Data_17285_B
Data_17286_A,Data_17286_B
Data_17287_A,Data_17287_B
Data_17288_A,Data_17288_B
Data_17289_A,Data_17289_B
Data_17290_A,Data_17290_B
Data_17291_A,Data_17291_B
Data_17292_A,Data_17292_B
Data_17293_A,Data_17293_B
Data_17294_A,Data_17294_B
Data_17295_A,Data_17295_B
Data_17296_A,Data_17296_B
Data_17297_A,Data_17297_B
Data_17298_A,Data_17298_B
Data_17299_A,Data_17299_B
Data_17300_A,Data_17300_B
Data_17301_A,Data_17301_B
Data_17302_A,Data_17302_B
Data_17303_A,Data_17303_B
Data_17304_A,Data_17304_B
Data_17305_A,Data_17305_B
Data_17306_A,Data_17306_B
Data_17307_A,Data_17307_B
Data_17308_A,Data_17308_B
Data_17309_A,Data_17309_B
Data_17310_A,Data_17310_B
Data_17311_A,Data_17311_B
Data_17312_A,Data_17312_B
Data_17313_A,Data_17313_B
Data_17314_A,Data_17314_B
Data_17315_A,Data_17315_B
Data_17316_A,Data_17316_B
Data_17317_A,Data_17317_B
Data_17318_A,Data_17318_B
Data_17319_A,Data_17319_B
Data_17320_A,Data_17320_B
Data_17321_A,Data_17321_B
Data_17322_A,Data_17322_B
Data_17323_A,Data_17323_B
Data_17324_A,Data_17324_B
Data_17325_A,Data_17325_B
Data_17326_A,Data_17326_B
Data_17327_A,Data_17327_B
Data_17328_A,Data_17328_B
Data_17329_A,Data_17329_B
Data_17330_A,Data_17330_B
Data_17331_A,Data_17331_B
Data_17332_A,Data_17332_B
Data_17333_A,Data_17333_B
Data_17334_A,Data_17334_B
Data_17335_A,Data_17335_B
Data_17336_A,Data_17336_B
Data_17337_A,Data_17337_B
Data_17338_A,Data_17338_B
Data_17339_A,Data_17339_B
Data_17340_A,Data_17340_B
Data_17341_A,Data_17341_B
Data_17342_A,Data_17342_B
Data_17343_A,Data_17343_B
Data_17344_A,Data_17344_B
Data_17345_A,Data_17345_B
Data_17346_A,Data_17346_B
Data_17347_A,Data_17347_B
Data_17348_A,Data_17348_B
Data_17349_A,Data_17349_B
Data_17350_A,Data_17350_B
Data_17351_A,Data_17351_B
Data_17352_A,Data_17352_B
Data_17353_A,Data_17353_B
Data_17354_A,Data_17354_B
Data_17355_A,Data_17355_B
Data_17356_A,Data_17356_B
Data_17357_A,Data_17357_B
Data_17358_A,Data_17358_B
Data_17359_A,Data_17359_B
Data_17360_A,Data_17360_B
Data_17361_A,Data_17361_B
Data_17362_A,Data_17362_B
Data_17363_A,Data_17363_B
Data_17364_A,Data_17364_B
Data_17365_A,Data_17365_B
Data_17366_A,Data_17366_B
Data_17367_A,Data_17367_B
Data_17368_A,Data_17368_B
Data_17369_A,Data_17369_B
Data_17370_A,Data_17370_B
Data_17371_A,Data_17371_B
Data_17372_A,Data_17372_B
Data_17373_A,Data_17373_B
Data_17374_A,Data_17374_B
Data_17375_A,Data_17375_B
Data_17376_A,Data_17376_B
Data_17377_A,Data_17377_B
Data_17378_A,Data_17378_B
Data_17379_A,Data_17379_B
Data_17380_A,Data_17380_B
Data_17381_A,Data_17381_B
Data_17382_A,Data_17382_B
Data_17383_A,Data_17383_B
Data_17384_A,Data_17384_B
Data_17385_A,Data_17385_B
Data_17386_A,Data_17386_B
Data_17387_A,Data_17387_B
Data_17388_A,Data_17388_B
Data_17389_A,Data_17389_B
Data_17390_A,Data_17390_B
Data_17391_A,Data_17391_B
Data_17392_A,Data_17392_B
Data_17393_A,Data_17393_B
Data_17394_A,Data_17394_B
Data_17395_A,Data_17395_B
Data_17396_A,Data_17396_B
Data_17397_A,Data_17397_B
Data_17398_A,Data_17398_B
Data_17399_A,Data_17399_B
Data_17400_A,Data_17400_B
Data_17401_A,Data_17401_B
Data_17402_A,Data_17402_B
Data_17403_A,Data_17403_B
Data_17404_A,Data_17404_B
Data_17405_A,Data_17405_B
Data_17406_A,Data_17406_B
Data_17407_A,Data_17407_B
Data_17408_A,Data_17408_B
Data_17409_A,Data_17409_B
Data_17410_A,Data_17410_B
Data_17411_A,Data_17411_B
Data_17412_A,Data_17412_B
Data_17413_A,Data_17413_B
Data_17414_A,Data_17414_B
Data_17415_A,Data_17415_B
Data_17416_A,Data_17416_B
Data_17417_A,Data_17417_B
Data_17418_A,Data_17418_B
Data_17419_A,Data_17419_B
Data_17420_A,Data_17420_B
Data_17421_A,Data_17421_B
Data_17422_A,Data_17422_B
Data_17423_A,Data_17423_B
Data_17424_A,Data_17424_B
Data_17425_A,Data_17425_B
Data_17426_A,Data_17426_B
Data_17427_A,Data_17427_B
Data_17428_A,Data_17428_B
Data_17429_A,Data_17429_B
Data_17430_A,Data_17430_B
Data_17431_A,Data_17431_B
Data_17432_A,Data_17432_B
Data_17433_A,Data_17433_B
Data_17434_A,Data_17434_B
Data_17435_A,Data_17435_B
Data_17436_A,Data_17436_B
Data_17437_A,Data_17437_B
Data_17438_A,Data_17438_B
Data_17439_A,Data_17439_B
Data_17440_A,Data_17440_B
Data_17441_A,Data_17441_B
Data_17442_A,Data_17442_B
Data_17443_A,Data_17443_B
Data_17444_A,Data_17444_B
Data_17445_A,Data_17445_B
Data_17446_A,Data_17446_B
Data_17447_A,Data_17447_B
Data_17448_A,Data_17448_B
Data_17449_A,Data_17449_B
Data_17450_A,Data_17450_B
Data_17451_A,Data_17451_B
Data_17452_A,Data_17452_B
Data_17453_A,Data_17453_B
Data_17454_A,Data_17454_B
Data_17455_A,Data_17455_B
Data_17456_A,Data_17456_B
Data_17457_A,Data_17457_B
Data_17458_A,Data_17458_B
Data_17459_A,Data_17459_B
Data_17460_A,Data_17460_B
Data_17461_A,Data_17461_B
Data_17462_A,Data_17462_B
Data_17463_A,Data_17463_B
Data_17464_A,Data_17464_B
Data_17465_A,Data_17465_B
Data_17466_A,Data_17466_B
Data_17467_A,Data_17467_B
Data_17468_A,Data_17468_B
Data_17469_A,Data_17469_B
Data_17470_A,Data_17470_B
Data_17471_A,Data_17471_B
Data_17472_A,Data_17472_B
Data_17473_A,Data_17473_B
Data_17474_A,Data_17474_B
Data_17475_A,Data_17475_B
Data_17476_A,Data_17476_B
Data_17477_A,Data_17477_B
Data_17478_A,Data_17478_B
Data_17479_A,Data_17479_B
Data_17480_A,Data_17480_B
Data_17481_A,Data_17481_B
Data_17482_A,Data_17482_B
Data_17483_A,Data_17483_B
Data_17484_A,Data_17484_B
Data_17485_A,Data_17485_B
Data_17486_A,Data_17486_B
Data_17487_A,Data_17487_B
Data_17488_A,Data_17488_B
Data_17489_A,Data_17489_B
Data_17490_A,Data_17490_B
Data_17491_A,Data_17491_B
Data_17492_A,Data_17492_B
Data_17493_A,Data_17493_B
Data_17494_A,Data_17494_B
Data_17495_A,Data_17495_B
Data_17496_A,Data_17496_B
Data_17497_A,Data_17497_B
Data_17498_A,Data_17498_B
Data_17499_A,Data_17499_B
Data_17500_A,Data_17500_B
Data_17501_A,Data_17501_B
Data_17502_A,Data_17502_B
Data_17503_A,Data_17503_B
Data_17504_A,Data_17504_B
Data_17505_A,Data_17505_B
Data_17506_A,Data_17506_B
Data_17507_A,Data_17507_B
Data_17508_A,Data_17508_B
Data_17509_A,Data_17509_B
Data_17510_A,Data_17510_B
Data_17511_A,Data_17511_B
Data_17512_A,Data_17512_B
Data_17513_A,Data_17513_B
Data_17514_A,Data_17514_B
Data_17515_A,Data_17515_B
Data_17516_A,Data_17516_B
Data_17517_A,Data_17517_B
Data_17518_A,Data_17518_B
Data_17519_A,Data_17519_B
Data_17520_A,Data_17520_B
Data_17521_A,Data_17521_B
Data_17522_A,Data_17522_B
Data_17523_A,Data_17523_B
Data_17524_A,Data_17524_B
Data_17525_A,Data_17525_B
Data_17526_A,Data_17526_B
Data_17527_A,Data_17527_B
Data_17528_A,Data_17528_B
Data_17529_A,Data_17529_B
Data_17530_A,Data_17530_B
Data_17531_A,Data_17531_B
Data_17532_A,Data_17532_B
Data_17533_A,Data_17533_B
Data_17534_A,Data_17534_B
Data_17535_A,Data_17535_B
Data_17536_A,Data_17536_B
Data_17537_A,Data_17537_B
Data_17538_A,Data_17538_B
Data_17539_A,Data_17539_B
Data_17540_A,Data_17540_B
Data_17541_A,Data_17541_B
Data_17542_A,Data_17542_B
Data_17543_A,Data_17543_B
Data_17544_A,Data_17544_B
Data_17545_A,Data_17545_B
Data_17546_A,Data_17546_B
Data_17547_A,Data_17547_B
Data_17548_A,Data_17548_B
Data_17549_A,Data_17549_B
Data_17550_A,Data_17550_B
Data_17551_A,Data_17551_B
Data_17552_A,Data_17552_B
Data_17553_A,Data_17553_B
Data_17554_A,Data_17554_B
Data_17555_A,Data_17555_B
Data_17556_A,Data_17556_B
Data_17557_A,Data_17557_B
Data_17558_A,Data_17558_B
Data_17559_A,Data_17559_B
Data_17560_A,Data_17560_B
Data_17561_A,Data_17561_B
Data_17562_A,Data_17562_B
Data_17563_A,Data_17563_B
Data_17564_A,Data_17564_B
Data_17565_A,Data_17565_B
Data_17566_A,Data_17566_B
Data_17567_A,Data_17567_B
Data_17568_A,Data_17568_B
Data_17569_A,Data_17569_B
Data_17570_A,Data_17570_B
Data_17571_A,Data_17571_B
Data_17572_A,Data_17572_B
Data_17573_A,Data_17573_B
Data_17574_A,Data_17574_B
Data_17575_A,Data_17575_B
Data_17576_A,Data_17576_B
Data_17577_A,Data_17577_B
Data_17578_A,Data_17578_B
Data_17579_A,Data_17579_B
Data_17580_A,Data_17580_B
Data_17581_A,Data_17581_B
Data_17582_A,Data_17582_B
Data_17583_A,Data_17583_B
Data_17584_A,Data_17584_B
Data_17585_A,Data_17585_B
Data_17586_A,Data_17586_B
Data_17587_A,Data_17587_B
Data_17588_A,Data_17588_B
Data_17589_A,Data_17589_B
Data_17590_A,Data_17590_B
Data_17591_A,Data_17591_B
Data_17592_A,Data_17592_B
Data_17593_A,Data_17593_B
Data_17594_A,Data_17594_B
Data_17595_A,Data_17595_B
Data_17596_A,Data_17596_B
Data_17597_A,Data_17597_B
Data_17598_A,Data_17598_B
Data_17599_A,Data_17599_B
Data_17600_A,Data_17600_B
Data_17601_A,Data_17601_B
Data_17602_A,Data_17602_B
Data_17603_A,Data_17603_B
Data_17604_A,Data_17604_B
Data_17605_A,Data_17605_B
Data_17606_A,Data_17606_B
Data_17607_A,Data_17607_B
Data_17608_A,Data_17608_B
Data_17609_A,Data_17609_B
Data_17610_A,Data_17610_B
Data_17611_A,Data_17611_B
Data_17612_A,Data_17612_B
Data_17613_A,Data_17613_B
Data_17614_A,Data_17614_B
Data_17615_A,Data_17615_B
Data_17616_A,Data_17616_B
Data_17617_A,Data_17617_B
Data_17618_A,Data_17618_B
Data_17619_A,Data_17619_B
Data_17620_A,Data_17620_B
Data_17621_A,Data_17621_B
Data_17622_A,Data_17622_B
Data_17623_A,Data_17623_B
Data_17624_A,Data_17624_B
Data_17625_A,Data_17625_B
Data_17626_A,Data_17626_B
Data_17627_A,Data_17627_B
Data_17628_A,Data_17628_B
Data_17629_A,Data_17629_B
Data_17630_A,Data_17630_B
Data_17631_A,Data_17631_B
Data_17632_A,Data_17632_B
Data_17633_A,Data_17633_B
Data_17634_A,Data_17634_B
Data_17635_A,Data_17635_B
Data_17636_A,Data_17636_B
Data_17637_A,Data_17637_B
Data_17638_A,Data_17638_B
Data_17639_A,Data_17639_B
Data_17640_A,Data_17640_B
Data_17641_A,Data_17641_B
Data_17642_A,Data_17642_B
Data_17643_A,Data_17643_B
Data_17644_A,Data_17644_B
Data_17645_A,Data_17645_B
Data_17646_A,Data_17646_B
Data_17647_A,Data_17647_B
Data_17648_A,Data_17648_B
Data_17649_A,Data_17649_B
Data_17650_A,Data_17650_B
Data_17651_A,Data_17651_B
Data_17652_A,Data_17652_B
Data_17653_A,Data_17653_B
Data_17654_A,Data_17654_B
Data_17655_A,Data_17655_B
Data_17656_A,Data_17656_B
Data_17657_A,Data_17657_B
Data_17658_A,Data_17658_B
Data_17659_A,Data_17659_B
Data_17660_A,Data_17660_B
Data_17661_A,Data_17661_B
Data_17662_A,Data_17662_B
Data_17663_A,Data_17663_B
Data_17664_A,Data_17664_B
Data_17665_A,Data_17665_B
Data_17666_A,Data_17666_B
Data_17667_A,Data_17667_B
Data_17668_A,Data_17668_B
Data_17669_A,Data_17669_B
Data_17670_A,Data_17670_B
Data_17671_A,Data_17671_B
Data_17672_A,Data_17672_B
Data_17673_A,Data_17673_B
Data_17674_A,Data_17674_B
Data_17675_A,Data_17675_B
Data_17676_A,Data_17676_B
Data_17677_A,Data_17677_B
Data_17678_A,Data_17678_B
Data_17679_A,Data_17679_B
Data_17680_A,Data_17680_B
Data_17681_A,Data_17681_B
Data_17682_A,Data_17682_B
Data_17683_A,Data_17683_B
Data_17684_A,Data_17684_B
Data_17685_A,Data_17685_B
Data_17686_A,Data_17686_B
Data_17687_A,Data_17687_B
Data_17688_A,Data_17688_B
Data_17689_A,Data_17689_B
Data_17690_A,Data_17690_B
Data_17691_A,Data_17691_B
Data_17692_A,Data_17692_B
Data_17693_A,Data_17693_B
Data_17694_A,Data_17694_B
Data_17695_A,Data_17695_B
Data_17696_A,Data_17696_B
Data_17697_A,Data_17697_B
Data_17698_A,Data_17698_B
Data_17699_A,Data_17699_B
Data_17700_A,Data_17700_B
Data_17701_A,Data_17701_B
Data_17702_A,Data_17702_B
Data_17703_A,Data_17703_B
Data_17704_A,Data_17704_B
Data_17705_A,Data_17705_B
Data_17706_A,Data_17706_B
Data_17707_A,Data_17707_B
Data_17708_A,Data_17708_B
Data_17709_A,Data_17709_B
Data_17710_A,Data_17710_B
Data_17711_A,Data_17711_B
Data_17712_A,Data_17712_B
Data_17713_A,Data_17713_B
Data_17714_A,Data_17714_B
Data_17715_A,Data_17715_B
Data_17716_A,Data_17716_B
Data_17717_A,Data_17717_B
Data_17718_A,Data_17718_B
Data_17719_A,Data_17719_B
Data_17720_A,Data_17720_B
Data_17721_A,Data_17721_B
Data_17722_A,Data_17722_B
Data_17723_A,Data_17723_B
Data_17724_A,Data_17724_B
Data_17725_A,Data_17725_B
Data_17726_A,Data_17726_B
Data_17727_A,Data_17727_B
Data_17728_A,Data_17728_B
Data_17729_A,Data_17729_B
Data_17730_A,Data_17730_B
Data_17731_A,Data_17731_B
Data_17732_A,Data_17732_B
Data_17733_A,Data_17733_B
Data_17734_A,Data_17734_B
Data_17735_A,Data_17735_B
Data_17736_A,Data_17736_B
Data_17737_A,Data_17737_B
Data_17738_A,Data_17738_B
Data_17739_A,Data_17739_B
Data_17740_A,Data_17740_B
Data_17741_A,Data_17741_B
Data_17742_A,Data_17742_B
Data_17743_A,Data_17743_B
Data_17744_A,Data_17744_B
Data_17745_A,Data_17745_B
Data_17746_A,Data_17746_B
Data_17747_A,Data_17747_B
Data_17748_A,Data_17748_B
Data_17749_A,Data_17749_B
Data_17750_A,Data_17750_B
Data_17751_A,Data_17751_B
Data_17752_A,Data_17752_B
Data_17753_A,Data_17753_B
Data_17754_A,Data_17754_B
Data_17755_A,Data_17755_B
Data_17756_A,Data_17756_B
Data_17757_A,Data_17757_B
Data_17758_A,Data_17758_B
Data_17759_A,Data_17759_B
Data_17760_A,Data_17760_B
Data_17761_A,Data_17761_B
Data_17762_A,Data_17762_B
Data_17763_A,Data_17763_B
Data_17764_A,Data_17764_B
Data_17765_A,Data_17765_B
Data_17766_A,Data_17766_B
Data_17767_A,Data_17767_B
Data_17768_A,Data_17768_B
Data_17769_A,Data_17769_B
Data_17770_A,Data_17770_B
Data_17771_A,Data_17771_B
Data_17772_A,Data_17772_B
Data_17773_A,Data_17773_B
Data_17774_A,Data_17774_B
Data_17775_A,Data_17775_B
Data_17776_A,Data_17776_B
Data_17777_A,Data_17777_B
Data_17778_A,Data_17778_B
Data_17779_A,Data_17779_B
Data_17780_A,Data_17780_B
Data_17781_A,Data_17781_B
Data_17782_A,Data_17782_B
Data_17783_A,Data_17783_B
Data_17784_A,Data_17784_B
Data_17785_A,Data_17785_B
Data_17786_A,Data_17786_B
Data_17787_A,Data_17787_B
Data_17788_A,Data_17788_B
Data_17789_A,Data_17789_B
Data_17790_A,Data_17790_B
Data_17791_A,Data_17791_B
Data_17792_A,Data_17792_B
Data_17793_A,Data_17793_B
Data_17794_A,Data_17794_B
Data_17795_A,Data_17795_B
Data_17796_A,Data_17796_B
Data_17797_A,Data_17797_B
Data_17798_A,Data_17798_B
Data_17799_A,Data_17799_B
Data_17800_A,Data_17800_B
Data_17801_A,Data_17801_B
Data_17802_A,Data_17802_B
Data_17803_A,Data_17803_B
Data_17804_A,Data_17804_B
Data_17805_A,Data_17805_B
Data_17806_A,Data_17806_B
Data_17807_A,Data_17807_B
Data_17808_A,Data_17808_B
Data_17809_A,Data_17809_B
Data_17810_A,Data_17810_B
Data_17811_A,Data_17811_B
Data_17812_A,Data_17812_B
Data_17813_A,Data_17813_B
Data_17814_A,Data_17814_B
Data_17815_A,Data_17815_B
Data_17816_A,Data_17816_B
Data_17817_A,Data_17817_B
Data_17818_A,Data_17818_B
Data_17819_A,Data_17819_B
Data_17820_A,Data_17820_B
Data_17821_A,Data_17821_B
Data_17822_A,Data_17822_B
Data_17823_A,Data_17823_B
Data_17824_A,Data_17824_B
Data_17825_A,Data_17825_B
Data_17826_A,Data_17826_B
Data_17827_A,Data_17827_B
Data_17828_A,Data_17828_B
Data_17829_A,Data_17829_B
Data_17830_A,Data_17830_B
Data_17831_A,Data_17831_B
Data_17832_A,Data_17832_B
Data_17833_A,Data_17833_B
Data_17834_A,Data_17834_B
Data_17835_A,Data_17835_B
Data_17836_A,Data_17836_B
Data_17837_A,Data_17837_B
Data_17838_A,Data_17838_B
Data_17839_A,Data_17839_B
Data_17840_A,Data_17840_B
Data_17841_A,Data_17841_B
Data_17842_A,Data_17842_B
Data_17843_A,Data_17843_B
Data_17844_A,Data_17844_B
Data_17845_A,Data_17845_B
Data_17846_A,Data_17846_B
Data_17847_A,Data_17847_B
Data_17848_A,Data_17848_B
Data_17849_A,Data_17849_B
Data_17850_A,Data_17850_B
Data_17851_A,Data_17851_B
Data_17852_A,Data_17852_B
Data_17853_A,Data_17853_B
Data_17854_A,Data_17854_B
Data_17855_A,Data_17855_B
Data_17856_A,Data_17856_B
Data_17857_A,Data_17857_B
Data_17858_A,Data_17858_B
Data_17859_A,Data_17859_B
Data_17860_A,Data_17860_B
Data_17861_A,Data_17861_B
Data_17862_A,Data_17862_B
Data_17863_A,Data_17863_B
Data_17864_A,Data_17864_B
Data_17865_A,Data_17865_B
Data_17866_A,Data_17866_B
Data_17867_A,Data_17867_B
Data_17868_A,Data_17868_B
Data_17869_A,Data_17869_B
Data_17870_A,Data_17870_B
Data_17871_A,Data_17871_B
Data_17872_A,Data_17872_B
Data_17873_A,Data_17873_B
Data_17874_A,Data_17874_B
Data_17875_A,Data_17875_B
Data_17876_A,Data_17876_B
Data_17877_A,Data_17877_B
Data_17878_A,Data_17878_B
Data_17879_A,Data_17879_B
Data_17880_A,Data_17880_B
Data_17881_A,Data_17881_B
Data_17882_A,Data_17882_B
Data_17883_A,Data_17883_B
Data_17884_A,Data_17884_B
Data_17885_A,Data_17885_B
Data_17886_A,Data_17886_B
Data_17887_A,Data_17887_B
Data_17888_A,Data_17888_B
Data_17889_A,Data_17889_B
Data_17890_A,Data_17890_B
Data_17891_A,Data_17891_B
Data_17892_A,Data_17892_B
Data_17893_A,Data_17893_B
Data_17894_A,Data_17894_B
Data_17895_A,Data_17895_B
Data_17896_A,Data_17896_B
Data_17897_A,Data_17897_B
Data_17898_A,Data_17898_B
Data_17899_A,Data_17899_B
Data_17900_A,Data_17900_B
Data_17901_A,Data_17901_B
Data_17902_A,Data_17902_B
Data_17903_A,Data_17903_B
Data_17904_A,Data_17904_B
Data_17905_A,Data_17905_B
Data_17906_A,Data_17906_B
Data_17907_A,Data_17907_B
Data_17908_A,Data_17908_B
Data_17909_A,Data_17909_B
Data_17910_A,Data_17910_B
Data_17911_A,Data_17911_B
Data_17912_A,Data_17912_B
Data_17913_A,Data_17913_B
Data_17914_A,Data_17914_B
Data_17915_A,Data_17915_B
Data_17916_A,Data_17916_B
Data_17917_A,Data_17917_B
Data_17918_A,Data_17918_B
Data_17919_A,Data_17919_B
Data_17920_A,Data_17920_B
Data_17921_A,Data_17921_B
Data_17922_A,Data_17922_B
Data_17923_A,Data_17923_B
Data_17924_A,Data_17924_B
Data_17925_A,Data_17925_B
Data_17926_A,Data_17926_B
Data_17927_A,Data_17927_B
Data_17928_A,Data_17928_B
Data_17929_A,Data_17929_B
Data_17930_A,Data_17930_B
Data_17931_A,Data_17931_B
Data_17932_A,Data_17932_B
Data_17933_A,Data_17933_B
Data_17934_A,Data_17934_B
Data_17935_A,Data_17935_B
Data_17936_A,Data_17936_B
Data_17937_A,Data_17937_B
Data_17938_A,Data_17938_B
Data_17939_A,Data_17939_B
Data_17940_A,Data_17940_B
Data_17941_A,Data_17941_B
Data_17942_A,Data_17942_B
Data_17943_A,Data_17943_B
Data_17944_A,Data_17944_B
Data_17945_A,Data_17945_B
Data_17946_A,Data_17946_B
Data_17947_A,Data_17947_B
Data_17948_A,Data_17948_B
Data_17949_A,Data_17949_B
Data_17950_A,Data_17950_B
Data_17951_A,Data_17951_B
Data_17952_A,Data_17952_B
Data_17953_A,Data_17953_B
Data_17954_A,Data_17954_B
Data_17955_A,Data_17955_B
Data_17956_A,Data_17956_B
Data_17957_A,Data_17957_B
Data_17958_A,Data_17958_B
Data_17959_A,Data_17959_B
Data_17960_A,Data_17960_B
Data_17961_A,Data_17961_B
Data_17962_A,Data_17962_B
Data_17963_A,Data_17963_B
Data_17964_A,Data_17964_B
Data_17965_A,Data_17965_B
Data_17966_A,Data_17966_B
Data_17967_A,Data_17967_B
Data_17968_A,Data_17968_B
Data_17969_A,Data_17969_B
Data_17970_A,Data_17970_B
Data_17971_A,Data_17971_B
Data_17972_A,Data_17972_B
Data_17973_A,Data_17973_B
Data_17974_A,Data_17974_B
Data_17975_A,Data_17975_B
Data_17976_A,Data_17976_B
Data_17977_A,Data_17977_B
Data_17978_A,Data_17978_B
Data_17979_A,Data_17979_B
Data_17980_A,Data_17980_B
Data_17981_A,Data_17981_B
Data_17982_A,Data_17982_B
Data_17983_A,Data_17983_B
Data_17984_A,Data_17984_B
Data_17985_A,Data_17985_B
Data_17986_A,Data_17986_B
Data_17987_A,Data_17987_B
Data_17988_A,Data_17988_B
Data_17989_A,Data_17989_B
Data_17990_A,Data_17990_B
Data_17991_A,Data_17991_B
Data_17992_A,Data_17992_B
Data_17993_A,Data_17993_B
Data_17994_A,Data_17994_B
Data_17995_A,Data_17995_B
Data_17996_A,Data_17996_B
Data_17997_A,Data_17997_B
Data_17998_A,Data_17998_B
Data_17999_A,Data_17999_B
Data_18000_A,Data_18000_B
Data_18001_A,Data_18001_B
Data_18002_A,Data_18002_B
Data_18003_A,Data_18003_B
Data_18004_A,Data_18004_B
Data_18005_A,Data_18005_B
Data_18006_A,Data_18006_B
Data_18007_A,Data_18007_B
Data_18008_A,Data_18008_B
Data_18009_A,Data_18009_B
Data_18010_A,Data_18010_B
Data_18011_A,Data_18011_B
Data_18012_A,Data_18012_B
Data_18013_A,Data_18013_B
Data_18014_A,Data_18014_B
Data_18015_A,Data_18015_B
Data_18016_A,Data_18016_B
Data_18017_A,Data_18017_B
Data_18018_A,Data_18018_B
Data_18019_A,Data_18019_B
Data_18020_A,Data_18020_B
Data_18021_A,Data_18021_B
Data_18022_A,Data_18022_B
Data_18023_A,Data_18023_B
Data_18024_A,Data_18024_B
Data_18025_A,Data_18025_B
Data_18026_A,Data_18026_B
Data_18027_A,Data_18027_B
Data_18028_A,Data_18028_B
Data_18029_A,Data_18029_B
Data_18030_A,Data_18030_B
Data_18031_A,Data_18031_B
Data_18032_A,Data_18032_B
Data_18033_A,Data_18033_B
Data_18034_A,Data_18034_B
Data_18035_A,Data_18035_B
Data_18036_A,Data_18036_B
Data_18037_A,Data_18037_B
Data_18038_A,Data_18038_B
Data_18039_A,Data_18039_B
Data_18040_A,Data_18040_B
Data_18041_A,Data_18041_B
Data_18042_A,Data_18042_B
Data_18043_A,Data_18043_B
Data_18044_A,Data_18044_B
Data_18045_A,Data_18045_B
Data_18046_A,Data_18046_B
Data_18047_A,Data_18047_B
Data_18048_A,Data_18048_B
Data_18049_A,Data_18049_B
Data_18050_A,Data_18050_B
Data_18051_A,Data_18051_B
Data_18052_A,Data_18052_B
Data_18053_A,Data_18053_B
Data_18054_A,Data_18054_B
Data_18055_A,Data_18055_B
Data_18056_A,Data_18056_B
Data_18057_A,Data_18057_B
Data_18058_A,Data_18058_B
Data_18059_A,Data_18059_B
Data_18060_A,Data_18060_B
Data_18061_A,Data_18061_B
Data_18062_A,Data_18062_B
Data_18063_A,Data_18063_B
Data_18064_A,Data_18064_B
Data_18065_A,Data_18065_B
Data_18066_A,Data_18066_B
Data_18067_A,Data_18067_B
Data_18068_A,Data_18068_B
Data_18069_A,Data_18069_B
Data_18070_A,Data_18070_B
Data_18071_A,Data_18071_B
Data_18072_A,Data_18072_B
Data_18073_A,Data_18073_B
Data_18074_A,Data_18074_B
Data_18075_A,Data_18075_B
Data_18076_A,Data_18076_B
Data_18077_A,Data_18077_B
Data_18078_A,Data_18078_B
Data_18079_A,Data_18079_B
Data_18080_A,Data_18080_B
Data_18081_A,Data_18081_B
Data_18082_A,Data_18082_B
Data_18083_A,Data_18083_B
Data_18084_A,Data_18084_B
Data_18085_A,Data_18085_B
Data_18086_A,Data_18086_B
Data_18087_A,Data_18087_B
Data_18088_A,Data_18088_B
Data_18089_A,Data_18089_B
Data_18090_A,Data_18090_B
Data_18091_A,Data_18091_B
Data_18092_A,Data_18092_B
Data_18093_A,Data_18093_B
Data_18094_A,Data_18094_B
Data_18095_A,Data_18095_B
Data_18096_A,Data_18096_B
Data_18097_A,Data_18097_B
Data_18098_A,Data_18098_B
Data_18099_A,Data_18099_B
Data_18100_A,Data_18100_B
Data_18101_A,Data_18101_B
Data_18102_A,Data_18102_B
Data_18103_A,Data_18103_B
Data_18104_A,Data_18104_B
Data_18105_A,Data_18105_B
Data_18106_A,Data_18106_B
Data_18107_A,Data_18107_B
Data_18108_A,Data_18108_B
Data_18109_A,Data_18109_B
Data_18110_A,Data_18110_B
Data_18111_A,Data_18111_B
Data_18112_A,Data_18112_B
Data_18113_A,Data_18113_B
Data_18114_A,Data_18114_B
Data_18115_A,Data_18115_B
Data_18116_A,Data_18116_B
Data_18117_A,Data_18117_B
Data_18118_A,Data_18118_B
Data_18119_A,Data_18119_B
Data_18120_A,Data_18120_B
Data_18121_A,Data_18121_B
Data_18122_A,Data_18122_B
Data_18123_A,Data_18123_B
Data_18124_A,Data_18124_B
Data_18125_A,Data_18125_B
Data_18126_A,Data_18126_B
Data_18127_A,Data_18127_B
Data_18128_A,Data_18128_B
Data_18129_A,Data_18129_B
Data_18130_A,Data_18130_B
Data_18131_A,Data_18131_B
Data_18132_A,Data_18132_B
Data_18133_A,Data_18133_B
Data_18134_A,Data_18134_B
Data_18135_A,Data_18135_B
Data_18136_A,Data_18136_B
Data_18137_A,Data_18137_B
Data_18138_A,Data_18138_B
Data_18139_A,Data_18139_B
Data_18140_A,Data_18140_B
Data_18141_A,Data_18141_B
Data_18142_A,Data_18142_B
Data_18143_A,Data_18143_B
Data_18144_A,Data_18144_B
Data_18145_A,Data_18145_B
Data_18146_A,Data_18146_B
Data_18147_A,Data_18147_B
Data_18148_A,Data_18148_B
Data_18149_A,Data_18149_B
Data_18150_A,Data_18150_B
Data_18151_A,Data_18151_B
Data_18152_A,Data_18152_B
Data_18153_A,Data_18153_B
Data_18154_A,Data_18154_B
Data_18155_A,Data_18155_B
Data_18156_A,Data_18156_B
Data_18157_A,Data_18157_B
Data_18158_A,Data_18158_B
Data_18159_A,Data_18159_B
Data_18160_A,Data_18160_B
Data_18161_A,Data_18161_B
Data_18162_A,Data_18162_B
Data_18163_A,Data_18163_B
Data_18164_A,Data_18164_B
Data_18165_A,Data_18165_B
Data_18166_A,Data_18166_B
Data_18167_A,Data_18167_B
Data_18168_A,Data_18168_B
Data_18169_A,Data_18169_B
Data_18170_A,Data_18170_B
Data_18171_A,Data_18171_B
Data_18172_A,Data_18172_B
Data_18173_A,Data_18173_B
Data_18174_A,Data_18174_B
Data_18175_A,Data_18175_B
Data_18176_A,Data_18176_B
Data_18177_A,Data_18177_B
Data_18178_A,Data_18178_B
Data_18179_A,Data_18179_B
Data_18180_A,Data_18180_B
Data_18181_A,Data_18181_B
Data_18182_A,Data_18182_B
Data_18183_A,Data_18183_B
Data_18184_A,Data_18184_B
Data_18185_A,Data_18185_B
Data_18186_A,Data_18186_B
Data_18187_A,Data_18187_B
Data_18188_A,Data_18188_B
Data_18189_A,Data_18189_B
Data_18190_A,Data_18190_B
Data_18191_A,Data_18191_B
Data_18192_A,Data_18192_B
Data_18193_A,Data_18193_B
Data_18194_A,Data_18194_B
Data_18195_A,Data_18195_B
Data_18196_A,Data_18196_B
Data_18197_A,Data_18197_B
Data_18198_A,Data_18198_B
Data_18199_A,Data_18199_B
Data_18200_A,Data_18200_B
Data_18201_A,Data_18201_B
Data_18202_A,Data_18202_B
Data_18203_A,Data_18203_B
Data_18204_A,Data_18204_B
Data_18205_A,Data_18205_B
Data_18206_A,Data_18206_B
Data_18207_A,Data_18207_B
Data_18208_A,Data_18208_B
Data_18209_A,Data_18209_B
Data_18210_A,Data_18210_B
Data_18211_A,Data_18211_B
Data_18212_A,Data_18212_B
Data_18213_A,Data_18213_B
Data_18214_A,Data_18214_B
Data_18215_A,Data_18215_B
Data_18216_A,Data_18216_B
Data_18217_A,Data_18217_B
Data_18218_A,Data_18218_B
Data_18219_A,Data_18219_B
Data_18220_A,Data_18220_B
Data_18221_A,Data_18221_B
Data_18222_A,Data_18222_B
Data_18223_A,Data_18223_B
Data_18224_A,Data_18224_B
Data_18225_A,Data_18225_B
Data_18226_A,Data_18226_B
Data_18227_A,Data_18227_B
Data_18228_A,Data_18228_B
Data_18229_A,Data_18229_B
Data_18230_A,Data_18230_B
Data_18231_A,Data_18231_B
Data_18232_A,Data_18232_B
Data_18233_A,Data_18233_B
Data_18234_A,Data_18234_B
Data_18235_A,Data_18235_B
Data_18236_A,Data_18236_B
Data_18237_A,Data_18237_B
Data_18238_A,Data_18238_B
Data_18239_A,Data_18239_B
Data_18240_A,Data_18240_B
Data_18241_A,Data_18241_B
Data_18242_A,Data_18242_B
Data_18243_A,Data_18243_B
Data_18244_A,Data_18244_B
Data_18245_A,Data_18245_B
Data_18246_A,Data_18246_B
Data_18247_A,Data_18247_B
Data_18248_A,Data_18248_B
Data_18249_A,Data_18249_B
Data_18250_A,Data_18250_B
Data_18251_A,Data_18251_B
Data_18252_A,Data_18252_B
Data_18253_A,Data_18253_B
Data_18254_A,Data_18254_B
Data_18255_A,Data_18255_B
Data_18256_A,Data_18256_B
Data_18257_A,Data_18257_B
Data_18258_A,Data_18258_B
Data_18259_A,Data_18259_B
Data_18260_A,Data_18260_B
Data_18261_A,Data_18261_B
Data_18262_A,Data_18262_B
Data_18263_A,Data_18263_B
Data_18264_A,Data_18264_B
Data_18265_A,Data_18265_B
Data_18266_A,Data_18266_B
Data_18267_A,Data_18267_B
Data_18268_A,Data_18268_B
Data_18269_A,Data_18269_B
Data_18270_A,Data_18270_B
Data_18271_A,Data_18271_B
Data_18272_A,Data_18272_B
Data_18273_A,Data_18273_B
Data_18274_A,Data_18274_B
Data_18275_A,Data_18275_B
Data_18276_A,Data_18276_B
Data_18277_A,Data_18277_B
Data_18278_A,Data_18278_B
Data_18279_A,Data_18279_B
Data_18280_A,Data_18280_B
Data_18281_A,Data_18281_B
Data_18282_A,Data_18282_B
Data_18283_A,Data_18283_B
Data_18284_A,Data_18284_B
Data_18285_A,Data_18285_B
Data_18286_A,Data_18286_B
Data_18287_A,Data_18287_B
Data_18288_A,Data_18288_B
Data_18289_A,Data_18289_B
Data_18290_A,Data_18290_B
Data_18291_A,Data_18291_B
Data_18292_A,Data_18292_B
Data_18293_A,Data_18293_B
Data_18294_A,Data_18294_B
Data_18295_A,Data_18295_B
Data_18296_A,Data_18296_B
Data_18297_A,Data_18297_B
Data_18298_A,Data_18298_B
Data_18299_A,Data_18299_B
Data_18300_A,Data_18300_B
Data_18301_A,Data_18301_B
Data_18302_A,Data_18302_B
Data_18303_A,Data_18303_B
Data_18304_A,Data_18304_B
Data_18305_A,Data_18305_B
Data_18306_A,Data_18306_B
Data_18307_A,Data_18307_B
Data_18308_A,Data_18308_B
Data_18309_A,Data_18309_B
Data_18310_A,Data_18310_B
Data_18311_A,Data_18311_B
Data_18312_A,Data_18312_B
Data_18313_A,Data_18313_B
Data_18314_A,Data_18314_B
Data_18315_A,Data_18315_B
Data_18316_A,Data_18316_B
Data_18317_A,Data_18317_B
Data_18318_A,Data_18318_B
Data_18319_A,Data_18319_B
Data_18320_A,Data_18320_B
Data_18321_A,Data_18321_B
Data_18322_A,Data_18322_B
Data_18323_A,Data_18323_B
Data_18324_A,Data_18324_B
Data_18325_A,Data_18325_B
Data_18326_A,Data_18326_B
Data_18327_A,Data_18327_B
Data_18328_A,Data_18328_B
Data_18329_A,Data_18329_B
Data_18330_A,Data_18330_B
Data_18331_A,Data_18331_B
Data_18332_A,Data_18332_B
Data_18333_A,Data_18333_B
Data_18334_A,Data_18334_B
Data_18335_A,Data_18335_B
Data_18336_A,Data_18336_B
Data_18337_A,Data_18337_B
Data_18338_A,Data_18338_B
Data_18339_A,Data_18339_B
Data_18340_A,Data_18340_B
Data_18341_A,Data_18341_B
Data_18342_A,Data_18342_B
Data_18343_A,Data_18343_B
Data_18344_A,Data_18344_B
Data_18345_A,Data_18345_B
Data_18346_A,Data_18346_B
Data_18347_A,Data_18347_B
Data_18348_A,Data_18348_B
Data_18349_A,Data_18349_B
Data_18350_A,Data_18350_B
Data_18351_A,Data_18351_B
Data_18352_A,Data_18352_B
Data_18353_A,Data_18353_B
Data_18354_A,Data_18354_B
Data_18355_A,Data_18355_B
Data_18356_A,Data_18356_B
Data_18357_A,Data_18357_B
Data_18358_A,Data_18358_B
Data_18359_A,Data_18359_B
Data_18360_A,Data_18360_B
Data_18361_A,Data_18361_B
Data_18362_A,Data_18362_B
Data_18363_A,Data_18363_B
Data_18364_A,Data_18364_B
Data_18365_A,Data_18365_B
Data_18366_A,Data_18366_B
Data_18367_A,Data_18367_B
Data_18368_A,Data_18368_B
Data_18369_A,Data_18369_B
Data_18370_A,Data_18370_B
Data_18371_A,Data_18371_B
Data_18372_A,Data_18372_B
Data_18373_A,Data_18373_B
Data_18374_A,Data_18374_B
Data_18375_A,Data_18375_B
Data_18376_A,Data_18376_B
Data_18377_A,Data_18377_B
Data_18378_A,Data_18378_B
Data_18379_A,Data_18379_B
Data_18380_A,Data_18380_B
Data_18381_A,Data_18381_B
Data_18382_A,Data_18382_B
Data_18383_A,Data_18383_B
Data_18384_A,Data_18384_B
Data_18385_A,Data_18385_B
Data_18386_A,Data_18386_B
Data_18387_A,Data_18387_B
Data_18388_A,Data_18388_B
Data_18389_A,Data_18389_B
Data_18390_A,Data_18390_B
Data_18391_A,Data_18391_B
Data_18392_A,Data_18392_B
Data_18393_A,Data_18393_B
Data_18394_A,Data_18394_B
Data_18395_A,Data_18395_B
Data_18396_A,Data_18396_B
Data_18397_A,Data_18397_B
Data_18398_A,Data_18398_B
Data_18399_A,Data_18399_B
Data_18400_A,Data_18400_B
Data_18401_A,Data_18401_B
Data_18402_A,Data_18402_B
Data_18403_A,Data_18403_B
Data_18404_A,Data_18404_B
Data_18405_A,Data_18405_B
Data_18406_A,Data_18406_B
Data_18407_A,Data_18407_B
Data_18408_A,Data_18408_B
Data_18409_A,Data_18409_B
Data_18410_A,Data_18410_B
Data_18411_A,Data_18411_B
Data_18412_A,Data_18412_B
Data_18413_A,Data_18413_B
Data_18414_A,Data_18414_B
Data_18415_A,Data_18415_B
Data_18416_A,Data_18416_B
Data_18417_A,Data_18417_B
Data_18418_A,Data_18418_B
Data_18419_A,Data_18419_B
Data_18420_A,Data_18420_B
Data_18421_A,Data_18421_B
Data_18422_A,Data_18422_B
Data_18423_A,Data_18423_B
Data_18424_A,Data_18424_B
Data_18425_A,Data_18425_B
Data_18426_A,Data_18426_B
Data_18427_A,Data_18427_B
Data_18428_A,Data_18428_B
Data_18429_A,Data_18429_B
Data_18430_A,Data_18430_B
Data_18431_A,Data_18431_B
Data_18432_A,Data_18432_B
Data_18433_A,Data_18433_B
Data_18434_A,Data_18434_B
Data_18435_A,Data_18435_B
Data_18436_A,Data_18436_B
Data_18437_A,Data_18437_B
Data_18438_A,Data_18438_B
Data_18439_A,Data_18439_B
Data_18440_A,Data_18440_B
Data_18441_A,Data_18441_B
Data_18442_A,Data_18442_B
Data_18443_A,Data_18443_B
Data_18444_A,Data_18444_B
Data_18445_A,Data_18445_B
Data_18446_A,Data_18446_B
Data_18447_A,Data_18447_B
Data_18448_A,Data_18448_B
Data_18449_A,Data_18449_B
Data_18450_A,Data_18450_B
Data_18451_A,Data_18451_B
Data_18452_A,Data_18452_B
Data_18453_A,Data_18453_B
Data_18454_A,Data_18454_B
Data_18455_A,Data_18455_B
Data_18456_A,Data_18456_B
Data_18457_A,Data_18457_B
Data_18458_A,Data_18458_B
Data_18459_A,Data_18459_B
Data_18460_A,Data_18460_B
Data_18461_A,Data_18461_B
Data_18462_A,Data_18462_B
Data_18463_A,Data_18463_B
Data_18464_A,Data_18464_B
Data_18465_A,Data_18465_B
Data_18466_A,Data_18466_B
Data_18467_A,Data_18467_B
Data_18468_A,Data_18468_B
Data_18469_A,Data_18469_B
Data_18470_A,Data_18470_B
Data_18471_A,Data_18471_B
Data_18472_A,Data_18472_B
Data_18473_A,Data_18473_B
Data_18474_A,Data_18474_B
Data_18475_A,Data_18475_B
Data_18476_A,Data_18476_B
Data_18477_A,Data_18477_B
Data_18478_A,Data_18478_B
Data_18479_A,Data_18479_B
Data_18480_A,Data_18480_B
Data_18481_A,Data_18481_B
Data_18482_A,Data_18482_B
Data_18483_A,Data_18483_B
Data_18484_A,Data_18484_B
Data_18485_A,Data_18485_B
Data_18486_A,Data_18486_B
Data_18487_A,Data_18487_B
Data_18488_A,Data_18488_B
Data_18489_A,Data_18489_B
Data_18490_A,Data_18490_B
Data_18491_A,Data_18491_B
Data_18492_A,Data_18492_B
Data_18493_A,Data_18493_B
Data_18494_A,Data_18494_B
Data_18495_A,Data_18495_B
Data_18496_A,Data_18496_B
Data_18497_A,Data_18497_B
Data_18498_A,Data_18498_B
Data_18499_A,Data_18499_B
Data_18500_A,Data_18500_B
Data_18501_A,Data_18501_B
Data_18502_A,Data_18502_B
Data_18503_A,Data_18503_B
Data_18504_A,Data_18504_B
Data_18505_A,Data_18505_B
Data_18506_A,Data_18506_B
Data_18507_A,Data_18507_B
Data_18508_A,Data_18508_B
Data_18509_A,Data_18509_B
Data_18510_A,Data_18510_B
Data_18511_A,Data_18511_B
Data_18512_A,Data_18512_B
Data_18513_A,Data_18513_B
Data_18514_A,Data_18514_B
Data_18515_A,Data_18515_B
Data_18516_A,Data_18516_B
Data_18517_A,Data_18517_B
Data_18518_A,Data_18518_B
Data_18519_A,Data_18519_B
Data_18520_A,Data_18520_B
Data_18521_A,Data_18521_B
Data_18522_A,Data_18522_B
Data_18523_A,Data_18523_B
Data_18524_A,Data_18524_B
Data_18525_A,Data_18525_B
Data_18526_A,Data_18526_B
Data_18527_A,Data_18527_B
Data_18528_A,Data_18528_B
Data_18529_A,Data_18529_B
Data_18530_A,Data_18530_B
Data_18531_A,Data_18531_B
Data_18532_A,Data_18532_B
Data_18533_A,Data_18533_B
Data_18534_A,Data_18534_B
Data_18535_A,Data_18535_B
Data_18536_A,Data_18536_B
Data_18537_A,Data_18537_B
Data_18538_A,Data_18538_B
Data_18539_A,Data_18539_B
Data_18540_A,Data_18540_B
Data_18541_A,Data_18541_B
Data_18542_A,Data_18542_B
Data_18543_A,Data_18543_B
Data_18544_A,Data_18544_B
Data_18545_A,Data_18545_B
Data_18546_A,Data_18546_B
Data_18547_A,Data_18547_B
Data_18548_A,Data_18548_B
Data_18549_A,Data_18549_B
Data_18550_A,Data_18550_B
Data_18551_A,Data_18551_B
Data_18552_A,Data_18552_B
Data_18553_A,Data_18553_B
Data_18554_A,Data_18554_B
Data_18555_A,Data_18555_B
Data_18556_A,Data_18556_B
Data_18557_A,Data_18557_B
Data_18558_A,Data_18558_B
Data_18559_A,Data_18559_B
Data_18560_A,Data_18560_B
Data_18561_A,Data_18561_B
Data_18562_A,Data_18562_B
Data_18563_A,Data_18563_B
Data_18564_A,Data_18564_B
Data_18565_A,Data_18565_B
Data_18566_A,Data_18566_B
Data_18567_A,Data_18567_B
Data_18568_A,Data_18568_B
Data_18569_A,Data_18569_B
Data_18570_A,Data_18570_B
Data_18571_A,Data_18571_B
Data_18572_A,Data_18572_B
Data_18573_A,Data_18573_B
Data_18574_A,Data_18574_B
Data_18575_A,Data_18575_B
Data_18576_A,Data_18576_B
Data_18577_A,Data_18577_B
Data_18578_A,Data_18578_B
Data_18579_A,Data_18579_B
Data_18580_A,Data_18580_B
Data_18581_A,Data_18581_B
Data_18582_A,Data_18582_B
Data_18583_A,Data_18583_B
Data_18584_A,Data_18584_B
Data_18585_A,Data_18585_B
Data_18586_A,Data_18586_B
Data_18587_A,Data_18587_B
Data_18588_A,Data_18588_B
Data_18589_A,Data_18589_B
Data_18590_A,Data_18590_B
Data_18591_A,Data_18591_B
Data_18592_A,Data_18592_B
Data_18593_A,Data_18593_B
Data_18594_A,Data_18594_B
Data_18595_A,Data_18595_B
Data_18596_A,Data_18596_B
Data_18597_A,Data_18597_B
Data_18598_A,Data_18598_B
Data_18599_A,Data_18599_B
Data_18600_A,Data_18600_B
Data_18601_A,Data_18601_B
Data_18602_A,Data_18602_B
Data_18603_A,Data_18603_B
Data_18604_A,Data_18604_B
Data_18605_A,Data_18605_B
Data_18606_A,Data_18606_B
Data_18607_A,Data_18607_B
Data_18608_A,Data_18608_B
Data_18609_A,Data_18609_B
Data_18610_A,Data_18610_B
Data_18611_A,Data_18611_B
Data_18612_A,Data_18612_B
Data_18613_A,Data_18613_B
Data_18614_A,Data_18614_B
Data_18615_A,Data_18615_B
Data_18616_A,Data_18616_B
Data_18617_A,Data_18617_B
Data_18618_A,Data_18618_B
Data_18619_A,Data_18619_B
Data_18620_A,Data_18620_B
Data_18621_A,Data_18621_B
Data_18622_A,Data_18622_B
Data_18623_A,Data_18623_B
Data_18624_A,Data_18624_B
Data_18625_A,Data_18625_B
Data_18626_A,Data_18626_B
Data_18627_A,Data_18627_B
Data_18628_A,Data_18628_B
Data_18629_A,Data_18629_B
Data_18630_A,Data_18630_B
Data_18631_A,Data_18631_B
Data_18632_A,Data_18632_B
Data_18633_A,Data_18633_B
Data_18634_A,Data_18634_B
Data_18635_A,Data_18635_B
Data_18636_A,Data_18636_B
Data_18637_A,Data_18637_B
Data_18638_A,Data_18638_B
Data_18639_A,Data_18639_B
Data_18640_A,Data_18640_B
Data_18641_A,Data_18641_B
Data_18642_A,Data_18642_B
Data_18643_A,Data_18643_B
Data_18644_A,Data_18644_B
Data_18645_A,Data_18645_B
Data_18646_A,Data_18646_B
Data_18647_A,Data_18647_B
Data_18648_A,Data_18648_B
Data_18649_A,Data_18649_B
Data_18650_A,Data_18650_B
Data_18651_A,Data_18651_B
Data_18652_A,Data_18652_B
Data_18653_A,Data_18653_B
Data_18654_A,Data_18654_B
Data_18655_A,Data_18655_B
Data_18656_A,Data_18656_B
Data_18657_A,Data_18657_B
Data_18658_A,Data_18658_B
Data_18659_A,Data_18659_B
Data_18660_A,Data_18660_B
Data_18661_A,Data_18661_B
Data_18662_A,Data_18662_B
Data_18663_A,Data_18663_B
Data_18664_A,Data_18664_B
Data_18665_A,Data_18665_B
Data_18666_A,Data_18666_B
Data_18667_A,Data_18667_B
Data_18668_A,Data_18668_B
Data_18669_A,Data_18669_B
Data_18670_A,Data_18670_B
Data_18671_A,Data_18671_B
Data_18672_A,Data_18672_B
Data_18673_A,Data_18673_B
Data_18674_A,Data_18674_B
Data_18675_A,Data_18675_B
Data_18676_A,Data_18676_B
Data_18677_A,Data_18677_B
Data_18678_A,Data_18678_B
Data_18679_A,Data_18679_B
Data_18680_A,Data_18680_B
Data_18681_A,Data_18681_B
Data_18682_A,Data_18682_B
Data_18683_A,Data_18683_B
Data_18684_A,Data_18684_B
Data_18685_A,Data_18685_B
Data_18686_A,Data_18686_B
Data_18687_A,Data_18687_B
Data_18688_A,Data_18688_B
Data_18689_A,Data_18689_B
Data_18690_A,Data_18690_B
Data_18691_A,Data_18691_B
Data_18692_A,Data_18692_B
Data_18693_A,Data_18693_B
Data_18694_A,Data_18694_B
Data_18695_A,Data_18695_B
Data_18696_A,Data_18696_B
Data_18697_A,Data_18697_B
Data_18698_A,Data_18698_B
Data_18699_A,Data_18699_B
Data_18700_A,Data_18700_B
Data_18701_A,Data_18701_B
Data_18702_A,Data_18702_B
Data_18703_A,Data_18703_B
Data_18704_A,Data_18704_B
Data_18705_A,Data_18705_B
Data_18706_A,Data_18706_B
Data_18707_A,Data_18707_B
Data_18708_A,Data_18708_B
Data_18709_A,Data_18709_B
Data_18710_A,Data_18710_B
Data_18711_A,Data_18711_B
Data_18712_A,Data_18712_B
Data_18713_A,Data_18713_B
Data_18714_A,Data_18714_B
Data_18715_A,Data_18715_B
Data_18716_A,Data_18716_B
Data_18717_A,Data_18717_B
Data_18718_A,Data_18718_B
Data_18719_A,Data_18719_B
Data_18720_A,Data_18720_B
Data_18721_A,Data_18721_B
Data_18722_A,Data_18722_B
Data_18723_A,Data_18723_B
Data_18724_A,Data_18724_B
Data_18725_A,Data_18725_B
Data_18726_A,Data_18726_B
Data_18727_A,Data_18727_B
Data_18728_A,Data_18728_B
Data_18729_A,Data_18729_B
Data_18730_A,Data_18730_B
Data_18731_A,Data_18731_B
Data_18732_A,Data_18732_B
Data_18733_A,Data_18733_B
Data_18734_A,Data_18734_B
Data_18735_A,Data_18735_B
Data_18736_A,Data_18736_B
Data_18737_A,Data_18737_B
Data_18738_A,Data_18738_B
Data_18739_A,Data_18739_B
Data_18740_A,Data_18740_B
Data_18741_A,Data_18741_B
Data_18742_A,Data_18742_B
Data_18743_A,Data_18743_B
Data_18744_A,Data_18744_B
Data_18745_A,Data_18745_B
Data_18746_A,Data_18746_B
Data_18747_A,Data_18747_B
Data_18748_A,Data_18748_B
Data_18749_A,Data_18749_B
Data_18750_A,Data_18750_B
Data_18751_A,Data_18751_B
Data_18752_A,Data_18752_B
Data_18753_A,Data_18753_B
Data_18754_A,Data_18754_B
Data_18755_A,Data_18755_B
Data_18756_A,Data_18756_B
Data_18757_A,Data_18757_B
Data_18758_A,Data_18758_B
Data_18759_A,Data_18759_B
Data_18760_A,Data_18760_B
Data_18761_A,Data_18761_B
Data_18762_A,Data_18762_B
Data_18763_A,Data_18763_B
Data_18764_A,Data_18764_B
Data_18765_A,Data_18765_B
Data_18766_A,Data_18766_B
Data_18767_A,Data_18767_B
Data_18768_A,Data_18768_B
Data_18769_A,Data_18769_B
Data_18770_A,Data_18770_B
Data_18771_A,Data_18771_B
Data_18772_A,Data_18772_B
Data_18773_A,Data_18773_B
Data_18774_A,Data_18774_B
Data_18775_A,Data_18775_B
Data_18776_A,Data_18776_B
Data_18777_A,Data_18777_B
Data_18778_A,Data_18778_B
Data_18779_A,Data_18779_B
Data_18780_A,Data_18780_B
Data_18781_A,Data_18781_B
Data_18782_A,Data_18782_B
Data_18783_A,Data_18783_B
Data_18784_A,Data_18784_B
Data_18785_A,Data_18785_B
Data_18786_A,Data_18786_B
Data_18787_A,Data_18787_B
Data_18788_A,Data_18788_B
Data_18789_A,Data_18789_B
Data_18790_A,Data_18790_B
Data_18791_A,Data_18791_B
Data_18792_A,Data_18792_B
Data_18793_A,Data_18793_B
Data_18794_A,Data_18794_B
Data_18795_A,Data_18795_B
Data_18796_A,Data_18796_B
Data_18797_A,Data_18797_B
Data_18798_A,Data_18798_B
Data_18799_A,Data_18799_B
Data_18800_A,Data_18800_B
Data_18801_A,Data_18801_B
Data_18802_A,Data_18802_B
Data_18803_A,Data_18803_B
Data_18804_A,Data_18804_B
Data_18805_A,Data_18805_B
Data_18806_A,Data_18806_B
Data_18807_A,Data_18807_B
Data_18808_A,Data_18808_B
Data_18809_A,Data_18809_B
Data_18810_A,Data_18810_B
Data_18811_A,Data_18811_B
Data_18812_A,Data_18812_B
Data_18813_A,Data_18813_B
Data_18814_A,Data_18814_B
Data_18815_A,Data_18815_B
Data_18816_A,Data_18816_B
Data_18817_A,Data_18817_B
Data_18818_A,Data_18818_B
Data_18819_A,Data_18819_B
Data_18820_A,Data_18820_B
Data_18821_A,Data_18821_B
Data_18822_A,Data_18822_B
Data_18823_A,Data_18823_B
Data_18824_A,Data_18824_B
Data_18825_A,Data_18825_B
Data_18826_A,Data_18826_B
Data_18827_A,Data_18827_B
Data_18828_A,Data_18828_B
Data_18829_A,Data_18829_B
Data_18830_A,Data_18830_B
Data_18831_A,Data_18831_B
Data_18832_A,Data_18832_B
Data_18833_A,Data_18833_B
Data_18834_A,Data_18834_B
Data_18835_A,Data_18835_B
Data_18836_A,Data_18836_B
Data_18837_A,Data_18837_B
Data_18838_A,Data_18838_B
Data_18839_A,Data_18839_B
Data_18840_A,Data_18840_B
Data_18841_A,Data_18841_B
Data_18842_A,Data_18842_B
Data_18843_A,Data_18843_B
Data_18844_A,Data_18844_B
Data_18845_A,Data_18845_B
Data_18846_A,Data_18846_B
Data_18847_A,Data_18847_B
Data_18848_A,Data_18848_B
Data_18849_A,Data_18849_B
Data_18850_A,Data_18850_B
Data_18851_A,Data_18851_B
Data_18852_A,Data_18852_B
Data_18853_A,Data_18853_B
Data_18854_A,Data_18854_B
Data_18855_A,Data_18855_B
Data_18856_A,Data_18856_B
Data_18857_A,Data_18857_B
Data_18858_A,Data_18858_B
Data_18859_A,Data_18859_B
Data_18860_A,Data_18860_B
Data_18861_A,Data_18861_B
Data_18862_A,Data_18862_B
Data_18863_A,Data_18863_B
Data_18864_A,Data_18864_B
Data_18865_A,Data_18865_B
Data_18866_A,Data_18866_B
Data_18867_A,Data_18867_B
Data_18868_A,Data_18868_B
Data_18869_A,Data_18869_B
Data_18870_A,Data_18870_B
Data_18871_A,Data_18871_B
Data_18872_A,Data_18872_B
Data_18873_A,Data_18873_B
Data_18874_A,Data_18874_B
Data_18875_A,Data_18875_B
Data_18876_A,Data_18876_B
Data_18877_A,Data_18877_B
Data_18878_A,Data_18878_B
Data_18879_A,Data_18879_B
Data_18880_A,Data_18880_B
Data_18881_A,Data_18881_B
Data_18882_A,Data_18882_B
Data_18883_A,Data_18883_B
Data_18884_A,Data_18884_B
Data_18885_A,Data_18885_B
Data_18886_A,Data_18886_B
Data_18887_A,Data_18887_B
Data_18888_A,Data_18888_B
Data_18889_A,Data_18889_B
Data_18890_A,Data_18890_B
Data_18891_A,Data_18891_B
Data_18892_A,Data_18892_B
Data_18893_A,Data_18893_B
Data_18894_A,Data_18894_B
Data_18895_A,Data_18895_B
Data_18896_A,Data_18896_B
Data_18897_A,Data_18897_B
Data_18898_A,Data_18898_B
Data_18899_A,Data_18899_B
Data_18900_A,Data_18900_B
Data_18901_A,Data_18901_B
Data_18902_A,Data_18902_B
Data_18903_A,Data_18903_B
Data_18904_A,Data_18904_B
Data_18905_A,Data_18905_B
Data_18906_A,Data_18906_B
Data_18907_A,Data_18907_B
Data_18908_A,Data_18908_B
Data_18909_A,Data_18909_B
Data_18910_A,Data_18910_B
Data_18911_A,Data_18911_B
Data_18912_A,Data_18912_B
Data_18913_A,Data_18913_B
Data_18914_A,Data_18914_B
Data_18915_A,Data_18915_B
Data_18916_A,Data_18916_B
Data_18917_A,Data_18917_B
Data_18918_A,Data_18918_B
Data_18919_A,Data_18919_B
Data_18920_A,Data_18920_B
Data_18921_A,Data_18921_B
Data_18922_A,Data_18922_B
Data_18923_A,Data_18923_B
Data_18924_A,Data_18924_B
Data_18925_A,Data_18925_B
Data_18926_A,Data_18926_B
Data_18927_A,Data_18927_B
Data_18928_A,Data_18928_B
Data_18929_A,Data_18929_B
Data_18930_A,Data_18930_B
Data_18931_A,Data_18931_B
Data_18932_A,Data_18932_B
Data_18933_A,Data_18933_B
Data_18934_A,Data_18934_B
Data_18935_A,Data_18935_B
Data_18936_A,Data_18936_B
Data_18937_A,Data_18937_B
Data_18938_A,Data_18938_B
Data_18939_A,Data_18939_B
Data_18940_A,Data_18940_B
Data_18941_A,Data_18941_B
Data_18942_A,Data_18942_B
Data_18943_A,Data_18943_B
Data_18944_A,Data_18944_B
Data_18945_A,Data_18945_B
Data_18946_A,Data_18946_B
Data_18947_A,Data_18947_B
Data_18948_A,Data_18948_B
Data_18949_A,Data_18949_B
Data_18950_A,Data_18950_B
Data_18951_A,Data_18951_B
Data_18952_A,Data_18952_B
Data_18953_A,Data_18953_B
Data_18954_A,Data_18954_B
Data_18955_A,Data_18955_B
Data_18956_A,Data_18956_B
Data_18957_A,Data_18957_B
Data_18958_A,Data_18958_B
Data_18959_A,Data_18959_B
Data_18960_A,Data_18960_B
Data_18961_A,Data_18961_B
Data_18962_A,Data_18962_B
Data_18963_A,Data_18963_B
Data_18964_A,Data_18964_B
Data_18965_A,Data_18965_B
Data_18966_A,Data_18966_B
Data_18967_A,Data_18967_B
Data_18968_A,Data_18968_B
Data_18969_A,Data_18969_B
Data_18970_A,Data_18970_B
Data_18971_A,Data_18971_B
Data_18972_A,Data_18972_B
Data_18973_A,Data_18973_B
Data_18974_A,Data_18974_B
Data_18975_A,Data_18975_B
Data_18976_A,Data_18976_B
Data_18977_A,Data_18977_B
Data_18978_A,Data_18978_B
Data_18979_A,Data_18979_B
Data_18980_A,Data_18980_B
Data_18981_A,Data_18981_B
Data_18982_A,Data_18982_B
Data_18983_A,Data_18983_B
Data_18984_A,Data_18984_B
Data_18985_A,Data_18985_B
Data_18986_A,Data_18986_B
Data_18987_A,Data_18987_B
Data_18988_A,Data_18988_B
Data_18989_A,Data_18989_B
Data_18990_A,Data_18990_B
Data_18991_A,Data_18991_B
Data_18992_A,Data_18992_B
Data_18993_A,Data_18993_B
Data_18994_A,Data_18994_B
Data_18995_A,Data_18995_B
Data_18996_A,Data_18996_B
Data_18997_A,Data_18997_B
Data_18998_A,Data_18998_B
Data_18999_A,Data_18999_B
Data_19000_A,Data_19000_B
Data_19001_A,Data_19001_B
Data_19002_A,Data_19002_B
Data_19003_A,Data_19003_B
Data_19004_A,Data_19004_B
Data_19005_A,Data_19005_B
Data_19006_A,Data_19006_B
Data_19007_A,Data_19007_B
Data_19008_A,Data_19008_B
Data_19009_A,Data_19009_B
Data_19010_A,Data_19010_B
Data_19011_A,Data_19011_B
Data_19012_A,Data_19012_B
Data_19013_A,Data_19013_B
Data_19014_A,Data_19014_B
Data_19015_A,Data_19015_B
Data_19016_A,Data_19016_B
Data_19017_A,Data_19017_B
Data_19018_A,Data_19018_B
Data_19019_A,Data_19019_B
Data_19020_A,Data_19020_B
Data_19021_A,Data_19021_B
Data_19022_A,Data_19022_B
Data_19023_A,Data_19023_B
Data_19024_A,Data_19024_B
Data_19025_A,Data_19025_B
Data_19026_A,Data_19026_B
Data_19027_A,Data_19027_B
Data_19028_A,Data_19028_B
Data_19029_A,Data_19029_B
Data_19030_A,Data_19030_B
Data_19031_A,Data_19031_B
Data_19032_A,Data_19032_B
Data_19033_A,Data_19033_B
Data_19034_A,Data_19034_B
Data_19035_A,Data_19035_B
Data_19036_A,Data_19036_B
Data_19037_A,Data_19037_B
Data_19038_A,Data_19038_B
Data_19039_A,Data_19039_B
Data_19040_A,Data_19040_B
Data_19041_A,Data_19041_B
Data_19042_A,Data_19042_B
Data_19043_A,Data_19043_B
Data_19044_A,Data_19044_B
Data_19045_A,Data_19045_B
Data_19046_A,Data_19046_B
Data_19047_A,Data_19047_B
Data_19048_A,Data_19048_B
Data_19049_A,Data_19049_B
Data_19050_A,Data_19050_B
Data_19051_A,Data_19051_B
Data_19052_A,Data_19052_B
Data_19053_A,Data_19053_B
Data_19054_A,Data_19054_B
Data_19055_A,Data_19055_B
Data_19056_A,Data_19056_B
Data_19057_A,Data_19057_B
Data_19058_A,Data_19058_B
Data_19059_A,Data_19059_B
Data_19060_A,Data_19060_B
Data_19061_A,Data_19061_B
Data_19062_A,Data_19062_B
Data_19063_A,Data_19063_B
Data_19064_A,Data_19064_B
Data_19065_A,Data_19065_B
Data_19066_A,Data_19066_B
Data_19067_A,Data_19067_B
Data_19068_A,Data_19068_B
Data_19069_A,Data_19069_B
Data_19070_A,Data_19070_B
Data_19071_A,Data_19071_B
Data_19072_A,Data_19072_B
Data_19073_A,Data_19073_B
Data_19074_A,Data_19074_B
Data_19075_A,Data_19075_B
Data_19076_A,Data_19076_B
Data_19077_A,Data_19077_B
Data_19078_A,Data_19078_B
Data_19079_A,Data_19079_B
Data_19080_A,Data_19080_B
Data_19081_A,Data_19081_B
Data_19082_A,Data_19082_B
Data_19083_A,Data_19083_B
Data_19084_A,Data_19084_B
Data_19085_A,Data_19085_B
Data_19086_A,Data_19086_B
Data_19087_A,Data_19087_B
Data_19088_A,Data_19088_B
Data_19089_A,Data_19089_B
Data_19090_A,Data_19090_B
Data_19091_A,Data_19091_B
Data_19092_A,Data_19092_B
Data_19093_A,Data_19093_B
Data_19094_A,Data_19094_B
Data_19095_A,Data_19095_B
Data_19096_A,Data_19096_B
Data_19097_A,Data_19097_B
Data_19098_A,Data_19098_B
Data_19099_A,Data_19099_B
Data_19100_A,Data_19100_B
Data_19101_A,Data_19101_B
Data_19102_A,Data_19102_B
Data_19103_A,Data_19103_B
Data_19104_A,Data_19104_B
Data_19105_A,Data_19105_B
Data_19106_A,Data_19106_B
Data_19107_A,Data_19107_B
Data_19108_A,Data_19108_B
Data_19109_A,Data_19109_B
Data_19110_A,Data_19110_B
Data_19111_A,Data_19111_B
Data_19112_A,Data_19112_B
Data_19113_A,Data_19113_B
Data_19114_A,Data_19114_B
Data_19115_A,Data_19115_B
Data_19116_A,Data_19116_B
Data_19117_A,Data_19117_B
Data_19118_A,Data_19118_B
Data_19119_A,Data_19119_B
Data_19120_A,Data_19120_B
Data_19121_A,Data_19121_B
Data_19122_A,Data_19122_B
Data_19123_A,Data_19123_B
Data_19124_A,Data_19124_B
Data_19125_A,Data_19125_B
Data_19126_A,Data_19126_B
Data_19127_A,Data_19127_B
Data_19128_A,Data_19128_B
Data_19129_A,Data_19129_B
Data_19130_A,Data_19130_B
Data_19131_A,Data_19131_B
Data_19132_A,Data_19132_B
Data_19133_A,Data_19133_B
Data_19134_A,Data_19134_B
Data_19135_A,Data_19135_B
Data_19136_A,Data_19136_B
Data_19137_A,Data_19137_B
Data_19138_A,Data_19138_B
Data_19139_A,Data_19139_B
Data_19140_A,Data_19140_B
Data_19141_A,Data_19141_B
Data_19142_A,Data_19142_B
Data_19143_A,Data_19143_B
Data_19144_A,Data_19144_B
Data_19145_A,Data_19145_B
Data_19146_A,Data_19146_B
Data_19147_A,Data_19147_B
Data_19148_A,Data_19148_B
Data_19149_A,Data_19149_B
Data_19150_A,Data_19150_B
Data_19151_A,Data_19151_B
Data_19152_A,Data_19152_B
Data_19153_A,Data_19153_B
Data_19154_A,Data_19154_B
Data_19155_A,Data_19155_B
Data_19156_A,Data_19156_B
Data_19157_A,Data_19157_B
Data_19158_A,Data_19158_B
Data_19159_A,Data_19159_B
Data_19160_A,Data_19160_B
Data_19161_A,Data_19161_B
Data_19162_A,Data_19162_B
Data_19163_A,Data_19163_B
Data_19164_A,Data_19164_B
Data_19165_A,Data_19165_B
Data_19166_A,Data_19166_B
Data_19167_A,Data_19167_B
Data_19168_A,Data_19168_B
Data_19169_A,Data_19169_B
Data_19170_A,Data_19170_B
Data_19171_A,Data_19171_B
Data_19172_A,Data_19172_B
Data_19173_A,Data_19173_B
Data_19174_A,Data_19174_B
Data_19175_A,Data_19175_B
Data_19176_A,Data_19176_B
Data_19177_A,Data_19177_B
Data_19178_A,Data_19178_B
Data_19179_A,Data_19179_B
Data_19180_A,Data_19180_B
Data_19181_A,Data_19181_B
Data_19182_A,Data_19182_B
Data_19183_A,Data_19183_B
Data_19184_A,Data_19184_B
Data_19185_A,Data_19185_B
Data_19186_A,Data_19186_B
Data_19187_A,Data_19187_B
Data_19188_A,Data_19188_B
Data_19189_A,Data_19189_B
Data_19190_A,Data_19190_B
Data_19191_A,Data_19191_B
Data_19192_A,Data_19192_B
Data_19193_A,Data_19193_B
Data_19194_A,Data_19194_B
Data_19195_A,Data_19195_B
Data_19196_A,Data_19196_B
Data_19197_A,Data_19197_B
Data_19198_A,Data_19198_B
Data_19199_A,Data_19199_B
Data_19200_A,Data_19200_B
Data_19201_A,Data_19201_B
Data_19202_A,Data_19202_B
Data_19203_A,Data_19203_B
Data_19204_A,Data_19204_B
Data_19205_A,Data_19205_B
Data_19206_A,Data_19206_B
Data_19207_A,Data_19207_B
Data_19208_A,Data_19208_B
Data_19209_A,Data_19209_B
Data_19210_A,Data_19210_B
Data_19211_A,Data_19211_B
Data_19212_A,Data_19212_B
Data_19213_A,Data_19213_B
Data_19214_A,Data_19214_B
Data_19215_A,Data_19215_B
Data_19216_A,Data_19216_B
Data_19217_A,Data_19217_B
Data_19218_A,Data_19218_B
Data_19219_A,Data_19219_B
Data_19220_A,Data_19220_B
Data_19221_A,Data_19221_B
Data_19222_A,Data_19222_B
Data_19223_A,Data_19223_B
Data_19224_A,Data_19224_B
Data_19225_A,Data_19225_B
Data_19226_A,Data_19226_B
Data_19227_A,Data_19227_B
Data_19228_A,Data_19228_B
Data_19229_A,Data_19229_B
Data_19230_A,Data_19230_B
Data_19231_A,Data_19231_B
Data_19232_A,Data_19232_B
Data_19233_A,Data_19233_B
Data_19234_A,Data_19234_B
Data_19235_A,Data_19235_B
Data_19236_A,Data_19236_B
Data_19237_A,Data_19237_B
Data_19238_A,Data_19238_B
Data_19239_A,Data_19239_B
Data_19240_A,Data_19240_B
Data_19241_A,Data_19241_B
Data_19242_A,Data_19242_B
Data_19243_A,Data_19243_B
Data_19244_A,Data_19244_B
Data_19245_A,Data_19245_B
Data_19246_A,Data_19246_B
Data_19247_A,Data_19247_B
Data_19248_A,Data_19248_B
Data_19249_A,Data_19249_B
Data_19250_A,Data_19250_B
Data_19251_A,Data_19251_B
Data_19252_A,Data_19252_B
Data_19253_A,Data_19253_B
Data_19254_A,Data_19254_B
Data_19255_A,Data_19255_B
Data_19256_A,Data_19256_B
Data_19257_A,Data_19257_B
Data_19258_A,Data_19258_B
Data_19259_A,Data_19259_B
Data_19260_A,Data_19260_B
Data_19261_A,Data_19261_B
Data_19262_A,Data_19262_B
Data_19263_A,Data_19263_B
Data_19264_A,Data_19264_B
Data_19265_A,Data_19265_B
Data_19266_A,Data_19266_B
Data_19267_A,Data_19267_B
Data_19268_A,Data_19268_B
Data_19269_A,Data_19269_B
Data_19270_A,Data_19270_B
Data_19271_A,Data_19271_B
Data_19272_A,Data_19272_B
Data_19273_A,Data_19273_B
Data_19274_A,Data_19274_B
Data_19275_A,Data_19275_B
Data_19276_A,Data_19276_B
Data_19277_A,Data_19277_B
Data_19278_A,Data_19278_B
Data_19279_A,Data_19279_B
Data_19280_A,Data_19280_B
Data_19281_A,Data_19281_B
Data_19282_A,Data_19282_B
Data_19283_A,Data_19283_B
Data_19284_A,Data_19284_B
Data_19285_A,Data_19285_B
Data_19286_A,Data_19286_B
Data_19287_A,Data_19287_B
Data_19288_A,Data_19288_B
Data_19289_A,Data_19289_B
Data_19290_A,Data_19290_B
Data_19291_A,Data_19291_B
Data_19292_A,Data_19292_B
Data_19293_A,Data_19293_B
Data_19294_A,Data_19294_B
Data_19295_A,Data_19295_B
Data_19296_A,Data_19296_B
Data_19297_A,Data_19297_B
Data_19298_A,Data_19298_B
Data_19299_A,Data_19299_B
Data_19300_A,Data_19300_B
Data_19301_A,Data_19301_B
Data_19302_A,Data_19302_B
Data_19303_A,Data_19303_B
Data_19304_A,Data_19304_B
Data_19305_A,Data_19305_B
Data_19306_A,Data_19306_B
Data_19307_A,Data_19307_B
Data_19308_A,Data_19308_B
Data_19309_A,Data_19309_B
Data_19310_A,Data_19310_B
Data_19311_A,Data_19311_B
Data_19312_A,Data_19312_B
Data_19313_A,Data_19313_B
Data_19314_A,Data_19314_B
Data_19315_A,Data_19315_B
Data_19316_A,Data_19316_B
Data_19317_A,Data_19317_B
Data_19318_A,Data_19318_B
Data_19319_A,Data_19319_B
Data_19320_A,Data_19320_B
Data_19321_A,Data_19321_B
Data_19322_A,Data_19322_B
Data_19323_A,Data_19323_B
Data_19324_A,Data_19324_B
Data_19325_A,Data_19325_B
Data_19326_A,Data_19326_B
Data_19327_A,Data_19327_B
Data_19328_A,Data_19328_B
Data_19329_A,Data_19329_B
Data_19330_A,Data_19330_B
Data_19331_A,Data_19331_B
Data_19332_A,Data_19332_B
Data_19333_A,Data_19333_B
Data_19334_A,Data_19334_B
Data_19335_A,Data_19335_B
Data_19336_A,Data_19336_B
Data_19337_A,Data_19337_B
Data_19338_A,Data_19338_B
Data_19339_A,Data_19339_B
Data_19340_A,Data_19340_B
Data_19341_A,Data_19341_B
Data_19342_A,Data_19342_B
Data_19343_A,Data_19343_B
Data_19344_A,Data_19344_B
Data_19345_A,Data_19345_B
Data_19346_A,Data_19346_B
Data_19347_A,Data_19347_B
Data_19348_A,Data_19348_B
Data_19349_A,Data_19349_B
Data_19350_A,Data_19350_B
Data_19351_A,Data_19351_B
Data_19352_A,Data_19352_B
Data_19353_A,Data_19353_B
Data_19354_A,Data_19354_B
Data_19355_A,Data_19355_B
Data_19356_A,Data_19356_B
Data_19357_A,Data_19357_B
Data_19358_A,Data_19358_B
Data_19359_A,Data_19359_B
Data_19360_A,Data_19360_B
Data_19361_A,Data_19361_B
Data_19362_A,Data_19362_B
Data_19363_A,Data_19363_B
Data_19364_A,Data_19364_B
Data_19365_A,Data_19365_B
Data_19366_A,Data_19366_B
Data_19367_A,Data_19367_B
Data_19368_A,Data_19368_B
Data_19369_A,Data_19369_B
Data_19370_A,Data_19370_B
Data_19371_A,Data_19371_B
Data_19372_A,Data_19372_B
Data_19373_A,Data_19373_B
Data_19374_A,Data_19374_B
Data_19375_A,Data_19375_B
Data_19376_A,Data_19376_B
Data_19377_A,Data_19377_B
Data_19378_A,Data_19378_B
Data_19379_A,Data_19379_B
Data_19380_A,Data_19380_B
Data_19381_A,Data_19381_B
Data_19382_A,Data_19382_B
Data_19383_A,Data_19383_B
Data_19384_A,Data_19384_B
Data_19385_A,Data_19385_B
Data_19386_A,Data_19386_B
Data_19387_A,Data_19387_B
Data_19388_A,Data_19388_B
Data_19389_A,Data_19389_B
Data_19390_A,Data_19390_B
Data_19391_A,Data_19391_B
Data_19392_A,Data_19392_B
Data_19393_A,Data_19393_B
Data_19394_A,Data_19394_B
Data_19395_A,Data_19395_B
Data_19396_A,Data_19396_B
Data_19397_A,Data_19397_B
Data_19398_A,Data_19398_B
Data_19399_A,Data_19399_B
Data_19400_A,Data_19400_B
Data_19401_A,Data_19401_B
Data_19402_A,Data_19402_B
Data_19403_A,Data_19403_B
Data_19404_A,Data_19404_B
Data_19405_A,Data_19405_B
Data_19406_A,Data_19406_B
Data_19407_A,Data_19407_B
Data_19408_A,Data_19408_B
Data_19409_A,Data_19409_B
Data_19410_A,Data_19410_B
Data_19411_A,Data_19411_B
Data_19412_A,Data_19412_B
Data_19413_A,Data_19413_B
Data_19414_A,Data_19414_B
Data_19415_A,Data_19415_B
Data_19416_A,Data_19416_B
Data_19417_A,Data_19417_B
Data_19418_A,Data_19418_B
Data_19419_A,Data_19419_B
Data_19420_A,Data_19420_B
Data_19421_A,Data_19421_B
Data_19422_A,Data_19422_B
Data_19423_A,Data_19423_B
Data_19424_A,Data_19424_B
Data_19425_A,Data_19425_B
Data_19426_A,Data_19426_B
Data_19427_A,Data_19427_B
Data_19428_A,Data_19428_B
Data_19429_A,Data_19429_B
Data_19430_A,Data_19430_B
Data_19431_A,Data_19431_B
Data_19432_A,Data_19432_B
Data_19433_A,Data_19433_B
Data_19434_A,Data_19434_B
Data_19435_A,Data_19435_B
Data_19436_A,Data_19436_B
Data_19437_A,Data_19437_B
Data_19438_A,Data_19438_B
Data_19439_A,Data_19439_B
Data_19440_A,Data_19440_B
Data_19441_A,Data_19441_B
Data_19442_A,Data_19442_B
Data_19443_A,Data_19443_B
Data_19444_A,Data_19444_B
Data_19445_A,Data_19445_B
Data_19446_A,Data_19446_B
Data_19447_A,Data_19447_B
Data_19448_A,Data_19448_B
Data_19449_A,Data_19449_B
Data_19450_A,Data_19450_B
Data_19451_A,Data_19451_B
Data_19452_A,Data_19452_B
Data_19453_A,Data_19453_B
Data_19454_A,Data_19454_B
Data_19455_A,Data_19455_B
Data_19456_A,Data_19456_B
Data_19457_A,Data_19457_B
Data_19458_A,Data_19458_B
Data_19459_A,Data_19459_B
Data_19460_A,Data_19460_B
Data_19461_A,Data_19461_B
Data_19462_A,Data_19462_B
Data_19463_A,Data_19463_B
Data_19464_A,Data_19464_B
Data_19465_A,Data_19465_B
Data_19466_A,Data_19466_B
Data_19467_A,Data_19467_B
Data_19468_A,Data_19468_B
Data_19469_A,Data_19469_B
Data_19470_A,Data_19470_B
Data_19471_A,Data_19471_B
Data_19472_A,Data_19472_B
Data_19473_A,Data_19473_B
Data_19474_A,Data_19474_B
Data_19475_A,Data_19475_B
Data_19476_A,Data_19476_B
Data_19477_A,Data_19477_B
Data_19478_A,Data_19478_B
Data_19479_A,Data_19479_B
Data_19480_A,Data_19480_B
Data_19481_A,Data_19481_B
Data_19482_A,Data_19482_B
Data_19483_A,Data_19483_B
Data_19484_A,Data_19484_B
Data_19485_A,Data_19485_B
Data_19486_A,Data_19486_B
Data_19487_A,Data_19487_B
Data_19488_A,Data_19488_B
Data_19489_A,Data_19489_B
Data_19490_A,Data_19490_B
Data_19491_A,Data_19491_B
Data_19492_A,Data_19492_B
Data_19493_A,Data_19493_B
Data_19494_A,Data_19494_B
Data_19495_A,Data_19495_B
Data_19496_A,Data_19496_B
Data_19497_A,Data_19497_B
Data_19498_A,Data_19498_B
Data_19499_A,Data_19499_B
Data_19500_A,Data_19500_B
Data_19501_A,Data_19501_B
Data_19502_A,Data_19502_B
Data_19503_A,Data_19503_B
Data_19504_A,Data_19504_B
Data_19505_A,Data_19505_B
Data_19506_A,Data_19506_B
Data_19507_A,Data_19507_B
Data_19508_A,Data_19508_B
Data_19509_A,Data_19509_B
Data_19510_A,Data_19510_B
Data_19511_A,Data_19511_B
Data_19512_A,Data_19512_B
Data_19513_A,Data_19513_B
Data_19514_A,Data_19514_B
Data_19515_A,Data_19515_B
Data_19516_A,Data_19516_B
Data_19517_A,Data_19517_B
Data_19518_A,Data_19518_B
Data_19519_A,Data_19519_B
Data_19520_A,Data_19520_B
Data_19521_A,Data_19521_B
Data_19522_A,Data_19522_B
Data_19523_A,Data_19523_B
Data_19524_A,Data_19524_B
Data_19525_A,Data_19525_B
Data_19526_A,Data_19526_B
Data_19527_A,Data_19527_B
Data_19528_A,Data_19528_B
Data_19529_A,Data_19529_B
Data_19530_A,Data_19530_B
Data_19531_A,Data_19531_B
Data_19532_A,Data_19532_B
Data_19533_A,Data_19533_B
Data_19534_A,Data_19534_B
Data_19535_A,Data_19535_B
Data_19536_A,Data_19536_B
Data_19537_A,Data_19537_B
Data_19538_A,Data_19538_B
Data_19539_A,Data_19539_B
Data_19540_A,Data_19540_B
Data_19541_A,Data_19541_B
Data_19542_A,Data_19542_B
Data_19543_A,Data_19543_B
Data_19544_A,Data_19544_B
Data_19545_A,Data_19545_B
Data_19546_A,Data_19546_B
Data_19547_A,Data_19547_B
Data_19548_A,Data_19548_B
Data_19549_A,Data_19549_B
Data_19550_A,Data_19550_B
Data_19551_A,Data_19551_B
Data_19552_A,Data_19552_B
Data_19553_A,Data_19553_B
Data_19554_A,Data_19554_B
Data_19555_A,Data_19555_B
Data_19556_A,Data_19556_B
Data_19557_A,Data_19557_B
Data_19558_A,Data_19558_B
Data_19559_A,Data_19559_B
Data_19560_A,Data_19560_B
Data_19561_A,Data_19561_B
Data_19562_A,Data_19562_B
Data_19563_A,Data_19563_B
Data_19564_A,Data_19564_B
Data_19565_A,Data_19565_B
Data_19566_A,Data_19566_B
Data_19567_A,Data_19567_B
Data_19568_A,Data_19568_B
Data_19569_A,Data_19569_B
Data_19570_A,Data_19570_B
Data_19571_A,Data_19571_B
Data_19572_A,Data_19572_B
Data_19573_A,Data_19573_B
Data_19574_A,Data_19574_B
Data_19575_A,Data_19575_B
Data_19576_A,Data_19576_B
Data_19577_A,Data_19577_B
Data_19578_A,Data_19578_B
Data_19579_A,Data_19579_B
Data_19580_A,Data_19580_B
Data_19581_A,Data_19581_B
Data_19582_A,Data_19582_B
Data_19583_A,Data_19583_B
Data_19584_A,Data_19584_B
Data_19585_A,Data_19585_B
Data_19586_A,Data_19586_B
Data_19587_A,Data_19587_B
Data_19588_A,Data_19588_B
Data_19589_A,Data_19589_B
Data_19590_A,Data_19590_B
Data_19591_A,Data_19591_B
Data_19592_A,Data_19592_B
Data_19593_A,Data_19593_B
Data_19594_A,Data_19594_B
Data_19595_A,Data_19595_B
Data_19596_A,Data_19596_B
Data_19597_A,Data_19597_B
Data_19598_A,Data_19598_B
Data_19599_A,Data_19599_B
Data_19600_A,Data_19600_B
Data_19601_A,Data_19601_B
Data_19602_A,Data_19602_B
Data_19603_A,Data_19603_B
Data_19604_A,Data_19604_B
Data_19605_A,Data_19605_B
Data_19606_A,Data_19606_B
Data_19607_A,Data_19607_B
Data_19608_A,Data_19608_B
Data_19609_A,Data_19609_B
Data_19610_A,Data_19610_B
Data_19611_A,Data_19611_B
Data_19612_A,Data_19612_B
Data_19613_A,Data_19613_B
Data_19614_A,Data_19614_B
Data_19615_A,Data_19615_B
Data_19616_A,Data_19616_B
Data_19617_A,Data_19617_B
Data_19618_A,Data_19618_B
Data_19619_A,Data_19619_B
Data_19620_A,Data_19620_B
Data_19621_A,Data_19621_B
Data_19622_A,Data_19622_B
Data_19623_A,Data_19623_B
Data_19624_A,Data_19624_B
Data_19625_A,Data_19625_B
Data_19626_A,Data_19626_B
Data_19627_A,Data_19627_B
Data_19628_A,Data_19628_B
Data_19629_A,Data_19629_B
Data_19630_A,Data_19630_B
Data_19631_A,Data_19631_B
Data_19632_A,Data_19632_B
Data_19633_A,Data_19633_B
Data_19634_A,Data_19634_B
Data_19635_A,Data_19635_B
Data_19636_A,Data_19636_B
Data_19637_A,Data_19637_B
Data_19638_A,Data_19638_B
Data_19639_A,Data_19639_B
Data_19640_A,Data_19640_B
Data_19641_A,Data_19641_B
Data_19642_A,Data_19642_B
Data_19643_A,Data_19643_B
Data_19644_A,Data_19644_B
Data_19645_A,Data_19645_B
Data_19646_A,Data_19646_B
Data_19647_A,Data_19647_B
Data_19648_A,Data_19648_B
Data_19649_A,Data_19649_B
Data_19650_A,Data_19650_B
Data_19651_A,Data_19651_B
Data_19652_A,Data_19652_B
Data_19653_A,Data_19653_B
Data_19654_A,Data_19654_B
Data_19655_A,Data_19655_B
Data_19656_A,Data_19656_B
Data_19657_A,Data_19657_B
Data_19658_A,Data_19658_B
Data_19659_A,Data_19659_B
Data_19660_A,Data_19660_B
Data_19661_A,Data_19661_B
Data_19662_A,Data_19662_B
Data_19663_A,Data_19663_B
Data_19664_A,Data_19664_B
Data_19665_A,Data_19665_B
Data_19666_A,Data_19666_B
Data_19667_A,Data_19667_B
Data_19668_A,Data_19668_B
Data_19669_A,Data_19669_B
Data_19670_A,Data_19670_B
Data_19671_A,Data_19671_B
Data_19672_A,Data_19672_B
Data_19673_A,Data_19673_B
Data_19674_A,Data_19674_B
Data_19675_A,Data_19675_B
Data_19676_A,Data_19676_B
Data_19677_A,Data_19677_B
Data_19678_A,Data_19678_B
Data_19679_A,Data_19679_B
Data_19680_A,Data_19680_B
Data_19681_A,Data_19681_B
Data_19682_A,Data_19682_B
Data_19683_A,Data_19683_B
Data_19684_A,Data_19684_B
Data_19685_A,Data_19685_B
Data_19686_A,Data_19686_B
Data_19687_A,Data_19687_B
Data_19688_A,Data_19688_B
Data_19689_A,Data_19689_B
Data_19690_A,Data_19690_B
Data_19691_A,Data_19691_B
Data_19692_A,Data_19692_B
Data_19693_A,Data_19693_B
Data_19694_A,Data_19694_B
Data_19695_A,Data_19695_B
Data_19696_A,Data_19696_B
Data_19697_A,Data_19697_B
Data_19698_A,Data_19698_B
Data_19699_A,Data_19699_B
Data_19700_A,Data_19700_B
Data_19701_A,Data_19701_B
Data_19702_A,Data_19702_B
Data_19703_A,Data_19703_B
Data_19704_A,Data_19704_B
Data_19705_A,Data_19705_B
Data_19706_A,Data_19706_B
Data_19707_A,Data_19707_B
Data_19708_A,Data_19708_B
Data_19709_A,Data_19709_B
Data_19710_A,Data_19710_B
Data_19711_A,Data_19711_B
Data_19712_A,Data_19712_B
Data_19713_A,Data_19713_B
Data_19714_A,Data_19714_B
Data_19715_A,Data_19715_B
Data_19716_A,Data_19716_B
Data_19717_A,Data_19717_B
Data_19718_A,Data_19718_B
Data_19719_A,Data_19719_B
Data_19720_A,Data_19720_B
Data_19721_A,Data_19721_B
Data_19722_A,Data_19722_B
Data_19723_A,Data_19723_B
Data_19724_A,Data_19724_B
Data_19725_A,Data_19725_B
Data_19726_A,Data_19726_B
Data_19727_A,Data_19727_B
Data_19728_A,Data_19728_B
Data_19729_A,Data_19729_B
Data_19730_A,Data_19730_B
Data_19731_A,Data_19731_B
Data_19732_A,Data_19732_B
Data_19733_A,Data_19733_B
Data_19734_A,Data_19734_B
Data_19735_A,Data_19735_B
Data_19736_A,Data_19736_B
Data_19737_A,Data_19737_B
Data_19738_A,Data_19738_B
Data_19739_A,Data_19739_B
Data_19740_A,Data_19740_B
Data_19741_A,Data_19741_B
Data_19742_A,Data_19742_B
Data_19743_A,Data_19743_B
Data_19744_A,Data_19744_B
Data_19745_A,Data_19745_B
Data_19746_A,Data_19746_B
Data_19747_A,Data_19747_B
Data_19748_A,Data_19748_B
Data_19749_A,Data_19749_B
Data_19750_A,Data_19750_B
Data_19751_A,Data_19751_B
Data_19752_A,Data_19752_B
Data_19753_A,Data_19753_B
Data_19754_A,Data_19754_B
Data_19755_A,Data_19755_B
Data_19756_A,Data_19756_B
Data_19757_A,Data_19757_B
Data_19758_A,Data_19758_B
Data_19759_A,Data_19759_B
Data_19760_A,Data_19760_B
Data_19761_A,Data_19761_B
Data_19762_A,Data_19762_B
Data_19763_A,Data_19763_B
Data_19764_A,Data_19764_B
Data_19765_A,Data_19765_B
Data_19766_A,Data_19766_B
Data_19767_A,Data_19767_B
Data_19768_A,Data_19768_B
Data_19769_A,Data_19769_B
Data_19770_A,Data_19770_B
Data_19771_A,Data_19771_B
Data_19772_A,Data_19772_B
Data_19773_A,Data_19773_B
Data_19774_A,Data_19774_B
Data_19775_A,Data_19775_B
Data_19776_A,Data_19776_B
Data_19777_A,Data_19777_B
Data_19778_A,Data_19778_B
Data_19779_A,Data_19779_B
Data_19780_A,Data_19780_B
Data_19781_A,Data_19781_B
Data_19782_A,Data_19782_B
Data_19783_A,Data_19783_B
Data_19784_A,Data_19784_B
Data_19785_A,Data_19785_B
Data_19786_A,Data_19786_B
Data_19787_A,Data_19787_B
Data_19788_A,Data_19788_B
Data_19789_A,Data_19789_B
Data_19790_A,Data_19790_B
Data_19791_A,Data_19791_B
Data_19792_A,Data_19792_B
Data_19793_A,Data_19793_B
Data_19794_A,Data_19794_B
Data_19795_A,Data_19795_B
Data_19796_A,Data_19796_B
Data_19797_A,Data_19797_B
Data_19798_A,Data_19798_B
Data_19799_A,Data_19799_B
Data_19800_A,Data_19800_B
Data_19801_A,Data_19801_B
Data_19802_A,Data_19802_B
Data_19803_A,Data_19803_B
Data_19804_A,Data_19804_B
Data_19805_A,Data_19805_B
Data_19806_A,Data_19806_B
Data_19807_A,Data_19807_B
Data_19808_A,Data_19808_B
Data_19809_A,Data_19809_B
Data_19810_A,Data_19810_B
Data_19811_A,Data_19811_B
Data_19812_A,Data_19812_B
Data_19813_A,Data_19813_B
Data_19814_A,Data_19814_B
Data_19815_A,Data_19815_B
Data_19816_A,Data_19816_B
Data_19817_A,Data_19817_B
Data_19818_A,Data_19818_B
Data_19819_A,Data_19819_B
Data_19820_A,Data_19820_B
Data_19821_A,Data_19821_B
Data_19822_A,Data_19822_B
Data_19823_A,Data_19823_B
Data_19824_A,Data_19824_B
Data_19825_A,Data_19825_B
Data_19826_A,Data_19826_B
Data_19827_A,Data_19827_B
Data_19828_A,Data_19828_B
Data_19829_A,Data_19829_B
Data_19830_A,Data_19830_B
Data_19831_A,Data_19831_B
Data_19832_A,Data_19832_B
Data_19833_A,Data_19833_B
Data_19834_A,Data_19834_B
Data_19835_A,Data_19835_B
Data_19836_A,Data_19836_B
Data_19837_A,Data_19837_B
Data_19838_A,Data_19838_B
Data_19839_A,Data_19839_B
Data_19840_A,Data_19840_B
Data_19841_A,Data_19841_B
Data_19842_A,Data_19842_B
Data_19843_A,Data_19843_B
Data_19844_A,Data_19844_B
Data_19845_A,Data_19845_B
Data_19846_A,Data_19846_B
Data_19847_A,Data_19847_B
Data_19848_A,Data_19848_B
Data_19849_A,Data_19849_B
Data_19850_A,Data_19850_B
Data_19851_A,Data_19851_B
Data_19852_A,Data_19852_B
Data_19853_A,Data_19853_B
Data_19854_A,Data_19854_B
Data_19855_A,Data_19855_B
Data_19856_A,Data_19856_B
Data_19857_A,Data_19857_B
Data_19858_A,Data_19858_B
Data_19859_A,Data_19859_B
Data_19860_A,Data_19860_B
Data_19861_A,Data_19861_B
Data_19862_A,Data_19862_B
Data_19863_A,Data_19863_B
Data_19864_A,Data_19864_B
Data_19865_A,Data_19865_B
Data_19866_A,Data_19866_B
Data_19867_A,Data_19867_B
Data_19868_A,Data_19868_B
Data_19869_A,Data_19869_B
Data_19870_A,Data_19870_B
Data_19871_A,Data_19871_B
Data_19872_A,Data_19872_B
Data_19873_A,Data_19873_B
Data_19874_A,Data_19874_B
Data_19875_A,Data_19875_B
Data_19876_A,Data_19876_B
Data_19877_A,Data_19877_B
Data_19878_A,Data_19878_B
Data_19879_A,Data_19879_B
Data_19880_A,Data_19880_B
Data_19881_A,Data_19881_B
Data_19882_A,Data_19882_B
Data_19883_A,Data_19883_B
Data_19884_A,Data_19884_B
Data_19885_A,Data_19885_B
Data_19886_A,Data_19886_B
Data_19887_A,Data_19887_B
Data_19888_A,Data_19888_B
Data_19889_A,Data_19889_B
Data_19890_A,Data_19890_B
Data_19891_A,Data_19891_B
Data_19892_A,Data_19892_B
Data_19893_A,Data_19893_B
Data_19894_A,Data_19894_B
Data_19895_A,Data_19895_B
Data_19896_A,Data_19896_B
Data_19897_A,Data_19897_B
Data_19898_A,Data_19898_B
Data_19899_A,Data_19899_B
Data_19900_A,Data_19900_B
Data_19901_A,Data_19901_B
Data_19902_A,Data_19902_B
Data_19903_A,Data_19903_B
Data_19904_A,Data_19904_B
Data_19905_A,Data_19905_B
Data_19906_A,Data_19906_B
Data_19907_A,Data_19907_B
Data_19908_A,Data_19908_B
Data_19909_A,Data_19909_B
Data_19910_A,Data_19910_B
Data_19911_A,Data_19911_B
Data_19912_A,Data_19912_B
Data_19913_A,Data_19913_B
Data_19914_A,Data_19914_B
Data_19915_A,Data_19915_B
Data_19916_A,Data_19916_B
Data_19917_A,Data_19917_B
Data_19918_A,Data_19918_B
Data_19919_A,Data_19919_B
Data_19920_A,Data_19920_B
Data_19921_A,Data_19921_B
Data_19922_A,Data_19922_B
Data_19923_A,Data_19923_B
Data_19924_A,Data_19924_B
Data_19925_A,Data_19925_B
Data_19926_A,Data_19926_B
Data_19927_A,Data_19927_B
Data_19928_A,Data_19928_B
Data_19929_A,Data_19929_B
Data_19930_A,Data_19930_B
Data_19931_A,Data_19931_B
Data_19932_A,Data_19932_B
Data_19933_A,Data_19933_B
Data_19934_A,Data_19934_B
Data_19935_A,Data_19935_B
Data_19936_A,Data_19936_B
Data_19937_A,Data_19937_B
Data_19938_A,Data_19938_B
Data_19939_A,Data_19939_B
Data_19940_A,Data_19940_B
Data_19941_A,Data_19941_B
Data_19942_A,Data_19942_B
Data_19943_A,Data_19943_B
Data_19944_A,Data_19944_B
Data_19945_A,Data_19945_B
Data_19946_A,Data_19946_B
Data_19947_A,Data_19947_B
Data_19948_A,Data_19948_B
Data_19949_A,Data_19949_B
Data_19950_A,Data_19950_B
Data_19951_A,Data_19951_B
Data_19952_A,Data_19952_B
Data_19953_A,Data_19953_B
Data_19954_A,Data_19954_B
Data_19955_A,Data_19955_B
Data_19956_A,Data_19956_B
Data_19957_A,Data_19957_B
Data_19958_A,Data_19958_B
Data_19959_A,Data_19959_B
Data_19960_A,Data_19960_B
Data_19961_A,Data_19961_B
Data_19962_A,Data_19962_B
Data_19963_A,Data_19963_B
Data_19964_A,Data_19964_B
Data_19965_A,Data_19965_B
Data_19966_A,Data_19966_B
Data_19967_A,Data_19967_B
Data_19968_A,Data_19968_B
Data_19969_A,Data_19969_B
Data_19970_A,Data_19970_B
Data_19971_A,Data_19971_B
Data_19972_A,Data_19972_B
Data_19973_A,Data_19973_B
Data_19974_A,Data_19974_B
Data_19975_A,Data_19975_B
Data_19976_A,Data_19976_B
Data_19977_A,Data_19977_B
Data_19978_A,Data_19978_B
Data_19979_A,Data_19979_B
Data_19980_A,Data_19980_B
Data_19981_A,Data_19981_B
Data_19982_A,Data_19982_B
Data_19983_A,Data_19983_B
Data_19984_A,Data_19984_B
Data_19985_A,Data_19985_B
Data_19986_A,Data_19986_B
Data_19987_A,Data_19987_B
Data_19988_A,Data_19988_B
Data_19989_A,Data_19989_B
Data_19990_A,Data_19990_B
Data_19991_A,Data_19991_B
Data_19992_A,Data_19992_B
Data_19993_A,Data_19993_B
Data_19994_A,Data_19994_B
Data_19995_A,Data_19995_B
Data_19996_A,Data_19996_B
Data_19997_A,Data_19997_B
Data_19998_A,Data_19998_B
Data_19999_A,Data_19999_B
Data_20000_A,Data_20000_B
Data_20001_A,Data_20001_B
Data_20002_A,Data_20002_B
Data_20003_A,Data_20003_B
Data_20004_A,Data_20004_B
Data_20005_A,Data_20005_B
Data_20006_A,Data_20006_B
Data_20007_A,Data_20007_B
Data_20008_A,Data_20008_B
Data_20009_A,Data_20009_B
Data_20010_A,Data_20010_B
Data_20011_A,Data_20011_B
Data_20012_A,Data_20012_B
Data_20013_A,Data_20013_B
Data_20014_A,Data_20014_B
Data_20015_A,Data_20015_B
Data_20016_A,Data_20016_B
Data_20017_A,Data_20017_B
Data_20018_A,Data_20018_B
Data_20019_A,Data_20019_B
Data_20020_A,Data_20020_B
Data_20021_A,Data_20021_B
Data_20022_A,Data_20022_B
Data_20023_A,Data_20023_B
Data_20024_A,Data_20024_B
Data_20025_A,Data_20025_B
Data_20026_A,Data_20026_B
Data_20027_A,Data_20027_B
Data_20028_A,Data_20028_B
Data_20029_A,Data_20029_B
Data_20030_A,Data_20030_B
Data_20031_A,Data_20031_B
Data_20032_A,Data_20032_B
Data_20033_A,Data_20033_B
Data_20034_A,Data_20034_B
Data_20035_A,Data_20035_B
Data_20036_A,Data_20036_B
Data_20037_A,Data_20037_B
Data_20038_A,Data_20038_B
Data_20039_A,Data_20039_B
Data_20040_A,Data_20040_B
Data_20041_A,Data_20041_B
Data_20042_A,Data_20042_B
Data_20043_A,Data_20043_B
Data_20044_A,Data_20044_B
Data_20045_A,Data_20045_B
Data_20046_A,Data_20046_B
Data_20047_A,Data_20047_B
Data_20048_A,Data_20048_B
Data_20049_A,Data_20049_B
Data_20050_A,Data_20050_B
Data_20051_A,Data_20051_B
Data_20052_A,Data_20052_B
Data_20053_A,Data_20053_B
Data_20054_A,Data_20054_B
Data_20055_A,Data_20055_B
Data_20056_A,Data_20056_B
Data_20057_A,Data_20057_B
Data_20058_A,Data_20058_B
Data_20059_A,Data_20059_B
Data_20060_A,Data_20060_B
Data_20061_A,Data_20061_B
Data_20062_A,Data_20062_B
Data_20063_A,Data_20063_B
Data_20064_A,Data_20064_B
Data_20065_A,Data_20065_B
Data_20066_A,Data_20066_B
Data_20067_A,Data_20067_B
Data_20068_A,Data_20068_B
Data_20069_A,Data_20069_B
Data_20070_A,Data_20070_B
Data_20071_A,Data_20071_B
Data_20072_A,Data_20072_B
Data_20073_A,Data_20073_B
Data_20074_A,Data_20074_B
Data_20075_A,Data_20075_B
Data_20076_A,Data_20076_B
Data_20077_A,Data_20077_B
Data_20078_A,Data_20078_B
Data_20079_A,Data_20079_B
Data_20080_A,Data_20080_B
Data_20081_A,Data_20081_B
Data_20082_A,Data_20082_B
Data_20083_A,Data_20083_B
Data_20084_A,Data_20084_B
Data_20085_A,Data_20085_B
Data_20086_A,Data_20086_B
Data_20087_A,Data_20087_B
Data_20088_A,Data_20088_B
Data_20089_A,Data_20089_B
Data_20090_A,Data_20090_B
Data_20091_A,Data_20091_B
Data_20092_A,Data_20092_B
Data_20093_A,Data_20093_B
Data_20094_A,Data_20094_B
Data_20095_A,Data_20095_B
Data_20096_A,Data_20096_B
Data_20097_A,Data_20097_B
Data_20098_A,Data_20098_B
Data_20099_A,Data_20099_B
Data_20100_A,Data_20100_B
Data_20101_A,Data_20101_B
Data_20102_A,Data_20102_B
Data_20103_A,Data_20103_B
Data_20104_A,Data_20104_B
Data_20105_A,Data_20105_B
Data_20106_A,Data_20106_B
Data_20107_A,Data_20107_B
Data_20108_A,Data_20108_B
Data_20109_A,Data_20109_B
Data_20110_A,Data_20110_B
Data_20111_A,Data_20111_B
Data_20112_A,Data_20112_B
Data_20113_A,Data_20113_B
Data_20114_A,Data_20114_B
Data_20115_A,Data_20115_B
Data_20116_A,Data_20116_B
Data_20117_A,Data_20117_B
Data_20118_A,Data_20118_B
Data_20119_A,Data_20119_B
Data_20120_A,Data_20120_B
Data_20121_A,Data_20121_B
Data_20122_A,Data_20122_B
Data_20123_A,Data_20123_B
Data_20124_A,Data_20124_B
Data_20125_A,Data_20125_B
Data_20126_A,Data_20126_B
Data_20127_A,Data_20127_B
Data_20128_A,Data_20128_B
Data_20129_A,Data_20129_B
Data_20130_A,Data_20130_B
Data_20131_A,Data_20131_B
Data_20132_A,Data_20132_B
Data_20133_A,Data_20133_B
Data_20134_A,Data_20134_B
Data_20135_A,Data_20135_B
Data_20136_A,Data_20136_B
Data_20137_A,Data_20137_B
Data_20138_A,Data_20138_B
Data_20139_A,Data_20139_B
Data_20140_A,Data_20140_B
Data_20141_A,Data_20141_B
Data_20142_A,Data_20142_B
Data_20143_A,Data_20143_B
Data_20144_A,Data_20144_B
Data_20145_A,Data_20145_B
Data_20146_A,Data_20146_B
Data_20147_A,Data_20147_B
Data_20148_A,Data_20148_B
Data_20149_A,Data_20149_B
Data_20150_A,Data_20150_B
Data_20151_A,Data_20151_B
Data_20152_A,Data_20152_B
Data_20153_A,Data_20153_B
Data_20154_A,Data_20154_B
Data_20155_A,Data_20155_B
Data_20156_A,Data_20156_B
Data_20157_A,Data_20157_B
Data_20158_A,Data_20158_B
Data_20159_A,Data_20159_B
Data_20160_A,Data_20160_B
Data_20161_A,Data_20161_B
Data_20162_A,Data_20162_B
Data_20163_A,Data_20163_B
Data_20164_A,Data_20164_B
Data_20165_A,Data_20165_B
Data_20166_A,Data_20166_B
Data_20167_A,Data_20167_B
Data_20168_A,Data_20168_B
Data_20169_A,Data_20169_B
Data_20170_A,Data_20170_B
Data_20171_A,Data_20171_B
Data_20172_A,Data_20172_B
Data_20173_A,Data_20173_B
Data_20174_A,Data_20174_B
Data_20175_A,Data_20175_B
Data_20176_A,Data_20176_B
Data_20177_A,Data_20177_B
Data_20178_A,Data_20178_B
Data_20179_A,Data_20179_B
Data_20180_A,Data_20180_B
Data_20181_A,Data_20181_B
Data_20182_A,Data_20182_B
Data_20183_A,Data_20183_B
Data_20184_A,Data_20184_B
Data_20185_A,Data_20185_B
Data_20186_A,Data_20186_B
Data_20187_A,Data_20187_B
Data_20188_A,Data_20188_B
Data_20189_A,Data_20189_B
Data_20190_A,Data_20190_B
Data_20191_A,Data_20191_B
Data_20192_A,Data_20192_B
Data_20193_A,Data_20193_B
Data_20194_A,Data_20194_B
Data_20195_A,Data_20195_B
Data_20196_A,Data_20196_B
Data_20197_A,Data_20197_B
Data_20198_A,Data_20198_B
Data_20199_A,Data_20199_B
Data_20200_A,Data_20200_B
Data_20201_A,Data_20201_B
Data_20202_A,Data_20202_B
Data_20203_A,Data_20203_B
Data_20204_A,Data_20204_B
Data_20205_A,Data_20205_B
Data_20206_A,Data_20206_B
Data_20207_A,Data_20207_B
Data_20208_A,Data_20208_B
Data_20209_A,Data_20209_B
Data_20210_A,Data_20210_B
Data_20211_A,Data_20211_B
Data_20212_A,Data_20212_B
Data_20213_A,Data_20213_B
Data_20214_A,Data_20214_B
Data_20215_A,Data_20215_B
Data_20216_A,Data_20216_B
Data_20217_A,Data_20217_B
Data_20218_A,Data_20218_B
Data_20219_A,Data_20219_B
Data_20220_A,Data_20220_B
Data_20221_A,Data_20221_B
Data_20222_A,Data_20222_B
Data_20223_A,Data_20223_B
Data_20224_A,Data_20224_B
Data_20225_A,Data_20225_B
Data_20226_A,Data_20226_B
Data_20227_A,Data_20227_B
Data_20228_A,Data_20228_B
Data_20229_A,Data_20229_B
Data_20230_A,Data_20230_B
Data_20231_A,Data_20231_B
Data_20232_A,Data_20232_B
Data_20233_A,Data_20233_B
Data_20234_A,Data_20234_B
Data_20235_A,Data_20235_B
Data_20236_A,Data_20236_B
Data_20237_A,Data_20237_B
Data_20238_A,Data_20238_B
Data_20239_A,Data_20239_B
Data_20240_A,Data_20240_B
Data_20241_A,Data_20241_B
Data_20242_A,Data_20242_B
Data_20243_A,Data_20243_B
Data_20244_A,Data_20244_B
Data_20245_A,Data_20245_B
Data_20246_A,Data_20246_B
Data_20247_A,Data_20247_B
Data_20248_A,Data_20248_B
Data_20249_A,Data_20249_B
Data_20250_A,Data_20250_B
Data_20251_A,Data_20251_B
Data_20252_A,Data_20252_B
Data_20253_A,Data_20253_B
Data_20254_A,Data_20254_B
Data_20255_A,Data_20255_B
Data_20256_A,Data_20256_B
Data_20257_A,Data_20257_B
Data_20258_A,Data_20258_B
Data_20259_A,Data_20259_B
Data_20260_A,Data_20260_B
Data_20261_A,Data_20261_B
Data_20262_A,Data_20262_B
Data_20263_A,Data_20263_B
Data_20264_A,Data_20264_B
Data_20265_A,Data_20265_B
Data_20266_A,Data_20266_B
Data_20267_A,Data_20267_B
Data_20268_A,Data_20268_B
Data_20269_A,Data_20269_B
Data_20270_A,Data_20270_B
Data_20271_A,Data_20271_B
Data_20272_A,Data_20272_B
Data_20273_A,Data_20273_B
Data_20274_A,Data_20274_B
Data_20275_A,Data_20275_B
Data_20276_A,Data_20276_B
Data_20277_A,Data_20277_B
Data_20278_A,Data_20278_B
Data_20279_A,Data_20279_B
Data_20280_A,Data_20280_B
Data_20281_A,Data_20281_B
Data_20282_A,Data_20282_B
Data_20283_A,Data_20283_B
Data_20284_A,Data_20284_B
Data_20285_A,Data_20285_B
Data_20286_A,Data_20286_B
Data_20287_A,Data_20287_B
Data_20288_A,Data_20288_B
Data_20289_A,Data_20289_B
Data_20290_A,Data_20290_B
Data_20291_A,Data_20291_B
Data_20292_A,Data_20292_B
Data_20293_A,Data_20293_B
Data_20294_A,Data_20294_B
Data_20295_A,Data_20295_B
Data_20296_A,Data_20296_B
Data_20297_A,Data_20297_B
Data_20298_A,Data_20298_B
Data_20299_A,Data_20299_B
Data_20300_A,Data_20300_B
Data_20301_A,Data_20301_B
Data_20302_A,Data_20302_B
Data_20303_A,Data_20303_B
Data_20304_A,Data_20304_B
Data_20305_A,Data_20305_B
Data_20306_A,Data_20306_B
Data_20307_A,Data_20307_B
Data_20308_A,Data_20308_B
Data_20309_A,Data_20309_B
Data_20310_A,Data_20310_B
Data_20311_A,Data_20311_B
Data_20312_A,Data_20312_B
Data_20313_A,Data_20313_B
Data_20314_A,Data_20314_B
Data_20315_A,Data_20315_B
Data_20316_A,Data_20316_B
Data_20317_A,Data_20317_B
Data_20318_A,Data_20318_B
Data_20319_A,Data_20319_B
Data_20320_A,Data_20320_B
Data_20321_A,Data_20321_B
Data_20322_A,Data_20322_B
Data_20323_A,Data_20323_B
Data_20324_A,Data_20324_B
Data_20325_A,Data_20325_B
Data_20326_A,Data_20326_B
Data_20327_A,Data_20327_B
Data_20328_A,Data_20328_B
Data_20329_A,Data_20329_B
Data_20330_A,Data_20330_B
Data_20331_A,Data_20331_B
Data_20332_A,Data_20332_B
Data_20333_A,Data_20333_B
Data_20334_A,Data_20334_B
Data_20335_A,Data_20335_B
Data_20336_A,Data_20336_B
Data_20337_A,Data_20337_B
Data_20338_A,Data_20338_B
Data_20339_A,Data_20339_B
Data_20340_A,Data_20340_B
Data_20341_A,Data_20341_B
Data_20342_A,Data_20342_B
Data_20343_A,Data_20343_B
Data_20344_A,Data_20344_B
Data_20345_A,Data_20345_B
Data_20346_A,Data_20346_B
Data_20347_A,Data_20347_B
Data_20348_A,Data_20348_B
Data_20349_A,Data_20349_B
Data_20350_A,Data_20350_B
Data_20351_A,Data_20351_B
Data_20352_A,Data_20352_B
Data_20353_A,Data_20353_B
Data_20354_A,Data_20354_B
Data_20355_A,Data_20355_B
Data_20356_A,Data_20356_B
Data_20357_A,Data_20357_B
Data_20358_A,Data_20358_B
Data_20359_A,Data_20359_B
Data_20360_A,Data_20360_B
Data_20361_A,Data_20361_B
Data_20362_A,Data_20362_B
Data_20363_A,Data_20363_B
Data_20364_A,Data_20364_B
Data_20365_A,Data_20365_B
Data_20366_A,Data_20366_B
Data_20367_A,Data_20367_B
Data_20368_A,Data_20368_B
Data_20369_A,Data_20369_B
Data_20370_A,Data_20370_B
Data_20371_A,Data_20371_B
Data_20372_A,Data_20372_B
Data_20373_A,Data_20373_B
Data_20374_A,Data_20374_B
Data_20375_A,Data_20375_B
Data_20376_A,Data_20376_B
Data_20377_A,Data_20377_B
Data_20378_A,Data_20378_B
Data_20379_A,Data_20379_B
Data_20380_A,Data_20380_B
Data_20381_A,Data_20381_B
Data_20382_A,Data_20382_B
Data_20383_A,Data_20383_B
Data_20384_A,Data_20384_B
Data_20385_A,Data_20385_B
Data_20386_A,Data_20386_B
Data_20387_A,Data_20387_B
Data_20388_A,Data_20388_B
Data_20389_A,Data_20389_B
Data_20390_A,Data_20390_B
Data_20391_A,Data_20391_B
Data_20392_A,Data_20392_B
Data_20393_A,Data_20393_B
Data_20394_A,Data_20394_B
Data_20395_A,Data_20395_B
Data_20396_A,Data_20396_B
Data_20397_A,Data_20397_B
Data_20398_A,Data_20398_B
Data_20399_A,Data_20399_B
Data_20400_A,Data_20400_B
Data_20401_A,Data_20401_B
Data_20402_A,Data_20402_B
Data_20403_A,Data_20403_B
Data_20404_A,Data_20404_B
Data_20405_A,Data_20405_B
Data_20406_A,Data_20406_B
Data_20407_A,Data_20407_B
Data_20408_A,Data_20408_B
Data_20409_A,Data_20409_B
Data_20410_A,Data_20410_B
Data_20411_A,Data_20411_B
Data_20412_A,Data_20412_B
Data_20413_A,Data_20413_B
Data_20414_A,Data_20414_B
Data_20415_A,Data_20415_B
Data_20416_A,Data_20416_B
Data_20417_A,Data_20417_B
Data_20418_A,Data_20418_B
Data_20419_A,Data_20419_B
Data_20420_A,Data_20420_B
Data_20421_A,Data_20421_B
Data_20422_A,Data_20422_B
Data_20423_A,Data_20423_B
Data_20424_A,Data_20424_B
Data_20425_A,Data_20425_B
Data_20426_A,Data_20426_B
Data_20427_A,Data_20427_B
Data_20428_A,Data_20428_B
Data_20429_A,Data_20429_B
Data_20430_A,Data_20430_B
Data_20431_A,Data_20431_B
Data_20432_A,Data_20432_B
Data_20433_A,Data_20433_B
Data_20434_A,Data_20434_B
Data_20435_A,Data_20435_B
Data_20436_A,Data_20436_B
Data_20437_A,Data_20437_B
Data_20438_A,Data_20438_B
Data_20439_A,Data_20439_B
Data_20440_A,Data_20440_B
Data_20441_A,Data_20441_B
Data_20442_A,Data_20442_B
Data_20443_A,Data_20443_B
Data_20444_A,Data_20444_B
Data_20445_A,Data_20445_B
Data_20446_A,Data_20446_B
Data_20447_A,Data_20447_B
Data_20448_A,Data_20448_B
Data_20449_A,Data_20449_B
Data_20450_A,Data_20450_B
Data_20451_A,Data_20451_B
Data_20452_A,Data_20452_B
Data_20453_A,Data_20453_B
Data_20454_A,Data_20454_B
Data_20455_A,Data_20455_B
Data_20456_A,Data_20456_B
Data_20457_A,Data_20457_B
Data_20458_A,Data_20458_B
Data_20459_A,Data_20459_B
Data_20460_A,Data_20460_B
Data_20461_A,Data_20461_B
Data_20462_A,Data_20462_B
Data_20463_A,Data_20463_B
Data_20464_A,Data_20464_B
Data_20465_A,Data_20465_B
Data_20466_A,Data_20466_B
Data_20467_A,Data_20467_B
Data_20468_A,Data_20468_B
Data_20469_A,Data_20469_B
Data_20470_A,Data_20470_B
Data_20471_A,Data_20471_B
Data_20472_A,Data_20472_B
Data_20473_A,Data_20473_B
Data_20474_A,Data_20474_B
Data_20475_A,Data_20475_B
Data_20476_A,Data_20476_B
Data_20477_A,Data_20477_B
Data_20478_A,Data_20478_B
Data_20479_A,Data_20479_B
Data_20480_A,Data_20480_B
Data_20481_A,Data_20481_B
Data_20482_A,Data_20482_B
Data_20483_A,Data_20483_B
Data_20484_A,Data_20484_B
Data_20485_A,Data_20485_B
Data_20486_A,Data_20486_B
Data_20487_A,Data_20487_B
Data_20488_A,Data_20488_B
Data_20489_A,Data_20489_B
Data_20490_A,Data_20490_B
Data_20491_A,Data_20491_B
Data_20492_A,Data_20492_B
Data_20493_A,Data_20493_B
Data_20494_A,Data_20494_B
Data_20495_A,Data_20495_B
Data_20496_A,Data_20496_B
Data_20497_A,Data_20497_B
Data_20498_A,Data_20498_B
Data_20499_A,Data_20499_B
Data_20500_A,Data_20500_B
Data_20501_A,Data_20501_B
Data_20502_A,Data_20502_B
Data_20503_A,Data_20503_B
Data_20504_A,Data_20504_B
Data_20505_A,Data_20505_B
Data_20506_A,Data_20506_B
Data_20507_A,Data_20507_B
Data_20508_A,Data_20508_B
Data_20509_A,Data_20509_B
Data_20510_A,Data_20510_B
Data_20511_A,Data_20511_B
Data_20512_A,Data_20512_B
Data_20513_A,Data_20513_B
Data_20514_A,Data_20514_B
Data_20515_A,Data_20515_B
Data_20516_A,Data_20516_B
Data_20517_A,Data_20517_B
Data_20518_A,Data_20518_B
Data_20519_A,Data_20519_B
Data_20520_A,Data_20520_B
Data_20521_A,Data_20521_B
Data_20522_A,Data_20522_B
Data_20523_A,Data_20523_B
Data_20524_A,Data_20524_B
Data_20525_A,Data_20525_B
Data_20526_A,Data_20526_B
Data_20527_A,Data_20527_B
Data_20528_A,Data_20528_B
Data_20529_A,Data_20529_B
Data_20530_A,Data_20530_B
Data_20531_A,Data_20531_B
Data_20532_A,Data_20532_B
Data_20533_A,Data_20533_B
Data_20534_A,Data_20534_B
Data_20535_A,Data_20535_B
Data_20536_A,Data_20536_B
Data_20537_A,Data_20537_B
Data_20538_A,Data_20538_B
Data_20539_A,Data_20539_B
Data_20540_A,Data_20540_B
Data_20541_A,Data_20541_B
Data_20542_A,Data_20542_B
Data_20543_A,Data_20543_B
Data_20544_A,Data_20544_B
Data_20545_A,Data_20545_B
Data_20546_A,Data_20546_B
Data_20547_A,Data_20547_B
Data_20548_A,Data_20548_B
Data_20549_A,Data_20549_B
Data_20550_A,Data_20550_B
Data_20551_A,Data_20551_B
Data_20552_A,Data_20552_B
Data_20553_A,Data_20553_B
Data_20554_A,Data_20554_B
Data_20555_A,Data_20555_B
Data_20556_A,Data_20556_B
Data_20557_A,Data_20557_B
Data_20558_A,Data_20558_B
Data_20559_A,Data_20559_B
Data_20560_A,Data_20560_B
Data_20561_A,Data_20561_B
Data_20562_A,Data_20562_B
Data_20563_A,Data_20563_B
Data_20564_A,Data_20564_B
Data_20565_A,Data_20565_B
Data_20566_A,Data_20566_B
Data_20567_A,Data_20567_B
Data_20568_A,Data_20568_B
Data_20569_A,Data_20569_B
Data_20570_A,Data_20570_B
Data_20571_A,Data_20571_B
Data_20572_A,Data_20572_B
Data_20573_A,Data_20573_B
Data_20574_A,Data_20574_B
Data_20575_A,Data_20575_B
Data_20576_A,Data_20576_B
Data_20577_A,Data_20577_B
Data_20578_A,Data_20578_B
Data_20579_A,Data_20579_B
Data_20580_A,Data_20580_B
Data_20581_A,Data_20581_B
Data_20582_A,Data_20582_B
Data_20583_A,Data_20583_B
Data_20584_A,Data_20584_B
Data_20585_A,Data_20585_B
Data_20586_A,Data_20586_B
Data_20587_A,Data_20587_B
Data_20588_A,Data_20588_B
Data_20589_A,Data_20589_B
Data_20590_A,Data_20590_B
Data_20591_A,Data_20591_B
Data_20592_A,Data_20592_B
Data_20593_A,Data_20593_B
Data_20594_A,Data_20594_B
Data_20595_A,Data_20595_B
Data_20596_A,Data_20596_B
Data_20597_A,Data_20597_B
Data_20598_A,Data_20598_B
Data_20599_A,Data_20599_B
Data_20600_A,Data_20600_B
Data_20601_A,Data_20601_B
Data_20602_A,Data_20602_B
Data_20603_A,Data_20603_B
Data_20604_A,Data_20604_B
Data_20605_A,Data_20605_B
Data_20606_A,Data_20606_B
Data_20607_A,Data_20607_B
Data_20608_A,Data_20608_B
Data_20609_A,Data_20609_B
Data_20610_A,Data_20610_B
Data_20611_A,Data_20611_B
Data_20612_A,Data_20612_B
Data_20613_A,Data_20613_B
Data_20614_A,Data_20614_B
Data_20615_A,Data_20615_B
Data_20616_A,Data_20616_B
Data_20617_A,Data_20617_B
Data_20618_A,Data_20618_B
Data_20619_A,Data_20619_B
Data_20620_A,Data_20620_B
Data_20621_A,Data_20621_B
Data_20622_A,Data_20622_B
Data_20623_A,Data_20623_B
Data_20624_A,Data_20624_B
Data_20625_A,Data_20625_B
Data_20626_A,Data_20626_B
Data_20627_A,Data_20627_B
Data_20628_A,Data_20628_B
Data_20629_A,Data_20629_B
Data_20630_A,Data_20630_B
Data_20631_A,Data_20631_B
Data_20632_A,Data_20632_B
Data_20633_A,Data_20633_B
Data_20634_A,Data_20634_B
Data_20635_A,Data_20635_B
Data_20636_A,Data_20636_B
Data_20637_A,Data_20637_B
Data_20638_A,Data_20638_B
Data_20639_A,Data_20639_B
Data_20640_A,Data_20640_B
Data_20641_A,Data_20641_B
Data_20642_A,Data_20642_B
Data_20643_A,Data_20643_B
Data_20644_A,Data_20644_B
Data_20645_A,Data_20645_B
Data_20646_A,Data_20646_B
Data_20647_A,Data_20647_B
Data_20648_A,Data_20648_B
Data_20649_A,Data_20649_B
Data_20650_A,Data_20650_B
Data_20651_A,Data_20651_B
Data_20652_A,Data_20652_B
Data_20653_A,Data_20653_B
Data_20654_A,Data_20654_B
Data_20655_A,Data_20655_B
Data_20656_A,Data_20656_B
Data_20657_A,Data_20657_B
Data_20658_A,Data_20658_B
Data_20659_A,Data_20659_B
Data_20660_A,Data_20660_B
Data_20661_A,Data_20661_B
Data_20662_A,Data_20662_B
Data_20663_A,Data_20663_B
Data_20664_A,Data_20664_B
Data_20665_A,Data_20665_B
Data_20666_A,Data_20666_B
Data_20667_A,Data_20667_B
Data_20668_A,Data_20668_B
Data_20669_A,Data_20669_B
Data_20670_A,Data_20670_B
Data_20671_A,Data_20671_B
Data_20672_A,Data_20672_B
Data_20673_A,Data_20673_B
Data_20674_A,Data_20674_B
Data_20675_A,Data_20675_B
Data_20676_A,Data_20676_B
Data_20677_A,Data_20677_B
Data_20678_A,Data_20678_B
Data_20679_A,Data_20679_B
Data_20680_A,Data_20680_B
Data_20681_A,Data_20681_B
Data_20682_A,Data_20682_B
Data_20683_A,Data_20683_B
Data_20684_A,Data_20684_B
Data_20685_A,Data_20685_B
Data_20686_A,Data_20686_B
Data_20687_A,Data_20687_B
Data_20688_A,Data_20688_B
Data_20689_A,Data_20689_B
Data_20690_A,Data_20690_B
Data_20691_A,Data_20691_B
Data_20692_A,Data_20692_B
Data_20693_A,Data_20693_B
Data_20694_A,Data_20694_B
Data_20695_A,Data_20695_B
Data_20696_A,Data_20696_B
Data_20697_A,Data_20697_B
Data_20698_A,Data_20698_B
Data_20699_A,Data_20699_B
Data_20700_A,Data_20700_B
Data_20701_A,Data_20701_B
Data_20702_A,Data_20702_B
Data_20703_A,Data_20703_B
Data_20704_A,Data_20704_B
Data_20705_A,Data_20705_B
Data_20706_A,Data_20706_B
Data_20707_A,Data_20707_B
Data_20708_A,Data_20708_B
Data_20709_A,Data_20709_B
Data_20710_A,Data_20710_B
Data_20711_A,Data_20711_B
Data_20712_A,Data_20712_B
Data_20713_A,Data_20713_B
Data_20714_A,Data_20714_B
Data_20715_A,Data_20715_B
Data_20716_A,Data_20716_B
Data_20717_A,Data_20717_B
Data_20718_A,Data_20718_B
Data_20719_A,Data_20719_B
Data_20720_A,Data_20720_B
Data_20721_A,Data_20721_B
Data_20722_A,Data_20722_B
Data_20723_A,Data_20723_B
Data_20724_A,Data_20724_B
Data_20725_A,Data_20725_B
Data_20726_A,Data_20726_B
Data_20727_A,Data_20727_B
Data_20728_A,Data_20728_B
Data_20729_A,Data_20729_B
Data_20730_A,Data_20730_B
Data_20731_A,Data_20731_B
Data_20732_A,Data_20732_B
Data_20733_A,Data_20733_B
Data_20734_A,Data_20734_B
Data_20735_A,Data_20735_B
Data_20736_A,Data_20736_B
Data_20737_A,Data_20737_B
Data_20738_A,Data_20738_B
Data_20739_A,Data_20739_B
Data_20740_A,Data_20740_B
Data_20741_A,Data_20741_B
Data_20742_A,Data_20742_B
Data_20743_A,Data_20743_B
Data_20744_A,Data_20744_B
Data_20745_A,Data_20745_B
Data_20746_A,Data_20746_B
Data_20747_A,Data_20747_B
Data_20748_A,Data_20748_B
Data_20749_A,Data_20749_B
Data_20750_A,Data_20750_B
Data_20751_A,Data_20751_B
Data_20752_A,Data_20752_B
Data_20753_A,Data_20753_B
Data_20754_A,Data_20754_B
Data_20755_A,Data_20755_B
Data_20756_A,Data_20756_B
Data_20757_A,Data_20757_B
Data_20758_A,Data_20758_B
Data_20759_A,Data_20759_B
Data_20760_A,Data_20760_B
Data_20761_A,Data_20761_B
Data_20762_A,Data_20762_B
Data_20763_A,Data_20763_B
Data_20764_A,Data_20764_B
Data_20765_A,Data_20765_B
Data_20766_A,Data_20766_B
Data_20767_A,Data_20767_B
Data_20768_A,Data_20768_B
Data_20769_A,Data_20769_B
Data_20770_A,Data_20770_B
Data_20771_A,Data_20771_B
Data_20772_A,Data_20772_B
Data_20773_A,Data_20773_B
Data_20774_A,Data_20774_B
Data_20775_A,Data_20775_B
Data_20776_A,Data_20776_B
Data_20777_A,Data_20777_B
Data_20778_A,Data_20778_B
Data_20779_A,Data_20779_B
Data_20780_A,Data_20780_B
Data_20781_A,Data_20781_B
Data_20782_A,Data_20782_B
Data_20783_A,Data_20783_B
Data_20784_A,Data_20784_B
Data_20785_A,Data_20785_B
Data_20786_A,Data_20786_B
Data_20787_A,Data_20787_B
Data_20788_A,Data_20788_B
Data_20789_A,Data_20789_B
Data_20790_A,Data_20790_B
Data_20791_A,Data_20791_B
Data_20792_A,Data_20792_B
Data_20793_A,Data_20793_B
Data_20794_A,Data_20794_B
Data_20795_A,Data_20795_B
Data_20796_A,Data_20796_B
Data_20797_A,Data_20797_B
Data_20798_A,Data_20798_B
Data_20799_A,Data_20799_B
Data_20800_A,Data_20800_B
Data_20801_A,Data_20801_B
Data_20802_A,Data_20802_B
Data_20803_A,Data_20803_B
Data_20804_A,Data_20804_B
Data_20805_A,Data_20805_B
Data_20806_A,Data_20806_B
Data_20807_A,Data_20807_B
Data_20808_A,Data_20808_B
Data_20809_A,Data_20809_B
Data_20810_A,Data_20810_B
Data_20811_A,Data_20811_B
Data_20812_A,Data_20812_B
Data_20813_A,Data_20813_B
Data_20814_A,Data_20814_B
Data_20815_A,Data_20815_B
Data_20816_A,Data_20816_B
Data_20817_A,Data_20817_B
Data_20818_A,Data_20818_B
Data_20819_A,Data_20819_B
Data_20820_A,Data_20820_B
Data_20821_A,Data_20821_B
Data_20822_A,Data_20822_B
Data_20823_A,Data_20823_B
Data_20824_A,Data_20824_B
Data_20825_A,Data_20825_B
Data_20826_A,Data_20826_B
Data_20827_A,Data_20827_B
Data_20828_A,Data_20828_B
Data_20829_A,Data_20829_B
Data_20830_A,Data_20830_B
Data_20831_A,Data_20831_B
Data_20832_A,Data_20832_B
Data_20833_A,Data_20833_B
Data_20834_A,Data_20834_B
Data_20835_A,Data_20835_B
Data_20836_A,Data_20836_B
Data_20837_A,Data_20837_B
Data_20838_A,Data_20838_B
Data_20839_A,Data_20839_B
Data_20840_A,Data_20840_B
Data_20841_A,Data_20841_B
Data_20842_A,Data_20842_B
Data_20843_A,Data_20843_B
Data_20844_A,Data_20844_B
Data_20845_A,Data_20845_B
Data_20846_A,Data_20846_B
Data_20847_A,Data_20847_B
Data_20848_A,Data_20848_B
Data_20849_A,Data_20849_B
Data_20850_A,Data_20850_B
Data_20851_A,Data_20851_B
Data_20852_A,Data_20852_B
Data_20853_A,Data_20853_B
Data_20854_A,Data_20854_B
Data_20855_A,Data_20855_B
Data_20856_A,Data_20856_B
Data_20857_A,Data_20857_B
Data_20858_A,Data_20858_B
Data_20859_A,Data_20859_B
Data_20860_A,Data_20860_B
Data_20861_A,Data_20861_B
Data_20862_A,Data_20862_B
Data_20863_A,Data_20863_B
Data_20864_A,Data_20864_B
Data_20865_A,Data_20865_B
Data_20866_A,Data_20866_B
Data_20867_A,Data_20867_B
Data_20868_A,Data_20868_B
Data_20869_A,Data_20869_B
Data_20870_A,Data_20870_B
Data_20871_A,Data_20871_B
Data_20872_A,Data_20872_B
Data_20873_A,Data_20873_B
Data_20874_A,Data_20874_B
Data_20875_A,Data_20875_B
Data_20876_A,Data_20876_B
Data_20877_A,Data_20877_B
Data_20878_A,Data_20878_B
Data_20879_A,Data_20879_B
Data_20880_A,Data_20880_B
Data_20881_A,Data_20881_B
Data_20882_A,Data_20882_B
Data_20883_A,Data_20883_B
Data_20884_A,Data_20884_B
Data_20885_A,Data_20885_B
Data_20886_A,Data_20886_B
Data_20887_A,Data_20887_B
Data_20888_A,Data_20888_B
Data_20889_A,Data_20889_B
Data_20890_A,Data_20890_B
Data_20891_A,Data_20891_B
Data_20892_A,Data_20892_B
Data_20893_A,Data_20893_B
Data_20894_A,Data_20894_B
Data_20895_A,Data_20895_B
Data_20896_A,Data_20896_B
Data_20897_A,Data_20897_B
Data_20898_A,Data_20898_B
Data_20899_A,Data_20899_B
Data_20900_A,Data_20900_B
Data_20901_A,Data_20901_B
Data_20902_A,Data_20902_B
Data_20903_A,Data_20903_B
Data_20904_A,Data_20904_B
Data_20905_A,Data_20905_B
Data_20906_A,Data_20906_B
Data_20907_A,Data_20907_B
Data_20908_A,Data_20908_B
Data_20909_A,Data_20909_B
Data_20910_A,Data_20910_B
Data_20911_A,Data_20911_B
Data_20912_A,Data_20912_B
Data_20913_A,Data_20913_B
Data_20914_A,Data_20914_B
Data_20915_A,Data_20915_B
Data_20916_A,Data_20916_B
Data_20917_A,Data_20917_B
Data_20918_A,Data_20918_B
Data_20919_A,Data_20919_B
Data_20920_A,Data_20920_B
Data_20921_A,Data_20921_B
Data_20922_A,Data_20922_B
Data_20923_A,Data_20923_B
Data_20924_A,Data_20924_B
Data_20925_A,Data_20925_B
Data_20926_A,Data_20926_B
Data_20927_A,Data_20927_B
Data_20928_A,Data_20928_B
Data_20929_A,Data_20929_B
Data_20930_A,Data_20930_B
Data_20931_A,Data_20931_B
Data_20932_A,Data_20932_B
Data_20933_A,Data_20933_B
Data_20934_A,Data_20934_B
Data_20935_A,Data_20935_B
Data_20936_A,Data_20936_B
Data_20937_A,Data_20937_B
Data_20938_A,Data_20938_B
Data_20939_A,Data_20939_B
Data_20940_A,Data_20940_B
Data_20941_A,Data_20941_B
Data_20942_A,Data_20942_B
Data_20943_A,Data_20943_B
Data_20944_A,Data_20944_B
Data_20945_A,Data_20945_B
Data_20946_A,Data_20946_B
Data_20947_A,Data_20947_B
Data_20948_A,Data_20948_B
Data_20949_A,Data_20949_B
Data_20950_A,Data_20950_B
Data_20951_A,Data_20951_B
Data_20952_A,Data_20952_B
Data_20953_A,Data_20953_B
Data_20954_A,Data_20954_B
Data_20955_A,Data_20955_B
Data_20956_A,Data_20956_B
Data_20957_A,Data_20957_B
Data_20958_A,Data_20958_B
Data_20959_A,Data_20959_B
Data_20960_A,Data_20960_B
Data_20961_A,Data_20961_B
Data_20962_A,Data_20962_B
Data_20963_A,Data_20963_B
Data_20964_A,Data_20964_B
Data_20965_A,Data_20965_B
Data_20966_A,Data_20966_B
Data_20967_A,Data_20967_B
Data_20968_A,Data_20968_B
Data_20969_A,Data_20969_B
Data_20970_A,Data_20970_B
Data_20971_A,Data_20971_B
Data_20972_A,Data_20972_B
Data_20973_A,Data_20973_B
Data_20974_A,Data_20974_B
Data_20975_A,Data_20975_B
Data_20976_A,Data_20976_B
Data_20977_A,Data_20977_B
Data_20978_A,Data_20978_B
Data_20979_A,Data_20979_B
Data_20980_A,Data_20980_B
Data_20981_A,Data_20981_B
Data_20982_A,Data_20982_B
Data_20983_A,Data_20983_B
Data_20984_A,Data_20984_B
Data_20985_A,Data_20985_B
Data_20986_A,Data_20986_B
Data_20987_A,Data_20987_B
Data_20988_A,Data_20988_B
Data_20989_A,Data_20989_B
Data_20990_A,Data_20990_B
Data_20991_A,Data_20991_B
Data_20992_A,Data_20992_B
Data_20993_A,Data_20993_B
Data_20994_A,Data_20994_B
Data_20995_A,Data_20995_B
Data_20996_A,Data_20996_B
Data_20997_A,Data_20997_B
Data_20998_A,Data_20998_B
Data_20999_A,Data_20999_B
Data_21000_A,Data_21000_B
Data_21001_A,Data_21001_B
Data_21002_A,Data_21002_B
Data_21003_A,Data_21003_B
Data_21004_A,Data_21004_B
Data_21005_A,Data_21005_B
Data_21006_A,Data_21006_B
Data_21007_A,Data_21007_B
Data_21008_A,Data_21008_B
Data_21009_A,Data_21009_B
Data_21010_A,Data_21010_B
Data_21011_A,Data_21011_B
Data_21012_A,Data_21012_B
Data_21013_A,Data_21013_B
Data_21014_A,Data_21014_B
Data_21015_A,Data_21015_B
Data_21016_A,Data_21016_B
Data_21017_A,Data_21017_B
Data_21018_A,Data_21018_B
Data_21019_A,Data_21019_B
Data_21020_A,Data_21020_B
Data_21021_A,Data_21021_B
Data_21022_A,Data_21022_B
Data_21023_A,Data_21023_B
Data_21024_A,Data_21024_B
Data_21025_A,Data_21025_B
Data_21026_A,Data_21026_B
Data_21027_A,Data_21027_B
Data_21028_A,Data_21028_B
Data_21029_A,Data_21029_B
Data_21030_A,Data_21030_B
Data_21031_A,Data_21031_B
Data_21032_A,Data_21032_B
Data_21033_A,Data_21033_B
Data_21034_A,Data_21034_B
Data_21035_A,Data_21035_B
Data_21036_A,Data_21036_B
Data_21037_A,Data_21037_B
Data_21038_A,Data_21038_B
Data_21039_A,Data_21039_B
Data_21040_A,Data_21040_B
Data_21041_A,Data_21041_B
Data_21042_A,Data_21042_B
Data_21043_A,Data_21043_B
Data_21044_A,Data_21044_B
Data_21045_A,Data_21045_B
Data_21046_A,Data_21046_B
Data_21047_A,Data_21047_B
Data_21048_A,Data_21048_B
Data_21049_A,Data_21049_B
Data_21050_A,Data_21050_B
Data_21051_A,Data_21051_B
Data_21052_A,Data_21052_B
Data_21053_A,Data_21053_B
Data_21054_A,Data_21054_B
Data_21055_A,Data_21055_B
Data_21056_A,Data_21056_B
Data_21057_A,Data_21057_B
Data_21058_A,Data_21058_B
Data_21059_A,Data_21059_B
Data_21060_A,Data_21060_B
Data_21061_A,Data_21061_B
Data_21062_A,Data_21062_B
Data_21063_A,Data_21063_B
Data_21064_A,Data_21064_B
Data_21065_A,Data_21065_B
Data_21066_A,Data_21066_B
Data_21067_A,Data_21067_B
Data_21068_A,Data_21068_B
Data_21069_A,Data_21069_B
Data_21070_A,Data_21070_B
Data_21071_A,Data_21071_B
Data_21072_A,Data_21072_B
Data_21073_A,Data_21073_B
Data_21074_A,Data_21074_B
Data_21075_A,Data_21075_B
Data_21076_A,Data_21076_B
Data_21077_A,Data_21077_B
Data_21078_A,Data_21078_B
Data_21079_A,Data_21079_B
Data_21080_A,Data_21080_B
Data_21081_A,Data_21081_B
Data_21082_A,Data_21082_B
Data_21083_A,Data_21083_B
Data_21084_A,Data_21084_B
Data_21085_A,Data_21085_B
Data_21086_A,Data_21086_B
Data_21087_A,Data_21087_B
Data_21088_A,Data_21088_B
Data_21089_A,Data_21089_B
Data_21090_A,Data_21090_B
Data_21091_A,Data_21091_B
Data_21092_A,Data_21092_B
Data_21093_A,Data_21093_B
Data_21094_A,Data_21094_B
Data_21095_A,Data_21095_B
Data_21096_A,Data_21096_B
Data_21097_A,Data_21097_B
Data_21098_A,Data_21098_B
Data_21099_A,Data_21099_B
Data_21100_A,Data_21100_B
Data_21101_A,Data_21101_B
Data_21102_A,Data_21102_B
Data_21103_A,Data_21103_B
Data_21104_A,Data_21104_B
Data_21105_A,Data_21105_B
Data_21106_A,Data_21106_B
Data_21107_A,Data_21107_B
Data_21108_A,Data_21108_B
Data_21109_A,Data_21109_B
Data_21110_A,Data_21110_B
Data_21111_A,Data_21111_B
Data_21112_A,Data_21112_B
Data_21113_A,Data_21113_B
Data_21114_A,Data_21114_B
Data_21115_A,Data_21115_B
Data_21116_A,Data_21116_B
Data_21117_A,Data_21117_B
Data_21118_A,Data_21118_B
Data_21119_A,Data_21119_B
Data_21120_A,Data_21120_B
Data_21121_A,Data_21121_B
Data_21122_A,Data_21122_B
Data_21123_A,Data_21123_B
Data_21124_A,Data_21124_B
Data_21125_A,Data_21125_B
Data_21126_A,Data_21126_B
Data_21127_A,Data_21127_B
Data_21128_A,Data_21128_B
Data_21129_A,Data_21129_B
Data_21130_A,Data_21130_B
Data_21131_A,Data_21131_B
Data_21132_A,Data_21132_B
Data_21133_A,Data_21133_B
Data_21134_A,Data_21134_B
Data_21135_A,Data_21135_B
Data_21136_A,Data_21136_B
Data_21137_A,Data_21137_B
Data_21138_A,Data_21138_B
Data_21139_A,Data_21139_B
Data_21140_A,Data_21140_B
Data_21141_A,Data_21141_B
Data_21142_A,Data_21142_B
Data_21143_A,Data_21143_B
Data_21144_A,Data_21144_B
Data_21145_A,Data_21145_B
Data_21146_A,Data_21146_B
Data_21147_A,Data_21147_B
Data_21148_A,Data_21148_B
Data_21149_A,Data_21149_B
Data_21150_A,Data_21150_B
Data_21151_A,Data_21151_B
Data_21152_A,Data_21152_B
Data_21153_A,Data_21153_B
Data_21154_A,Data_21154_B
Data_21155_A,Data_21155_B
Data_21156_A,Data_21156_B
Data_21157_A,Data_21157_B
Data_21158_A,Data_21158_B
Data_21159_A,Data_21159_B
Data_21160_A,Data_21160_B
Data_21161_A,Data_21161_B
Data_21162_A,Data_21162_B
Data_21163_A,Data_21163_B
Data_21164_A,Data_21164_B
Data_21165_A,Data_21165_B
Data_21166_A,Data_21166_B
Data_21167_A,Data_21167_B
Data_21168_A,Data_21168_B
Data_21169_A,Data_21169_B
Data_21170_A,Data_21170_B
Data_21171_A,Data_21171_B
Data_21172_A,Data_21172_B
Data_21173_A,Data_21173_B
Data_21174_A,Data_21174_B
Data_21175_A,Data_21175_B
Data_21176_A,Data_21176_B
Data_21177_A,Data_21177_B
Data_21178_A,Data_21178_B
Data_21179_A,Data_21179_B
Data_21180_A,Data_21180_B
Data_21181_A,Data_21181_B
Data_21182_A,Data_21182_B
Data_21183_A,Data_21183_B
Data_21184_A,Data_21184_B
Data_21185_A,Data_21185_B
Data_21186_A,Data_21186_B
Data_21187_A,Data_21187_B
Data_21188_A,Data_21188_B
Data_21189_A,Data_21189_B
Data_21190_A,Data_21190_B
Data_21191_A,Data_21191_B
Data_21192_A,Data_21192_B
Data_21193_A,Data_21193_B
Data_21194_A,Data_21194_B
Data_21195_A,Data_21195_B
Data_21196_A,Data_21196_B
Data_21197_A,Data_21197_B
Data_21198_A,Data_21198_B
Data_21199_A,Data_21199_B
Data_21200_A,Data_21200_B
Data_21201_A,Data_21201_B
Data_21202_A,Data_21202_B
Data_21203_A,Data_21203_B
Data_21204_A,Data_21204_B
Data_21205_A,Data_21205_B
Data_21206_A,Data_21206_B
Data_21207_A,Data_21207_B
Data_21208_A,Data_21208_B
Data_21209_A,Data_21209_B
Data_21210_A,Data_21210_B
Data_21211_A,Data_21211_B
Data_21212_A,Data_21212_B
Data_21213_A,Data_21213_B
Data_21214_A,Data_21214_B
Data_21215_A,Data_21215_B
Data_21216_A,Data_21216_B
Data_21217_A,Data_21217_B
Data_21218_A,Data_21218_B
Data_21219_A,Data_21219_B
Data_21220_A,Data_21220_B
Data_21221_A,Data_21221_B
Data_21222_A,Data_21222_B
Data_21223_A,Data_21223_B
Data_21224_A,Data_21224_B
Data_21225_A,Data_21225_B
Data_21226_A,Data_21226_B
Data_21227_A,Data_21227_B
Data_21228_A,Data_21228_B
Data_21229_A,Data_21229_B
Data_21230_A,Data_21230_B
Data_21231_A,Data_21231_B
Data_21232_A,Data_21232_B
Data_21233_A,Data_21233_B
Data_21234_A,Data_21234_B
Data_21235_A,Data_21235_B
Data_21236_A,Data_21236_B
Data_21237_A,Data_21237_B
Data_21238_A,Data_21238_B
Data_21239_A,Data_21239_B
Data_21240_A,Data_21240_B
Data_21241_A,Data_21241_B
Data_21242_A,Data_21242_B
Data_21243_A,Data_21243_B
Data_21244_A,Data_21244_B
Data_21245_A,Data_21245_B
Data_21246_A,Data_21246_B
Data_21247_A,Data_21247_B
Data_21248_A,Data_21248_B
Data_21249_A,Data_21249_B
Data_21250_A,Data_21250_B
Data_21251_A,Data_21251_B
Data_21252_A,Data_21252_B
Data_21253_A,Data_21253_B
Data_21254_A,Data_21254_B
Data_21255_A,Data_21255_B
Data_21256_A,Data_21256_B
Data_21257_A,Data_21257_B
Data_21258_A,Data_21258_B
Data_21259_A,Data_21259_B
Data_21260_A,Data_21260_B
Data_21261_A,Data_21261_B
Data_21262_A,Data_21262_B
Data_21263_A,Data_21263_B
Data_21264_A,Data_21264_B
Data_21265_A,Data_21265_B
Data_21266_A,Data_21266_B
Data_21267_A,Data_21267_B
Data_21268_A,Data_21268_B
Data_21269_A,Data_21269_B
Data_21270_A,Data_21270_B
Data_21271_A,Data_21271_B
Data_21272_A,Data_21272_B
Data_21273_A,Data_21273_B
Data_21274_A,Data_21274_B
Data_21275_A,Data_21275_B
Data_21276_A,Data_21276_B
Data_21277_A,Data_21277_B
Data_21278_A,Data_21278_B
Data_21279_A,Data_21279_B
Data_21280_A,Data_21280_B
Data_21281_A,Data_21281_B
Data_21282_A,Data_21282_B
Data_21283_A,Data_21283_B
Data_21284_A,Data_21284_B
Data_21285_A,Data_21285_B
Data_21286_A,Data_21286_B
Data_21287_A,Data_21287_B
Data_21288_A,Data_21288_B
Data_21289_A,Data_21289_B
Data_21290_A,Data_21290_B
Data_21291_A,Data_21291_B
Data_21292_A,Data_21292_B
Data_21293_A,Data_21293_B
Data_21294_A,Data_21294_B
Data_21295_A,Data_21295_B
Data_21296_A,Data_21296_B
Data_21297_A,Data_21297_B
Data_21298_A,Data_21298_B
Data_21299_A,Data_21299_B
Data_21300_A,Data_21300_B
Data_21301_A,Data_21301_B
Data_21302_A,Data_21302_B
Data_21303_A,Data_21303_B
Data_21304_A,Data_21304_B
Data_21305_A,Data_21305_B
Data_21306_A,Data_21306_B
Data_21307_A,Data_21307_B
Data_21308_A,Data_21308_B
Data_21309_A,Data_21309_B
Data_21310_A,Data_21310_B
Data_21311_A,Data_21311_B
Data_21312_A,Data_21312_B
Data_21313_A,Data_21313_B
Data_21314_A,Data_21314_B
Data_21315_A,Data_21315_B
Data_21316_A,Data_21316_B
Data_21317_A,Data_21317_B
Data_21318_A,Data_21318_B
Data_21319_A,Data_21319_B
Data_21320_A,Data_21320_B
Data_21321_A,Data_21321_B
Data_21322_A,Data_21322_B
Data_21323_A,Data_21323_B
Data_21324_A,Data_21324_B
Data_21325_A,Data_21325_B
Data_21326_A,Data_21326_B
Data_21327_A,Data_21327_B
Data_21328_A,Data_21328_B
Data_21329_A,Data_21329_B
Data_21330_A,Data_21330_B
Data_21331_A,Data_21331_B
Data_21332_A,Data_21332_B
Data_21333_A,Data_21333_B
Data_21334_A,Data_21334_B
Data_21335_A,Data_21335_B
Data_21336_A,Data_21336_B
Data_21337_A,Data_21337_B
Data_21338_A,Data_21338_B
Data_21339_A,Data_21339_B
Data_21340_A,Data_21340_B
Data_21341_A,Data_21341_B
Data_21342_A,Data_21342_B
Data_21343_A,Data_21343_B
Data_21344_A,Data_21344_B
Data_21345_A,Data_21345_B
Data_21346_A,Data_21346_B
Data_21347_A,Data_21347_B
Data_21348_A,Data_21348_B
Data_21349_A,Data_21349_B
Data_21350_A,Data_21350_B
Data_21351_A,Data_21351_B
Data_21352_A,Data_21352_B
Data_21353_A,Data_21353_B
Data_21354_A,Data_21354_B
Data_21355_A,Data_21355_B
Data_21356_A,Data_21356_B
Data_21357_A,Data_21357_B
Data_21358_A,Data_21358_B
Data_21359_A,Data_21359_B
Data_21360_A,Data_21360_B
Data_21361_A,Data_21361_B
Data_21362_A,Data_21362_B
Data_21363_A,Data_21363_B
Data_21364_A,Data_21364_B
Data_21365_A,Data_21365_B
Data_21366_A,Data_21366_B
Data_21367_A,Data_21367_B
Data_21368_A,Data_21368_B
Data_21369_A,Data_21369_B
Data_21370_A,Data_21370_B
Data_21371_A,Data_21371_B
Data_21372_A,Data_21372_B
Data_21373_A,Data_21373_B
Data_21374_A,Data_21374_B
Data_21375_A,Data_21375_B
Data_21376_A,Data_21376_B
Data_21377_A,Data_21377_B
Data_21378_A,Data_21378_B
Data_21379_A,Data_21379_B
Data_21380_A,Data_21380_B
Data_21381_A,Data_21381_B
Data_21382_A,Data_21382_B
Data_21383_A,Data_21383_B
Data_21384_A,Data_21384_B
Data_21385_A,Data_21385_B
Data_21386_A,Data_21386_B
Data_21387_A,Data_21387_B
Data_21388_A,Data_21388_B
Data_21389_A,Data_21389_B
Data_21390_A,Data_21390_B
Data_21391_A,Data_21391_B
Data_21392_A,Data_21392_B
Data_21393_A,Data_21393_B
Data_21394_A,Data_21394_B
Data_21395_A,Data_21395_B
Data_21396_A,Data_21396_B
Data_21397_A,Data_21397_B
Data_21398_A,Data_21398_B
Data_21399_A,Data_21399_B
Data_21400_A,Data_21400_B
Data_21401_A,Data_21401_B
Data_21402_A,Data_21402_B
Data_21403_A,Data_21403_B
Data_21404_A,Data_21404_B
Data_21405_A,Data_21405_B
Data_21406_A,Data_21406_B
Data_21407_A,Data_21407_B
Data_21408_A,Data_21408_B
Data_21409_A,Data_21409_B
Data_21410_A,Data_21410_B
Data_21411_A,Data_21411_B
Data_21412_A,Data_21412_B
Data_21413_A,Data_21413_B
Data_21414_A,Data_21414_B
Data_21415_A,Data_21415_B
Data_21416_A,Data_21416_B
Data_21417_A,Data_21417_B
Data_21418_A,Data_21418_B
Data_21419_A,Data_21419_B
Data_21420_A,Data_21420_B
Data_21421_A,Data_21421_B
Data_21422_A,Data_21422_B
Data_21423_A,Data_21423_B
Data_21424_A,Data_21424_B
Data_21425_A,Data_21425_B
Data_21426_A,Data_21426_B
Data_21427_A,Data_21427_B
Data_21428_A,Data_21428_B
Data_21429_A,Data_21429_B
Data_21430_A,Data_21430_B
Data_21431_A,Data_21431_B
Data_21432_A,Data_21432_B
Data_21433_A,Data_21433_B
Data_21434_A,Data_21434_B
Data_21435_A,Data_21435_B
Data_21436_A,Data_21436_B
Data_21437_A,Data_21437_B
Data_21438_A,Data_21438_B
Data_21439_A,Data_21439_B
Data_21440_A,Data_21440_B
Data_21441_A,Data_21441_B
Data_21442_A,Data_21442_B
Data_21443_A,Data_21443_B
Data_21444_A,Data_21444_B
Data_21445_A,Data_21445_B
Data_21446_A,Data_21446_B
Data_21447_A,Data_21447_B
Data_21448_A,Data_21448_B
Data_21449_A,Data_21449_B
Data_21450_A,Data_21450_B
Data_21451_A,Data_21451_B
Data_21452_A,Data_21452_B
Data_21453_A,Data_21453_B
Data_21454_A,Data_21454_B
Data_21455_A,Data_21455_B
Data_21456_A,Data_21456_B
Data_21457_A,Data_21457_B
Data_21458_A,Data_21458_B
Data_21459_A,Data_21459_B
Data_21460_A,Data_21460_B
Data_21461_A,Data_21461_B
Data_21462_A,Data_21462_B
Data_21463_A,Data_21463_B
Data_21464_A,Data_21464_B
Data_21465_A,Data_21465_B
Data_21466_A,Data_21466_B
Data_21467_A,Data_21467_B
Data_21468_A,Data_21468_B
Data_21469_A,Data_21469_B
Data_21470_A,Data_21470_B
Data_21471_A,Data_21471_B
Data_21472_A,Data_21472_B
Data_21473_A,Data_21473_B
Data_21474_A,Data_21474_B
Data_21475_A,Data_21475_B
Data_21476_A,Data_21476_B
Data_21477_A,Data_21477_B
Data_21478_A,Data_21478_B
Data_21479_A,Data_21479_B
Data_21480_A,Data_21480_B
Data_21481_A,Data_21481_B
Data_21482_A,Data_21482_B
Data_21483_A,Data_21483_B
Data_21484_A,Data_21484_B
Data_21485_A,Data_21485_B
Data_21486_A,Data_21486_B
Data_21487_A,Data_21487_B
Data_21488_A,Data_21488_B
Data_21489_A,Data_21489_B
Data_21490_A,Data_21490_B
Data_21491_A,Data_21491_B
Data_21492_A,Data_21492_B
Data_21493_A,Data_21493_B
Data_21494_A,Data_21494_B
Data_21495_A,Data_21495_B
Data_21496_A,Data_21496_B
Data_21497_A,Data_21497_B
Data_21498_A,Data_21498_B
Data_21499_A,Data_21499_B
Data_21500_A,Data_21500_B
Data_21501_A,Data_21501_B
Data_21502_A,Data_21502_B
Data_21503_A,Data_21503_B
Data_21504_A,Data_21504_B
Data_21505_A,Data_21505_B
Data_21506_A,Data_21506_B
Data_21507_A,Data_21507_B
Data_21508_A,Data_21508_B
Data_21509_A,Data_21509_B
Data_21510_A,Data_21510_B
Data_21511_A,Data_21511_B
Data_21512_A,Data_21512_B
Data_21513_A,Data_21513_B
Data_21514_A,Data_21514_B
Data_21515_A,Data_21515_B
Data_21516_A,Data_21516_B
Data_21517_A,Data_21517_B
Data_21518_A,Data_21518_B
Data_21519_A,Data_21519_B
Data_21520_A,Data_21520_B
Data_21521_A,Data_21521_B
Data_21522_A,Data_21522_B
Data_21523_A,Data_21523_B
Data_21524_A,Data_21524_B
Data_21525_A,Data_21525_B
Data_21526_A,Data_21526_B
Data_21527_A,Data_21527_B
Data_21528_A,Data_21528_B
Data_21529_A,Data_21529_B
Data_21530_A,Data_21530_B
Data_21531_A,Data_21531_B
Data_21532_A,Data_21532_B
Data_21533_A,Data_21533_B
Data_21534_A,Data_21534_B
Data_21535_A,Data_21535_B
Data_21536_A,Data_21536_B
Data_21537_A,Data_21537_B
Data_21538_A,Data_21538_B
Data_21539_A,Data_21539_B
Data_21540_A,Data_21540_B
Data_21541_A,Data_21541_B
Data_21542_A,Data_21542_B
Data_21543_A,Data_21543_B
Data_21544_A,Data_21544_B
Data_21545_A,Data_21545_B
Data_21546_A,Data_21546_B
Data_21547_A,Data_21547_B
Data_21548_A,Data_21548_B
Data_21549_A,Data_21549_B
Data_21550_A,Data_21550_B
Data_21551_A,Data_21551_B
Data_21552_A,Data_21552_B
Data_21553_A,Data_21553_B
Data_21554_A,Data_21554_B
Data_21555_A,Data_21555_B
Data_21556_A,Data_21556_B
Data_21557_A,Data_21557_B
Data_21558_A,Data_21558_B
Data_21559_A,Data_21559_B
Data_21560_A,Data_21560_B
Data_21561_A,Data_21561_B
Data_21562_A,Data_21562_B
Data_21563_A,Data_21563_B
Data_21564_A,Data_21564_B
Data_21565_A,Data_21565_B
Data_21566_A,Data_21566_B
Data_21567_A,Data_21567_B
Data_21568_A,Data_21568_B
Data_21569_A,Data_21569_B
Data_21570_A,Data_21570_B
Data_21571_A,Data_21571_B
Data_21572_A,Data_21572_B
Data_21573_A,Data_21573_B
Data_21574_A,Data_21574_B
Data_21575_A,Data_21575_B
Data_21576_A,Data_21576_B
Data_21577_A,Data_21577_B
Data_21578_A,Data_21578_B
Data_21579_A,Data_21579_B
Data_21580_A,Data_21580_B
Data_21581_A,Data_21581_B
Data_21582_A,Data_21582_B
Data_21583_A,Data_21583_B
Data_21584_A,Data_21584_B
Data_21585_A,Data_21585_B
Data_21586_A,Data_21586_B
Data_21587_A,Data_21587_B
Data_21588_A,Data_21588_B
Data_21589_A,Data_21589_B
Data_21590_A,Data_21590_B
Data_21591_A,Data_21591_B
Data_21592_A,Data_21592_B
Data_21593_A,Data_21593_B
Data_21594_A,Data_21594_B
Data_21595_A,Data_21595_B
Data_21596_A,Data_21596_B
Data_21597_A,Data_21597_B
Data_21598_A,Data_21598_B
Data_21599_A,Data_21599_B
Data_21600_A,Data_21600_B
Data_21601_A,Data_21601_B
Data_21602_A,Data_21602_B
Data_21603_A,Data_21603_B
Data_21604_A,Data_21604_B
Data_21605_A,Data_21605_B
Data_21606_A,Data_21606_B
Data_21607_A,Data_21607_B
Data_21608_A,Data_21608_B
Data_21609_A,Data_21609_B
Data_21610_A,Data_21610_B
Data_21611_A,Data_21611_B
Data_21612_A,Data_21612_B
Data_21613_A,Data_21613_B
Data_21614_A,Data_21614_B
Data_21615_A,Data_21615_B
Data_21616_A,Data_21616_B
Data_21617_A,Data_21617_B
Data_21618_A,Data_21618_B
Data_21619_A,Data_21619_B
Data_21620_A,Data_21620_B
Data_21621_A,Data_21621_B
Data_21622_A,Data_21622_B
Data_21623_A,Data_21623_B
Data_21624_A,Data_21624_B
Data_21625_A,Data_21625_B
Data_21626_A,Data_21626_B
Data_21627_A,Data_21627_B
Data_21628_A,Data_21628_B
Data_21629_A,Data_21629_B
Data_21630_A,Data_21630_B
Data_21631_A,Data_21631_B
Data_21632_A,Data_21632_B
Data_21633_A,Data_21633_B
Data_21634_A,Data_21634_B
Data_21635_A,Data_21635_B
Data_21636_A,Data_21636_B
Data_21637_A,Data_21637_B
Data_21638_A,Data_21638_B
Data_21639_A,Data_21639_B
Data_21640_A,Data_21640_B
Data_21641_A,Data_21641_B
Data_21642_A,Data_21642_B
Data_21643_A,Data_21643_B
Data_21644_A,Data_21644_B
Data_21645_A,Data_21645_B
Data_21646_A,Data_21646_B
Data_21647_A,Data_21647_B
Data_21648_A,Data_21648_B
Data_21649_A,Data_21649_B
Data_21650_A,Data_21650_B
Data_21651_A,Data_21651_B
Data_21652_A,Data_21652_B
Data_21653_A,Data_21653_B
Data_21654_A,Data_21654_B
Data_21655_A,Data_21655_B
Data_21656_A,Data_21656_B
Data_21657_A,Data_21657_B
Data_21658_A,Data_21658_B
Data_21659_A,Data_21659_B
Data_21660_A,Data_21660_B
Data_21661_A,Data_21661_B
Data_21662_A,Data_21662_B
Data_21663_A,Data_21663_B
Data_21664_A,Data_21664_B
Data_21665_A,Data_21665_B
Data_21666_A,Data_21666_B
Data_21667_A,Data_21667_B
Data_21668_A,Data_21668_B
Data_21669_A,Data_21669_B
Data_21670_A,Data_21670_B
Data_21671_A,Data_21671_B
Data_21672_A,Data_21672_B
Data_21673_A,Data_21673_B
Data_21674_A,Data_21674_B
Data_21675_A,Data_21675_B
Data_21676_A,Data_21676_B
Data_21677_A,Data_21677_B
Data_21678_A,Data_21678_B
Data_21679_A,Data_21679_B
Data_21680_A,Data_21680_B
Data_21681_A,Data_21681_B
Data_21682_A,Data_21682_B
Data_21683_A,Data_21683_B
Data_21684_A,Data_21684_B
Data_21685_A,Data_21685_B
Data_21686_A,Data_21686_B
Data_21687_A,Data_21687_B
Data_21688_A,Data_21688_B
Data_21689_A,Data_21689_B
Data_21690_A,Data_21690_B
Data_21691_A,Data_21691_B
Data_21692_A,Data_21692_B
Data_21693_A,Data_21693_B
Data_21694_A,Data_21694_B
Data_21695_A,Data_21695_B
Data_21696_A,Data_21696_B
Data_21697_A,Data_21697_B
Data_21698_A,Data_21698_B
Data_21699_A,Data_21699_B
Data_21700_A,Data_21700_B
Data_21701_A,Data_21701_B
Data_21702_A,Data_21702_B
Data_21703_A,Data_21703_B
Data_21704_A,Data_21704_B
Data_21705_A,Data_21705_B
Data_21706_A,Data_21706_B
Data_21707_A,Data_21707_B
Data_21708_A,Data_21708_B
Data_21709_A,Data_21709_B
Data_21710_A,Data_21710_B
Data_21711_A,Data_21711_B
Data_21712_A,Data_21712_B
Data_21713_A,Data_21713_B
Data_21714_A,Data_21714_B
Data_21715_A,Data_21715_B
Data_21716_A,Data_21716_B
Data_21717_A,Data_21717_B
Data_21718_A,Data_21718_B
Data_21719_A,Data_21719_B
Data_21720_A,Data_21720_B
Data_21721_A,Data_21721_B
Data_21722_A,Data_21722_B
Data_21723_A,Data_21723_B
Data_21724_A,Data_21724_B
Data_21725_A,Data_21725_B
Data_21726_A,Data_21726_B
Data_21727_A,Data_21727_B
Data_21728_A,Data_21728_B
Data_21729_A,Data_21729_B
Data_21730_A,Data_21730_B
Data_21731_A,Data_21731_B
Data_21732_A,Data_21732_B
Data_21733_A,Data_21733_B
Data_21734_A,Data_21734_B
Data_21735_A,Data_21735_B
Data_21736_A,Data_21736_B
Data_21737_A,Data_21737_B
Data_21738_A,Data_21738_B
Data_21739_A,Data_21739_B
Data_21740_A,Data_21740_B
Data_21741_A,Data_21741_B
Data_21742_A,Data_21742_B
Data_21743_A,Data_21743_B
Data_21744_A,Data_21744_B
Data_21745_A,Data_21745_B
Data_21746_A,Data_21746_B
Data_21747_A,Data_21747_B
Data_21748_A,Data_21748_B
Data_21749_A,Data_21749_B
Data_21750_A,Data_21750_B
Data_21751_A,Data_21751_B
Data_21752_A,Data_21752_B
Data_21753_A,Data_21753_B
Data_21754_A,Data_21754_B
Data_21755_A,Data_21755_B
Data_21756_A,Data_21756_B
Data_21757_A,Data_21757_B
Data_21758_A,Data_21758_B
Data_21759_A,Data_21759_B
Data_21760_A,Data_21760_B
Data_21761_A,Data_21761_B
Data_21762_A,Data_21762_B
Data_21763_A,Data_21763_B
Data_21764_A,Data_21764_B
Data_21765_A,Data_21765_B
Data_21766_A,Data_21766_B
Data_21767_A,Data_21767_B
Data_21768_A,Data_21768_B
Data_21769_A,Data_21769_B
Data_21770_A,Data_21770_B
Data_21771_A,Data_21771_B
Data_21772_A,Data_21772_B
Data_21773_A,Data_21773_B
Data_21774_A,Data_21774_B
Data_21775_A,Data_21775_B
Data_21776_A,Data_21776_B
Data_21777_A,Data_21777_B
Data_21778_A,Data_21778_B
Data_21779_A,Data_21779_B
Data_21780_A,Data_21780_B
Data_21781_A,Data_21781_B
Data_21782_A,Data_21782_B
Data_21783_A,Data_21783_B
Data_21784_A,Data_21784_B
Data_21785_A,Data_21785_B
Data_21786_A,Data_21786_B
Data_21787_A,Data_21787_B
Data_21788_A,Data_21788_B
Data_21789_A,Data_21789_B
Data_21790_A,Data_21790_B
Data_21791_A,Data_21791_B
Data_21792_A,Data_21792_B
Data_21793_A,Data_21793_B
Data_21794_A,Data_21794_B
Data_21795_A,Data_21795_B
Data_21796_A,Data_21796_B
Data_21797_A,Data_21797_B
Data_21798_A,Data_21798_B
Data_21799_A,Data_21799_B
Data_21800_A,Data_21800_B
Data_21801_A,Data_21801_B
Data_21802_A,Data_21802_B
Data_21803_A,Data_21803_B
Data_21804_A,Data_21804_B
Data_21805_A,Data_21805_B
Data_21806_A,Data_21806_B
Data_21807_A,Data_21807_B
Data_21808_A,Data_21808_B
Data_21809_A,Data_21809_B
Data_21810_A,Data_21810_B
Data_21811_A,Data_21811_B
Data_21812_A,Data_21812_B
Data_21813_A,Data_21813_B
Data_21814_A,Data_21814_B
Data_21815_A,Data_21815_B
Data_21816_A,Data_21816_B
Data_21817_A,Data_21817_B
Data_21818_A,Data_21818_B
Data_21819_A,Data_21819_B
Data_21820_A,Data_21820_B
Data_21821_A,Data_21821_B
Data_21822_A,Data_21822_B
Data_21823_A,Data_21823_B
Data_21824_A,Data_21824_B
Data_21825_A,Data_21825_B
Data_21826_A,Data_21826_B
Data_21827_A,Data_21827_B
Data_21828_A,Data_21828_B
Data_21829_A,Data_21829_B
Data_21830_A,Data_21830_B
Data_21831_A,Data_21831_B
Data_21832_A,Data_21832_B
Data_21833_A,Data_21833_B
Data_21834_A,Data_21834_B
Data_21835_A,Data_21835_B
Data_21836_A,Data_21836_B
Data_21837_A,Data_21837_B
Data_21838_A,Data_21838_B
Data_21839_A,Data_21839_B
Data_21840_A,Data_21840_B
Data_21841_A,Data_21841_B
Data_21842_A,Data_21842_B
Data_21843_A,Data_21843_B
Data_21844_A,Data_21844_B
Data_21845_A,Data_21845_B
Data_21846_A,Data_21846_B
Data_21847_A,Data_21847_B
Data_21848_A,Data_21848_B
Data_21849_A,Data_21849_B
Data_21850_A,Data_21850_B
Data_21851_A,Data_21851_B
Data_21852_A,Data_21852_B
Data_21853_A,Data_21853_B
Data_21854_A,Data_21854_B
Data_21855_A,Data_21855_B
Data_21856_A,Data_21856_B
Data_21857_A,Data_21857_B
Data_21858_A,Data_21858_B
Data_21859_A,Data_21859_B
Data_21860_A,Data_21860_B
Data_21861_A,Data_21861_B
Data_21862_A,Data_21862_B
Data_21863_A,Data_21863_B
Data_21864_A,Data_21864_B
Data_21865_A,Data_21865_B
Data_21866_A,Data_21866_B
Data_21867_A,Data_21867_B
Data_21868_A,Data_21868_B
Data_21869_A,Data_21869_B
Data_21870_A,Data_21870_B
Data_21871_A,Data_21871_B
Data_21872_A,Data_21872_B
Data_21873_A,Data_21873_B
Data_21874_A,Data_21874_B
Data_21875_A,Data_21875_B
Data_21876_A,Data_21876_B
Data_21877_A,Data_21877_B
Data_21878_A,Data_21878_B
Data_21879_A,Data_21879_B
Data_21880_A,Data_21880_B
Data_21881_A,Data_21881_B
Data_21882_A,Data_21882_B
Data_21883_A,Data_21883_B
Data_21884_A,Data_21884_B
Data_21885_A,Data_21885_B
Data_21886_A,Data_21886_B
Data_21887_A,Data_21887_B
Data_21888_A,Data_21888_B
Data_21889_A,Data_21889_B
Data_21890_A,Data_21890_B
Data_21891_A,Data_21891_B
Data_21892_A,Data_21892_B
Data_21893_A,Data_21893_B
Data_21894_A,Data_21894_B
Data_21895_A,Data_21895_B
Data_21896_A,Data_21896_B
Data_21897_A,Data_21897_B
Data_21898_A,Data_21898_B
Data_21899_A,Data_21899_B
Data_21900_A,Data_21900_B
Data_21901_A,Data_21901_B
Data_21902_A,Data_21902_B
Data_21903_A,Data_21903_B
Data_21904_A,Data_21904_B
Data_21905_A,Data_21905_B
Data_21906_A,Data_21906_B
Data_21907_A,Data_21907_B
Data_21908_A,Data_21908_B
Data_21909_A,Data_21909_B
Data_21910_A,Data_21910_B
Data_21911_A,Data_21911_B
Data_21912_A,Data_21912_B
Data_21913_A,Data_21913_B
Data_21914_A,Data_21914_B
Data_21915_A,Data_21915_B
Data_21916_A,Data_21916_B
Data_21917_A,Data_21917_B
Data_21918_A,Data_21918_B
Data_21919_A,Data_21919_B
Data_21920_A,Data_21920_B
Data_21921_A,Data_21921_B
Data_21922_A,Data_21922_B
Data_21923_A,Data_21923_B
Data_21924_A,Data_21924_B
Data_21925_A,Data_21925_B
Data_21926_A,Data_21926_B
Data_21927_A,Data_21927_B
Data_21928_A,Data_21928_B
Data_21929_A,Data_21929_B
Data_21930_A,Data_21930_B
Data_21931_A,Data_21931_B
Data_21932_A,Data_21932_B
Data_21933_A,Data_21933_B
Data_21934_A,Data_21934_B
Data_21935_A,Data_21935_B
Data_21936_A,Data_21936_B
Data_21937_A,Data_21937_B
Data_21938_A,Data_21938_B
Data_21939_A,Data_21939_B
Data_21940_A,Data_21940_B
Data_21941_A,Data_21941_B
Data_21942_A,Data_21942_B
Data_21943_A,Data_21943_B
Data_21944_A,Data_21944_B
Data_21945_A,Data_21945_B
Data_21946_A,Data_21946_B
Data_21947_A,Data_21947_B
Data_21948_A,Data_21948_B
Data_21949_A,Data_21949_B
Data_21950_A,Data_21950_B
Data_21951_A,Data_21951_B
Data_21952_A,Data_21952_B
Data_21953_A,Data_21953_B
Data_21954_A,Data_21954_B
Data_21955_A,Data_21955_B
Data_21956_A,Data_21956_B
Data_21957_A,Data_21957_B
Data_21958_A,Data_21958_B
Data_21959_A,Data_21959_B
Data_21960_A,Data_21960_B
Data_21961_A,Data_21961_B
Data_21962_A,Data_21962_B
Data_21963_A,Data_21963_B
Data_21964_A,Data_21964_B
Data_21965_A,Data_21965_B
Data_21966_A,Data_21966_B
Data_21967_A,Data_21967_B
Data_21968_A,Data_21968_B
Data_21969_A,Data_21969_B
Data_21970_A,Data_21970_B
Data_21971_A,Data_21971_B
Data_21972_A,Data_21972_B
Data_21973_A,Data_21973_B
Data_21974_A,Data_21974_B
Data_21975_A,Data_21975_B
Data_21976_A,Data_21976_B
Data_21977_A,Data_21977_B
Data_21978_A,Data_21978_B
Data_21979_A,Data_21979_B
Data_21980_A,Data_21980_B
Data_21981_A,Data_21981_B
Data_21982_A,Data_21982_B
Data_21983_A,Data_21983_B
Data_21984_A,Data_21984_B
Data_21985_A,Data_21985_B
Data_21986_A,Data_21986_B
Data_21987_A,Data_21987_B
Data_21988_A,Data_21988_B
Data_21989_A,Data_21989_B
Data_21990_A,Data_21990_B
Data_21991_A,Data_21991_B
Data_21992_A,Data_21992_B
Data_21993_A,Data_21993_B
Data_21994_A,Data_21994_B
Data_21995_A,Data_21995_B
Data_21996_A,Data_21996_B
Data_21997_A,Data_21997_B
Data_21998_A,Data_21998_B
Data_21999_A,Data_21999_B
Data_22000_A,Data_22000_B
Data_22001_A,Data_22001_B
Data_22002_A,Data_22002_B
Data_22003_A,Data_22003_B
Data_22004_A,Data_22004_B
Data_22005_A,Data_22005_B
Data_22006_A,Data_22006_B
Data_22007_A,Data_22007_B
Data_22008_A,Data_22008_B
Data_22009_A,Data_22009_B
Data_22010_A,Data_22010_B
Data_22011_A,Data_22011_B
Data_22012_A,Data_22012_B
Data_22013_A,Data_22013_B
Data_22014_A,Data_22014_B
Data_22015_A,Data_22015_B
Data_22016_A,Data_22016_B
Data_22017_A,Data_22017_B
Data_22018_A,Data_22018_B
Data_22019_A,Data_22019_B
Data_22020_A,Data_22020_B
Data_22021_A,Data_22021_B
Data_22022_A,Data_22022_B
Data_22023_A,Data_22023_B
Data_22024_A,Data_22024_B
Data_22025_A,Data_22025_B
Data_22026_A,Data_22026_B
Data_22027_A,Data_22027_B
Data_22028_A,Data_22028_B
Data_22029_A,Data_22029_B
Data_22030_A,Data_22030_B
Data_22031_A,Data_22031_B
Data_22032_A,Data_22032_B
Data_22033_A,Data_22033_B
Data_22034_A,Data_22034_B
Data_22035_A,Data_22035_B
Data_22036_A,Data_22036_B
Data_22037_A,Data_22037_B
Data_22038_A,Data_22038_B
Data_22039_A,Data_22039_B
Data_22040_A,Data_22040_B
Data_22041_A,Data_22041_B
Data_22042_A,Data_22042_B
Data_22043_A,Data_22043_B
Data_22044_A,Data_22044_B
Data_22045_A,Data_22045_B
Data_22046_A,Data_22046_B
Data_22047_A,Data_22047_B
Data_22048_A,Data_22048_B
Data_22049_A,Data_22049_B
Data_22050_A,Data_22050_B
Data_22051_A,Data_22051_B
Data_22052_A,Data_22052_B
Data_22053_A,Data_22053_B
Data_22054_A,Data_22054_B
Data_22055_A,Data_22055_B
Data_22056_A,Data_22056_B
Data_22057_A,Data_22057_B
Data_22058_A,Data_22058_B
Data_22059_A,Data_22059_B
Data_22060_A,Data_22060_B
Data_22061_A,Data_22061_B
Data_22062_A,Data_22062_B
Data_22063_A,Data_22063_B
Data_22064_A,Data_22064_B
Data_22065_A,Data_22065_B
Data_22066_A,Data_22066_B
Data_22067_A,Data_22067_B
Data_22068_A,Data_22068_B
Data_22069_A,Data_22069_B
Data_22070_A,Data_22070_B
Data_22071_A,Data_22071_B
Data_22072_A,Data_22072_B
Data_22073_A,Data_22073_B
Data_22074_A,Data_22074_B
Data_22075_A,Data_22075_B
Data_22076_A,Data_22076_B
Data_22077_A,Data_22077_B
Data_22078_A,Data_22078_B
Data_22079_A,Data_22079_B
Data_22080_A,Data_22080_B
Data_22081_A,Data_22081_B
Data_22082_A,Data_22082_B
Data_22083_A,Data_22083_B
Data_22084_A,Data_22084_B
Data_22085_A,Data_22085_B
Data_22086_A,Data_22086_B
Data_22087_A,Data_22087_B
Data_22088_A,Data_22088_B
Data_22089_A,Data_22089_B
Data_22090_A,Data_22090_B
Data_22091_A,Data_22091_B
Data_22092_A,Data_22092_B
Data_22093_A,Data_22093_B
Data_22094_A,Data_22094_B
Data_22095_A,Data_22095_B
Data_22096_A,Data_22096_B
Data_22097_A,Data_22097_B
Data_22098_A,Data_22098_B
Data_22099_A,Data_22099_B
Data_22100_A,Data_22100_B
Data_22101_A,Data_22101_B
Data_22102_A,Data_22102_B
Data_22103_A,Data_22103_B
Data_22104_A,Data_22104_B
Data_22105_A,Data_22105_B
Data_22106_A,Data_22106_B
Data_22107_A,Data_22107_B
Data_22108_A,Data_22108_B
Data_22109_A,Data_22109_B
Data_22110_A,Data_22110_B
Data_22111_A,Data_22111_B
Data_22112_A,Data_22112_B
Data_22113_A,Data_22113_B
Data_22114_A,Data_22114_B
Data_22115_A,Data_22115_B
Data_22116_A,Data_22116_B
Data_22117_A,Data_22117_B
Data_22118_A,Data_22118_B
Data_22119_A,Data_22119_B
Data_22120_A,Data_22120_B
Data_22121_A,Data_22121_B
Data_22122_A,Data_22122_B
Data_22123_A,Data_22123_B
Data_22124_A,Data_22124_B
Data_22125_A,Data_22125_B
Data_22126_A,Data_22126_B
Data_22127_A,Data_22127_B
Data_22128_A,Data_22128_B
Data_22129_A,Data_22129_B
Data_22130_A,Data_22130_B
Data_22131_A,Data_22131_B
Data_22132_A,Data_22132_B
Data_22133_A,Data_22133_B
Data_22134_A,Data_22134_B
Data_22135_A,Data_22135_B
Data_22136_A,Data_22136_B
Data_22137_A,Data_22137_B
Data_22138_A,Data_22138_B
Data_22139_A,Data_22139_B
Data_22140_A,Data_22140_B
Data_22141_A,Data_22141_B
Data_22142_A,Data_22142_B
Data_22143_A,Data_22143_B
Data_22144_A,Data_22144_B
Data_22145_A,Data_22145_B
Data_22146_A,Data_22146_B
Data_22147_A,Data_22147_B
Data_22148_A,Data_22148_B
Data_22149_A,Data_22149_B
Data_22150_A,Data_22150_B
Data_22151_A,Data_22151_B
Data_22152_A,Data_22152_B
Data_22153_A,Data_22153_B
Data_22154_A,Data_22154_B
Data_22155_A,Data_22155_B
Data_22156_A,Data_22156_B
Data_22157_A,Data_22157_B
Data_22158_A,Data_22158_B
Data_22159_A,Data_22159_B
Data_22160_A,Data_22160_B
Data_22161_A,Data_22161_B
Data_22162_A,Data_22162_B
Data_22163_A,Data_22163_B
Data_22164_A,Data_22164_B
Data_22165_A,Data_22165_B
Data_22166_A,Data_22166_B
Data_22167_A,Data_22167_B
Data_22168_A,Data_22168_B
Data_22169_A,Data_22169_B
Data_22170_A,Data_22170_B
Data_22171_A,Data_22171_B
Data_22172_A,Data_22172_B
Data_22173_A,Data_22173_B
Data_22174_A,Data_22174_B
Data_22175_A,Data_22175_B
Data_22176_A,Data_22176_B
Data_22177_A,Data_22177_B
Data_22178_A,Data_22178_B
Data_22179_A,Data_22179_B
Data_22180_A,Data_22180_B
Data_22181_A,Data_22181_B
Data_22182_A,Data_22182_B
Data_22183_A,Data_22183_B
Data_22184_A,Data_22184_B
Data_22185_A,Data_22185_B
Data_22186_A,Data_22186_B
Data_22187_A,Data_22187_B
Data_22188_A,Data_22188_B
Data_22189_A,Data_22189_B
Data_22190_A,Data_22190_B
Data_22191_A,Data_22191_B
Data_22192_A,Data_22192_B
Data_22193_A,Data_22193_B
Data_22194_A,Data_22194_B
Data_22195_A,Data_22195_B
Data_22196_A,Data_22196_B
Data_22197_A,Data_22197_B
Data_22198_A,Data_22198_B
Data_22199_A,Data_22199_B
Data_22200_A,Data_22200_B
Data_22201_A,Data_22201_B
Data_22202_A,Data_22202_B
Data_22203_A,Data_22203_B
Data_22204_A,Data_22204_B
Data_22205_A,Data_22205_B
Data_22206_A,Data_22206_B
Data_22207_A,Data_22207_B
Data_22208_A,Data_22208_B
Data_22209_A,Data_22209_B
Data_22210_A,Data_22210_B
Data_22211_A,Data_22211_B
Data_22212_A,Data_22212_B
Data_22213_A,Data_22213_B
Data_22214_A,Data_22214_B
Data_22215_A,Data_22215_B
Data_22216_A,Data_22216_B
Data_22217_A,Data_22217_B
Data_22218_A,Data_22218_B
Data_22219_A,Data_22219_B
Data_22220_A,Data_22220_B
Data_22221_A,Data_22221_B
Data_22222_A,Data_22222_B
Data_22223_A,Data_22223_B
Data_22224_A,Data_22224_B
Data_22225_A,Data_22225_B
Data_22226_A,Data_22226_B
Data_22227_A,Data_22227_B
Data_22228_A,Data_22228_B
Data_22229_A,Data_22229_B
Data_22230_A,Data_22230_B
Data_22231_A,Data_22231_B
Data_22232_A,Data_22232_B
Data_22233_A,Data_22233_B
Data_22234_A,Data_22234_B
Data_22235_A,Data_22235_B
Data_22236_A,Data_22236_B
Data_22237_A,Data_22237_B
Data_22238_A,Data_22238_B
Data_22239_A,Data_22239_B
Data_22240_A,Data_22240_B
Data_22241_A,Data_22241_B
Data_22242_A,Data_22242_B
Data_22243_A,Data_22243_B
Data_22244_A,Data_22244_B
Data_22245_A,Data_22245_B
Data_22246_A,Data_22246_B
Data_22247_A,Data_22247_B
Data_22248_A,Data_22248_B
Data_22249_A,Data_22249_B
Data_22250_A,Data_22250_B
Data_22251_A,Data_22251_B
Data_22252_A,Data_22252_B
Data_22253_A,Data_22253_B
Data_22254_A,Data_22254_B
Data_22255_A,Data_22255_B
Data_22256_A,Data_22256_B
Data_22257_A,Data_22257_B
Data_22258_A,Data_22258_B
Data_22259_A,Data_22259_B
Data_22260_A,Data_22260_B
Data_22261_A,Data_22261_B
Data_22262_A,Data_22262_B
Data_22263_A,Data_22263_B
Data_22264_A,Data_22264_B
Data_22265_A,Data_22265_B
Data_22266_A,Data_22266_B
Data_22267_A,Data_22267_B
Data_22268_A,Data_22268_B
Data_22269_A,Data_22269_B
Data_22270_A,Data_22270_B
Data_22271_A,Data_22271_B
Data_22272_A,Data_22272_B
Data_22273_A,Data_22273_B
Data_22274_A,Data_22274_B
Data_22275_A,Data_22275_B
Data_22276_A,Data_22276_B
Data_22277_A,Data_22277_B
Data_22278_A,Data_22278_B
Data_22279_A,Data_22279_B
Data_22280_A,Data_22280_B
Data_22281_A,Data_22281_B
Data_22282_A,Data_22282_B
Data_22283_A,Data_22283_B
Data_22284_A,Data_22284_B
Data_22285_A,Data_22285_B
Data_22286_A,Data_22286_B
Data_22287_A,Data_22287_B
Data_22288_A,Data_22288_B
Data_22289_A,Data_22289_B
Data_22290_A,Data_22290_B
Data_22291_A,Data_22291_B
Data_22292_A,Data_22292_B
Data_22293_A,Data_22293_B
Data_22294_A,Data_22294_B
Data_22295_A,Data_22295_B
Data_22296_A,Data_22296_B
Data_22297_A,Data_22297_B
Data_22298_A,Data_22298_B
Data_22299_A,Data_22299_B
Data_22300_A,Data_22300_B
Data_22301_A,Data_22301_B
Data_22302_A,Data_22302_B
Data_22303_A,Data_22303_B
Data_22304_A,Data_22304_B
Data_22305_A,Data_22305_B
Data_22306_A,Data_22306_B
Data_22307_A,Data_22307_B
Data_22308_A,Data_22308_B
Data_22309_A,Data_22309_B
Data_22310_A,Data_22310_B
Data_22311_A,Data_22311_B
Data_22312_A,Data_22312_B
Data_22313_A,Data_22313_B
Data_22314_A,Data_22314_B
Data_22315_A,Data_22315_B
Data_22316_A,Data_22316_B
Data_22317_A,Data_22317_B
Data_22318_A,Data_22318_B
Data_22319_A,Data_22319_B
Data_22320_A,Data_22320_B
Data_22321_A,Data_22321_B
Data_22322_A,Data_22322_B
Data_22323_A,Data_22323_B
Data_22324_A,Data_22324_B
Data_22325_A,Data_22325_B
Data_22326_A,Data_22326_B
Data_22327_A,Data_22327_B
Data_22328_A,Data_22328_B
Data_22329_A,Data_22329_B
Data_22330_A,Data_22330_B
Data_22331_A,Data_22331_B
Data_22332_A,Data_22332_B
Data_22333_A,Data_22333_B
Data_22334_A,Data_22334_B
Data_22335_A,Data_22335_B
Data_22336_A,Data_22336_B
Data_22337_A,Data_22337_B
Data_22338_A,Data_22338_B
Data_22339_A,Data_22339_B
Data_22340_A,Data_22340_B
Data_22341_A,Data_22341_B
Data_22342_A,Data_22342_B
Data_22343_A,Data_22343_B
Data_22344_A,Data_22344_B
Data_22345_A,Data_22345_B
Data_22346_A,Data_22346_B
Data_22347_A,Data_22347_B
Data_22348_A,Data_22348_B
Data_22349_A,Data_22349_B
Data_22350_A,Data_22350_B
Data_22351_A,Data_22351_B
Data_22352_A,Data_22352_B
Data_22353_A,Data_22353_B
Data_22354_A,Data_22354_B
Data_22355_A,Data_22355_B
Data_22356_A,Data_22356_B
Data_22357_A,Data_22357_B
Data_22358_A,Data_22358_B
Data_22359_A,Data_22359_B
Data_22360_A,Data_22360_B
Data_22361_A,Data_22361_B
Data_22362_A,Data_22362_B
Data_22363_A,Data_22363_B
Data_22364_A,Data_22364_B
Data_22365_A,Data_22365_B
Data_22366_A,Data_22366_B
Data_22367_A,Data_22367_B
Data_22368_A,Data_22368_B
Data_22369_A,Data_22369_B
Data_22370_A,Data_22370_B
Data_22371_A,Data_22371_B
Data_22372_A,Data_22372_B
Data_22373_A,Data_22373_B
Data_22374_A,Data_22374_B
Data_22375_A,Data_22375_B
Data_22376_A,Data_22376_B
Data_22377_A,Data_22377_B
Data_22378_A,Data_22378_B
Data_22379_A,Data_22379_B
Data_22380_A,Data_22380_B
Data_22381_A,Data_22381_B
Data_22382_A,Data_22382_B
Data_22383_A,Data_22383_B
Data_22384_A,Data_22384_B
Data_22385_A,Data_22385_B
Data_22386_A,Data_22386_B
Data_22387_A,Data_22387_B
Data_22388_A,Data_22388_B
Data_22389_A,Data_22389_B
Data_22390_A,Data_22390_B
Data_22391_A,Data_22391_B
Data_22392_A,Data_22392_B
Data_22393_A,Data_22393_B
Data_22394_A,Data_22394_B
Data_22395_A,Data_22395_B
Data_22396_A,Data_22396_B
Data_22397_A,Data_22397_B
Data_22398_A,Data_22398_B
Data_22399_A,Data_22399_B
Data_22400_A,Data_22400_B
Data_22401_A,Data_22401_B
Data_22402_A,Data_22402_B
Data_22403_A,Data_22403_B
Data_22404_A,Data_22404_B
Data_22405_A,Data_22405_B
Data_22406_A,Data_22406_B
Data_22407_A,Data_22407_B
Data_22408_A,Data_22408_B
Data_22409_A,Data_22409_B
Data_22410_A,Data_22410_B
Data_22411_A,Data_22411_B
Data_22412_A,Data_22412_B
Data_22413_A,Data_22413_B
Data_22414_A,Data_22414_B
Data_22415_A,Data_22415_B
Data_22416_A,Data_22416_B
Data_22417_A,Data_22417_B
Data_22418_A,Data_22418_B
Data_22419_A,Data_22419_B
Data_22420_A,Data_22420_B
Data_22421_A,Data_22421_B
Data_22422_A,Data_22422_B
Data_22423_A,Data_22423_B
Data_22424_A,Data_22424_B
Data_22425_A,Data_22425_B
Data_22426_A,Data_22426_B
Data_22427_A,Data_22427_B
Data_22428_A,Data_22428_B
Data_22429_A,Data_22429_B
Data_22430_A,Data_22430_B
Data_22431_A,Data_22431_B
Data_22432_A,Data_22432_B
Data_22433_A,Data_22433_B
Data_22434_A,Data_22434_B
Data_22435_A,Data_22435_B
Data_22436_A,Data_22436_B
Data_22437_A,Data_22437_B
Data_22438_A,Data_22438_B
Data_22439_A,Data_22439_B
Data_22440_A,Data_22440_B
Data_22441_A,Data_22441_B
Data_22442_A,Data_22442_B
Data_22443_A,Data_22443_B
Data_22444_A,Data_22444_B
Data_22445_A,Data_22445_B
Data_22446_A,Data_22446_B
Data_22447_A,Data_22447_B
Data_22448_A,Data_22448_B
Data_22449_A,Data_22449_B
Data_22450_A,Data_22450_B
Data_22451_A,Data_22451_B
Data_22452_A,Data_22452_B
Data_22453_A,Data_22453_B
Data_22454_A,Data_22454_B
Data_22455_A,Data_22455_B
Data_22456_A,Data_22456_B
Data_22457_A,Data_22457_B
Data_22458_A,Data_22458_B
Data_22459_A,Data_22459_B
Data_22460_A,Data_22460_B
Data_22461_A,Data_22461_B
Data_22462_A,Data_22462_B
Data_22463_A,Data_22463_B
Data_22464_A,Data_22464_B
Data_22465_A,Data_22465_B
Data_22466_A,Data_22466_B
Data_22467_A,Data_22467_B
Data_22468_A,Data_22468_B
Data_22469_A,Data_22469_B
Data_22470_A,Data_22470_B
Data_22471_A,Data_22471_B
Data_22472_A,Data_22472_B
Data_22473_A,Data_22473_B
Data_22474_A,Data_22474_B
Data_22475_A,Data_22475_B
Data_22476_A,Data_22476_B
Data_22477_A,Data_22477_B
Data_22478_A,Data_22478_B
Data_22479_A,Data_22479_B
Data_22480_A,Data_22480_B
Data_22481_A,Data_22481_B
Data_22482_A,Data_22482_B
Data_22483_A,Data_22483_B
Data_22484_A,Data_22484_B
Data_22485_A,Data_22485_B
Data_22486_A,Data_22486_B
Data_22487_A,Data_22487_B
Data_22488_A,Data_22488_B
Data_22489_A,Data_22489_B
Data_22490_A,Data_22490_B
Data_22491_A,Data_22491_B
Data_22492_A,Data_22492_B
Data_22493_A,Data_22493_B
Data_22494_A,Data_22494_B
Data_22495_A,Data_22495_B
Data_22496_A,Data_22496_B
Data_22497_A,Data_22497_B
Data_22498_A,Data_22498_B
Data_22499_A,Data_22499_B
Data_22500_A,Data_22500_B
Data_22501_A,Data_22501_B
Data_22502_A,Data_22502_B
Data_22503_A,Data_22503_B
Data_22504_A,Data_22504_B
Data_22505_A,Data_22505_B
Data_22506_A,Data_22506_B
Data_22507_A,Data_22507_B
Data_22508_A,Data_22508_B
Data_22509_A,Data_22509_B
Data_22510_A,Data_22510_B
Data_22511_A,Data_22511_B
Data_22512_A,Data_22512_B
Data_22513_A,Data_22513_B
Data_22514_A,Data_22514_B
Data_22515_A,Data_22515_B
Data_22516_A,Data_22516_B
Data_22517_A,Data_22517_B
Data_22518_A,Data_22518_B
Data_22519_A,Data_22519_B
Data_22520_A,Data_22520_B
Data_22521_A,Data_22521_B
Data_22522_A,Data_22522_B
Data_22523_A,Data_22523_B
Data_22524_A,Data_22524_B
Data_22525_A,Data_22525_B
Data_22526_A,Data_22526_B
Data_22527_A,Data_22527_B
Data_22528_A,Data_22528_B
Data_22529_A,Data_22529_B
Data_22530_A,Data_22530_B
Data_22531_A,Data_22531_B
Data_22532_A,Data_22532_B
Data_22533_A,Data_22533_B
Data_22534_A,Data_22534_B
Data_22535_A,Data_22535_B
Data_22536_A,Data_22536_B
Data_22537_A,Data_22537_B
Data_22538_A,Data_22538_B
Data_22539_A,Data_22539_B
Data_22540_A,Data_22540_B
Data_22541_A,Data_22541_B
Data_22542_A,Data_22542_B
Data_22543_A,Data_22543_B
Data_22544_A,Data_22544_B
Data_22545_A,Data_22545_B
Data_22546_A,Data_22546_B
Data_22547_A,Data_22547_B
Data_22548_A,Data_22548_B
Data_22549_A,Data_22549_B
Data_22550_A,Data_22550_B
Data_22551_A,Data_22551_B
Data_22552_A,Data_22552_B
Data_22553_A,Data_22553_B
Data_22554_A,Data_22554_B
Data_22555_A,Data_22555_B
Data_22556_A,Data_22556_B
Data_22557_A,Data_22557_B
Data_22558_A,Data_22558_B
Data_22559_A,Data_22559_B
Data_22560_A,Data_22560_B
Data_22561_A,Data_22561_B
Data_22562_A,Data_22562_B
Data_22563_A,Data_22563_B
Data_22564_A,Data_22564_B
Data_22565_A,Data_22565_B
Data_22566_A,Data_22566_B
Data_22567_A,Data_22567_B
Data_22568_A,Data_22568_B
Data_22569_A,Data_22569_B
Data_22570_A,Data_22570_B
Data_22571_A,Data_22571_B
Data_22572_A,Data_22572_B
Data_22573_A,Data_22573_B
Data_22574_A,Data_22574_B
Data_22575_A,Data_22575_B
Data_22576_A,Data_22576_B
Data_22577_A,Data_22577_B
Data_22578_A,Data_22578_B
Data_22579_A,Data_22579_B
Data_22580_A,Data_22580_B
Data_22581_A,Data_22581_B
Data_22582_A,Data_22582_B
Data_22583_A,Data_22583_B
Data_22584_A,Data_22584_B
Data_22585_A,Data_22585_B
Data_22586_A,Data_22586_B
Data_22587_A,Data_22587_B
Data_22588_A,Data_22588_B
Data_22589_A,Data_22589_B
Data_22590_A,Data_22590_B
Data_22591_A,Data_22591_B
Data_22592_A,Data_22592_B
Data_22593_A,Data_22593_B
Data_22594_A,Data_22594_B
Data_22595_A,Data_22595_B
Data_22596_A,Data_22596_B
Data_22597_A,Data_22597_B
Data_22598_A,Data_22598_B
Data_22599_A,Data_22599_B
Data_22600_A,Data_22600_B
Data_22601_A,Data_22601_B
Data_22602_A,Data_22602_B
Data_22603_A,Data_22603_B
Data_22604_A,Data_22604_B
Data_22605_A,Data_22605_B
Data_22606_A,Data_22606_B
Data_22607_A,Data_22607_B
Data_22608_A,Data_22608_B
Data_22609_A,Data_22609_B
Data_22610_A,Data_22610_B
Data_22611_A,Data_22611_B
Data_22612_A,Data_22612_B
Data_22613_A,Data_22613_B
Data_22614_A,Data_22614_B
Data_22615_A,Data_22615_B
Data_22616_A,Data_22616_B
Data_22617_A,Data_22617_B
Data_22618_A,Data_22618_B
Data_22619_A,Data_22619_B
Data_22620_A,Data_22620_B
Data_22621_A,Data_22621_B
Data_22622_A,Data_22622_B
Data_22623_A,Data_22623_B
Data_22624_A,Data_22624_B
Data_22625_A,Data_22625_B
Data_22626_A,Data_22626_B
Data_22627_A,Data_22627_B
Data_22628_A,Data_22628_B
Data_22629_A,Data_22629_B
Data_22630_A,Data_22630_B
Data_22631_A,Data_22631_B
Data_22632_A,Data_22632_B
Data_22633_A,Data_22633_B
Data_22634_A,Data_22634_B
Data_22635_A,Data_22635_B
Data_22636_A,Data_22636_B
Data_22637_A,Data_22637_B
Data_22638_A,Data_22638_B
Data_22639_A,Data_22639_B
Data_22640_A,Data_22640_B
Data_22641_A,Data_22641_B
Data_22642_A,Data_22642_B
Data_22643_A,Data_22643_B
Data_22644_A,Data_22644_B
Data_22645_A,Data_22645_B
Data_22646_A,Data_22646_B
Data_22647_A,Data_22647_B
Data_22648_A,Data_22648_B
Data_22649_A,Data_22649_B
Data_22650_A,Data_22650_B
Data_22651_A,Data_22651_B
Data_22652_A,Data_22652_B
Data_22653_A,Data_22653_B
Data_22654_A,Data_22654_B
Data_22655_A,Data_22655_B
Data_22656_A,Data_22656_B
Data_22657_A,Data_22657_B
Data_22658_A,Data_22658_B
Data_22659_A,Data_22659_B
Data_22660_A,Data_22660_B
Data_22661_A,Data_22661_B
Data_22662_A,Data_22662_B
Data_22663_A,Data_22663_B
Data_22664_A,Data_22664_B
Data_22665_A,Data_22665_B
Data_22666_A,Data_22666_B
Data_22667_A,Data_22667_B
Data_22668_A,Data_22668_B
Data_22669_A,Data_22669_B
Data_22670_A,Data_22670_B
Data_22671_A,Data_22671_B
Data_22672_A,Data_22672_B
Data_22673_A,Data_22673_B
Data_22674_A,Data_22674_B
Data_22675_A,Data_22675_B
Data_22676_A,Data_22676_B
Data_22677_A,Data_22677_B
Data_22678_A,Data_22678_B
Data_22679_A,Data_22679_B
Data_22680_A,Data_22680_B
Data_22681_A,Data_22681_B
Data_22682_A,Data_22682_B
Data_22683_A,Data_22683_B
Data_22684_A,Data_22684_B
Data_22685_A,Data_22685_B
Data_22686_A,Data_22686_B
Data_22687_A,Data_22687_B
Data_22688_A,Data_22688_B
Data_22689_A,Data_22689_B
Data_22690_A,Data_22690_B
Data_22691_A,Data_22691_B
Data_22692_A,Data_22692_B
Data_22693_A,Data_22693_B
Data_22694_A,Data_22694_B
Data_22695_A,Data_22695_B
Data_22696_A,Data_22696_B
Data_22697_A,Data_22697_B
Data_22698_A,Data_22698_B
Data_22699_A,Data_22699_B
Data_22700_A,Data_22700_B
Data_22701_A,Data_22701_B
Data_22702_A,Data_22702_B
Data_22703_A,Data_22703_B
Data_22704_A,Data_22704_B
Data_22705_A,Data_22705_B
Data_22706_A,Data_22706_B
Data_22707_A,Data_22707_B
Data_22708_A,Data_22708_B
Data_22709_A,Data_22709_B
Data_22710_A,Data_22710_B
Data_22711_A,Data_22711_B
Data_22712_A,Data_22712_B
Data_22713_A,Data_22713_B
Data_22714_A,Data_22714_B
Data_22715_A,Data_22715_B
Data_22716_A,Data_22716_B
Data_22717_A,Data_22717_B
Data_22718_A,Data_22718_B
Data_22719_A,Data_22719_B
Data_22720_A,Data_22720_B
Data_22721_A,Data_22721_B
Data_22722_A,Data_22722_B
Data_22723_A,Data_22723_B
Data_22724_A,Data_22724_B
Data_22725_A,Data_22725_B
Data_22726_A,Data_22726_B
Data_22727_A,Data_22727_B
Data_22728_A,Data_22728_B
Data_22729_A,Data_22729_B
Data_22730_A,Data_22730_B
Data_22731_A,Data_22731_B
Data_22732_A,Data_22732_B
Data_22733_A,Data_22733_B
Data_22734_A,Data_22734_B
Data_22735_A,Data_22735_B
Data_22736_A,Data_22736_B
Data_22737_A,Data_22737_B
Data_22738_A,Data_22738_B
Data_22739_A,Data_22739_B
Data_22740_A,Data_22740_B
Data_22741_A,Data_22741_B
Data_22742_A,Data_22742_B
Data_22743_A,Data_22743_B
Data_22744_A,Data_22744_B
Data_22745_A,Data_22745_B
Data_22746_A,Data_22746_B
Data_22747_A,Data_22747_B
Data_22748_A,Data_22748_B
Data_22749_A,Data_22749_B
Data_22750_A,Data_22750_B
Data_22751_A,Data_22751_B
Data_22752_A,Data_22752_B
Data_22753_A,Data_22753_B
Data_22754_A,Data_22754_B
Data_22755_A,Data_22755_B
Data_22756_A,Data_22756_B
Data_22757_A,Data_22757_B
Data_22758_A,Data_22758_B
Data_22759_A,Data_22759_B
Data_22760_A,Data_22760_B
Data_22761_A,Data_22761_B
Data_22762_A,Data_22762_B
Data_22763_A,Data_22763_B
Data_22764_A,Data_22764_B
Data_22765_A,Data_22765_B
Data_22766_A,Data_22766_B
Data_22767_A,Data_22767_B
Data_22768_A,Data_22768_B
Data_22769_A,Data_22769_B
Data_22770_A,Data_22770_B
Data_22771_A,Data_22771_B
Data_22772_A,Data_22772_B
Data_22773_A,Data_22773_B
Data_22774_A,Data_22774_B
Data_22775_A,Data_22775_B
Data_22776_A,Data_22776_B
Data_22777_A,Data_22777_B
Data_22778_A,Data_22778_B
Data_22779_A,Data_22779_B
Data_22780_A,Data_22780_B
Data_22781_A,Data_22781_B
Data_22782_A,Data_22782_B
Data_22783_A,Data_22783_B
Data_22784_A,Data_22784_B
Data_22785_A,Data_22785_B
Data_22786_A,Data_22786_B
Data_22787_A,Data_22787_B
Data_22788_A,Data_22788_B
Data_22789_A,Data_22789_B
Data_22790_A,Data_22790_B
Data_22791_A,Data_22791_B
Data_22792_A,Data_22792_B
Data_22793_A,Data_22793_B
Data_22794_A,Data_22794_B
Data_22795_A,Data_22795_B
Data_22796_A,Data_22796_B
Data_22797_A,Data_22797_B
Data_22798_A,Data_22798_B
Data_22799_A,Data_22799_B
Data_22800_A,Data_22800_B
Data_22801_A,Data_22801_B
Data_22802_A,Data_22802_B
Data_22803_A,Data_22803_B
Data_22804_A,Data_22804_B
Data_22805_A,Data_22805_B
Data_22806_A,Data_22806_B
Data_22807_A,Data_22807_B
Data_22808_A,Data_22808_B
Data_22809_A,Data_22809_B
Data_22810_A,Data_22810_B
Data_22811_A,Data_22811_B
Data_22812_A,Data_22812_B
Data_22813_A,Data_22813_B
Data_22814_A,Data_22814_B
Data_22815_A,Data_22815_B
Data_22816_A,Data_22816_B
Data_22817_A,Data_22817_B
Data_22818_A,Data_22818_B
Data_22819_A,Data_22819_B
Data_22820_A,Data_22820_B
Data_22821_A,Data_22821_B
Data_22822_A,Data_22822_B
Data_22823_A,Data_22823_B
Data_22824_A,Data_22824_B
Data_22825_A,Data_22825_B
Data_22826_A,Data_22826_B
Data_22827_A,Data_22827_B
Data_22828_A,Data_22828_B
Data_22829_A,Data_22829_B
Data_22830_A,Data_22830_B
Data_22831_A,Data_22831_B
Data_22832_A,Data_22832_B
Data_22833_A,Data_22833_B
Data_22834_A,Data_22834_B
Data_22835_A,Data_22835_B
Data_22836_A,Data_22836_B
Data_22837_A,Data_22837_B
Data_22838_A,Data_22838_B
Data_22839_A,Data_22839_B
Data_22840_A,Data_22840_B
Data_22841_A,Data_22841_B
Data_22842_A,Data_22842_B
Data_22843_A,Data_22843_B
Data_22844_A,Data_22844_B
Data_22845_A,Data_22845_B
Data_22846_A,Data_22846_B
Data_22847_A,Data_22847_B
Data_22848_A,Data_22848_B
Data_22849_A,Data_22849_B
Data_22850_A,Data_22850_B
Data_22851_A,Data_22851_B
Data_22852_A,Data_22852_B
Data_22853_A,Data_22853_B
Data_22854_A,Data_22854_B
Data_22855_A,Data_22855_B
Data_22856_A,Data_22856_B
Data_22857_A,Data_22857_B
Data_22858_A,Data_22858_B
Data_22859_A,Data_22859_B
Data_22860_A,Data_22860_B
Data_22861_A,Data_22861_B
Data_22862_A,Data_22862_B
Data_22863_A,Data_22863_B
Data_22864_A,Data_22864_B
Data_22865_A,Data_22865_B
Data_22866_A,Data_22866_B
Data_22867_A,Data_22867_B
Data_22868_A,Data_22868_B
Data_22869_A,Data_22869_B
Data_22870_A,Data_22870_B
Data_22871_A,Data_22871_B
Data_22872_A,Data_22872_B
Data_22873_A,Data_22873_B
Data_22874_A,Data_22874_B
Data_22875_A,Data_22875_B
Data_22876_A,Data_22876_B
Data_22877_A,Data_22877_B
Data_22878_A,Data_22878_B
Data_22879_A,Data_22879_B
Data_22880_A,Data_22880_B
Data_22881_A,Data_22881_B
Data_22882_A,Data_22882_B
Data_22883_A,Data_22883_B
Data_22884_A,Data_22884_B
Data_22885_A,Data_22885_B
Data_22886_A,Data_22886_B
Data_22887_A,Data_22887_B
Data_22888_A,Data_22888_B
Data_22889_A,Data_22889_B
Data_22890_A,Data_22890_B
Data_22891_A,Data_22891_B
Data_22892_A,Data_22892_B
Data_22893_A,Data_22893_B
Data_22894_A,Data_22894_B
Data_22895_A,Data_22895_B
Data_22896_A,Data_22896_B
Data_22897_A,Data_22897_B
Data_22898_A,Data_22898_B
Data_22899_A,Data_22899_B
Data_22900_A,Data_22900_B
Data_22901_A,Data_22901_B
Data_22902_A,Data_22902_B
Data_22903_A,Data_22903_B
Data_22904_A,Data_22904_B
Data_22905_A,Data_22905_B
Data_22906_A,Data_22906_B
Data_22907_A,Data_22907_B
Data_22908_A,Data_22908_B
Data_22909_A,Data_22909_B
Data_22910_A,Data_22910_B
Data_22911_A,Data_22911_B
Data_22912_A,Data_22912_B
Data_22913_A,Data_22913_B
Data_22914_A,Data_22914_B
Data_22915_A,Data_22915_B
Data_22916_A,Data_22916_B
Data_22917_A,Data_22917_B
Data_22918_A,Data_22918_B
Data_22919_A,Data_22919_B
Data_22920_A,Data_22920_B
Data_22921_A,Data_22921_B
Data_22922_A,Data_22922_B
Data_22923_A,Data_22923_B
Data_22924_A,Data_22924_B
Data_22925_A,Data_22925_B
Data_22926_A,Data_22926_B
Data_22927_A,Data_22927_B
Data_22928_A,Data_22928_B
Data_22929_A,Data_22929_B
Data_22930_A,Data_22930_B
Data_22931_A,Data_22931_B
Data_22932_A,Data_22932_B
Data_22933_A,Data_22933_B
Data_22934_A,Data_22934_B
Data_22935_A,Data_22935_B
Data_22936_A,Data_22936_B
Data_22937_A,Data_22937_B
Data_22938_A,Data_22938_B
Data_22939_A,Data_22939_B
Data_22940_A,Data_22940_B
Data_22941_A,Data_22941_B
Data_22942_A,Data_22942_B
Data_22943_A,Data_22943_B
Data_22944_A,Data_22944_B
Data_22945_A,Data_22945_B
Data_22946_A,Data_22946_B
Data_22947_A,Data_22947_B
Data_22948_A,Data_22948_B
Data_22949_A,Data_22949_B
Data_22950_A,Data_22950_B
Data_22951_A,Data_22951_B
Data_22952_A,Data_22952_B
Data_22953_A,Data_22953_B
Data_22954_A,Data_22954_B
Data_22955_A,Data_22955_B
Data_22956_A,Data_22956_B
Data_22957_A,Data_22957_B
Data_22958_A,Data_22958_B
Data_22959_A,Data_22959_B
Data_22960_A,Data_22960_B
Data_22961_A,Data_22961_B
Data_22962_A,Data_22962_B
Data_22963_A,Data_22963_B
Data_22964_A,Data_22964_B
Data_22965_A,Data_22965_B
Data_22966_A,Data_22966_B
Data_22967_A,Data_22967_B
Data_22968_A,Data_22968_B
Data_22969_A,Data_22969_B
Data_22970_A,Data_22970_B
Data_22971_A,Data_22971_B
Data_22972_A,Data_22972_B
Data_22973_A,Data_22973_B
Data_22974_A,Data_22974_B
Data_22975_A,Data_22975_B
Data_22976_A,Data_22976_B
Data_22977_A,Data_22977_B
Data_22978_A,Data_22978_B
Data_22979_A,Data_22979_B
Data_22980_A,Data_22980_B
Data_22981_A,Data_22981_B
Data_22982_A,Data_22982_B
Data_22983_A,Data_22983_B
Data_22984_A,Data_22984_B
Data_22985_A,Data_22985_B
Data_22986_A,Data_22986_B
Data_22987_A,Data_22987_B
Data_22988_A,Data_22988_B
Data_22989_A,Data_22989_B
Data_22990_A,Data_22990_B
Data_22991_A,Data_22991_B
Data_22992_A,Data_22992_B
Data_22993_A,Data_22993_B
Data_22994_A,Data_22994_B
Data_22995_A,Data_22995_B
Data_22996_A,Data_22996_B
Data_22997_A,Data_22997_B
Data_22998_A,Data_22998_B
Data_22999_A,Data_22999_B
Data_23000_A,Data_23000_B
Data_23001_A,Data_23001_B
Data_23002_A,Data_23002_B
Data_23003_A,Data_23003_B
Data_23004_A,Data_23004_B
Data_23005_A,Data_23005_B
Data_23006_A,Data_23006_B
Data_23007_A,Data_23007_B
Data_23008_A,Data_23008_B
Data_23009_A,Data_23009_B
Data_23010_A,Data_23010_B
Data_23011_A,Data_23011_B
Data_23012_A,Data_23012_B
Data_23013_A,Data_23013_B
Data_23014_A,Data_23014_B
Data_23015_A,Data_23015_B
Data_23016_A,Data_23016_B
Data_23017_A,Data_23017_B
Data_23018_A,Data_23018_B
Data_23019_A,Data_23019_B
Data_23020_A,Data_23020_B
Data_23021_A,Data_23021_B
Data_23022_A,Data_23022_B
Data_23023_A,Data_23023_B
Data_23024_A,Data_23024_B
Data_23025_A,Data_23025_B
Data_23026_A,Data_23026_B
Data_23027_A,Data_23027_B
Data_23028_A,Data_23028_B
Data_23029_A,Data_23029_B
Data_23030_A,Data_23030_B
Data_23031_A,Data_23031_B
Data_23032_A,Data_23032_B
Data_23033_A,Data_23033_B
Data_23034_A,Data_23034_B
Data_23035_A,Data_23035_B
Data_23036_A,Data_23036_B
Data_23037_A,Data_23037_B
Data_23038_A,Data_23038_B
Data_23039_A,Data_23039_B
Data_23040_A,Data_23040_B
Data_23041_A,Data_23041_B
Data_23042_A,Data_23042_B
Data_23043_A,Data_23043_B
Data_23044_A,Data_23044_B
Data_23045_A,Data_23045_B
Data_23046_A,Data_23046_B
Data_23047_A,Data_23047_B
Data_23048_A,Data_23048_B
Data_23049_A,Data_23049_B
Data_23050_A,Data_23050_B
Data_23051_A,Data_23051_B
Data_23052_A,Data_23052_B
Data_23053_A,Data_23053_B
Data_23054_A,Data_23054_B
Data_23055_A,Data_23055_B
Data_23056_A,Data_23056_B
Data_23057_A,Data_23057_B
Data_23058_A,Data_23058_B
Data_23059_A,Data_23059_B
Data_23060_A,Data_23060_B
Data_23061_A,Data_23061_B
Data_23062_A,Data_23062_B
Data_23063_A,Data_23063_B
Data_23064_A,Data_23064_B
Data_23065_A,Data_23065_B
Data_23066_A,Data_23066_B
Data_23067_A,Data_23067_B
Data_23068_A,Data_23068_B
Data_23069_A,Data_23069_B
Data_23070_A,Data_23070_B
Data_23071_A,Data_23071_B
Data_23072_A,Data_23072_B
Data_23073_A,Data_23073_B
Data_23074_A,Data_23074_B
Data_23075_A,Data_23075_B
Data_23076_A,Data_23076_B
Data_23077_A,Data_23077_B
Data_23078_A,Data_23078_B
Data_23079_A,Data_23079_B
Data_23080_A,Data_23080_B
Data_23081_A,Data_23081_B
Data_23082_A,Data_23082_B
Data_23083_A,Data_23083_B
Data_23084_A,Data_23084_B
Data_23085_A,Data_23085_B
Data_23086_A,Data_23086_B
Data_23087_A,Data_23087_B
Data_23088_A,Data_23088_B
Data_23089_A,Data_23089_B
Data_23090_A,Data_23090_B
Data_23091_A,Data_23091_B
Data_23092_A,Data_23092_B
Data_23093_A,Data_23093_B
Data_23094_A,Data_23094_B
Data_23095_A,Data_23095_B
Data_23096_A,Data_23096_B
Data_23097_A,Data_23097_B
Data_23098_A,Data_23098_B
Data_23099_A,Data_23099_B
Data_23100_A,Data_23100_B
Data_23101_A,Data_23101_B
Data_23102_A,Data_23102_B
Data_23103_A,Data_23103_B
Data_23104_A,Data_23104_B
Data_23105_A,Data_23105_B
Data_23106_A,Data_23106_B
Data_23107_A,Data_23107_B
Data_23108_A,Data_23108_B
Data_23109_A,Data_23109_B
Data_23110_A,Data_23110_B
Data_23111_A,Data_23111_B
Data_23112_A,Data_23112_B
Data_23113_A,Data_23113_B
Data_23114_A,Data_23114_B
Data_23115_A,Data_23115_B
Data_23116_A,Data_23116_B
Data_23117_A,Data_23117_B
Data_23118_A,Data_23118_B
Data_23119_A,Data_23119_B
Data_23120_A,Data_23120_B
Data_23121_A,Data_23121_B
Data_23122_A,Data_23122_B
Data_23123_A,Data_23123_B
Data_23124_A,Data_23124_B
Data_23125_A,Data_23125_B
Data_23126_A,Data_23126_B
Data_23127_A,Data_23127_B
Data_23128_A,Data_23128_B
Data_23129_A,Data_23129_B
Data_23130_A,Data_23130_B
Data_23131_A,Data_23131_B
Data_23132_A,Data_23132_B
Data_23133_A,Data_23133_B
Data_23134_A,Data_23134_B
Data_23135_A,Data_23135_B
Data_23136_A,Data_23136_B
Data_23137_A,Data_23137_B
Data_23138_A,Data_23138_B
Data_23139_A,Data_23139_B
Data_23140_A,Data_23140_B
Data_23141_A,Data_23141_B
Data_23142_A,Data_23142_B
Data_23143_A,Data_23143_B
Data_23144_A,Data_23144_B
Data_23145_A,Data_23145_B
Data_23146_A,Data_23146_B
Data_23147_A,Data_23147_B
Data_23148_A,Data_23148_B
Data_23149_A,Data_23149_B
Data_23150_A,Data_23150_B
Data_23151_A,Data_23151_B
Data_23152_A,Data_23152_B
Data_23153_A,Data_23153_B
Data_23154_A,Data_23154_B
Data_23155_A,Data_23155_B
Data_23156_A,Data_23156_B
Data_23157_A,Data_23157_B
Data_23158_A,Data_23158_B
Data_23159_A,Data_23159_B
Data_23160_A,Data_23160_B
Data_23161_A,Data_23161_B
Data_23162_A,Data_23162_B
Data_23163_A,Data_23163_B
Data_23164_A,Data_23164_B
Data_23165_A,Data_23165_B
Data_23166_A,Data_23166_B
Data_23167_A,Data_23167_B
Data_23168_A,Data_23168_B
Data_23169_A,Data_23169_B
Data_23170_A,Data_23170_B
Data_23171_A,Data_23171_B
Data_23172_A,Data_23172_B
Data_23173_A,Data_23173_B
Data_23174_A,Data_23174_B
Data_23175_A,Data_23175_B
Data_23176_A,Data_23176_B
Data_23177_A,Data_23177_B
Data_23178_A,Data_23178_B
Data_23179_A,Data_23179_B
Data_23180_A,Data_23180_B
Data_23181_A,Data_23181_B
Data_23182_A,Data_23182_B
Data_23183_A,Data_23183_B
Data_23184_A,Data_23184_B
Data_23185_A,Data_23185_B
Data_23186_A,Data_23186_B
Data_23187_A,Data_23187_B
Data_23188_A,Data_23188_B
Data_23189_A,Data_23189_B
Data_23190_A,Data_23190_B
Data_23191_A,Data_23191_B
Data_23192_A,Data_23192_B
Data_23193_A,Data_23193_B
Data_23194_A,Data_23194_B
Data_23195_A,Data_23195_B
Data_23196_A,Data_23196_B
Data_23197_A,Data_23197_B
Data_23198_A,Data_23198_B
Data_23199_A,Data_23199_B
Data_23200_A,Data_23200_B
Data_23201_A,Data_23201_B
Data_23202_A,Data_23202_B
Data_23203_A,Data_23203_B
Data_23204_A,Data_23204_B
Data_23205_A,Data_23205_B
Data_23206_A,Data_23206_B
Data_23207_A,Data_23207_B
Data_23208_A,Data_23208_B
Data_23209_A,Data_23209_B
Data_23210_A,Data_23210_B
Data_23211_A,Data_23211_B
Data_23212_A,Data_23212_B
Data_23213_A,Data_23213_B
Data_23214_A,Data_23214_B
Data_23215_A,Data_23215_B
Data_23216_A,Data_23216_B
Data_23217_A,Data_23217_B
Data_23218_A,Data_23218_B
Data_23219_A,Data_23219_B
Data_23220_A,Data_23220_B
Data_23221_A,Data_23221_B
Data_23222_A,Data_23222_B
Data_23223_A,Data_23223_B
Data_23224_A,Data_23224_B
Data_23225_A,Data_23225_B
Data_23226_A,Data_23226_B
Data_23227_A,Data_23227_B
Data_23228_A,Data_23228_B
Data_23229_A,Data_23229_B
Data_23230_A,Data_23230_B
Data_23231_A,Data_23231_B
Data_23232_A,Data_23232_B
Data_23233_A,Data_23233_B
Data_23234_A,Data_23234_B
Data_23235_A,Data_23235_B
Data_23236_A,Data_23236_B
Data_23237_A,Data_23237_B
Data_23238_A,Data_23238_B
Data_23239_A,Data_23239_B
Data_23240_A,Data_23240_B
Data_23241_A,Data_23241_B
Data_23242_A,Data_23242_B
Data_23243_A,Data_23243_B
Data_23244_A,Data_23244_B
Data_23245_A,Data_23245_B
Data_23246_A,Data_23246_B
Data_23247_A,Data_23247_B
Data_23248_A,Data_23248_B
Data_23249_A,Data_23249_B
Data_23250_A,Data_23250_B
Data_23251_A,Data_23251_B
Data_23252_A,Data_23252_B
Data_23253_A,Data_23253_B
Data_23254_A,Data_23254_B
Data_23255_A,Data_23255_B
Data_23256_A,Data_23256_B
Data_23257_A,Data_23257_B
Data_23258_A,Data_23258_B
Data_23259_A,Data_23259_B
Data_23260_A,Data_23260_B
Data_23261_A,Data_23261_B
Data_23262_A,Data_23262_B
Data_23263_A,Data_23263_B
Data_23264_A,Data_23264_B
Data_23265_A,Data_23265_B
Data_23266_A,Data_23266_B
Data_23267_A,Data_23267_B
Data_23268_A,Data_23268_B
Data_23269_A,Data_23269_B
Data_23270_A,Data_23270_B
Data_23271_A,Data_23271_B
Data_23272_A,Data_23272_B
Data_23273_A,Data_23273_B
Data_23274_A,Data_23274_B
Data_23275_A,Data_23275_B
Data_23276_A,Data_23276_B
Data_23277_A,Data_23277_B
Data_23278_A,Data_23278_B
Data_23279_A,Data_23279_B
Data_23280_A,Data_23280_B
Data_23281_A,Data_23281_B
Data_23282_A,Data_23282_B
Data_23283_A,Data_23283_B
Data_23284_A,Data_23284_B
Data_23285_A,Data_23285_B
Data_23286_A,Data_23286_B
Data_23287_A,Data_23287_B
Data_23288_A,Data_23288_B
Data_23289_A,Data_23289_B
Data_23290_A,Data_23290_B
Data_23291_A,Data_23291_B
Data_23292_A,Data_23292_B
Data_23293_A,Data_23293_B
Data_23294_A,Data_23294_B
Data_23295_A,Data_23295_B
Data_23296_A,Data_23296_B
Data_23297_A,Data_23297_B
Data_23298_A,Data_23298_B
Data_23299_A,Data_23299_B
Data_23300_A,Data_23300_B
Data_23301_A,Data_23301_B
Data_23302_A,Data_23302_B
Data_23303_A,Data_23303_B
Data_23304_A,Data_23304_B
Data_23305_A,Data_23305_B
Data_23306_A,Data_23306_B
Data_23307_A,Data_23307_B
Data_23308_A,Data_23308_B
Data_23309_A,Data_23309_B
Data_23310_A,Data_23310_B
Data_23311_A,Data_23311_B
Data_23312_A,Data_23312_B
Data_23313_A,Data_23313_B
Data_23314_A,Data_23314_B
Data_23315_A,Data_23315_B
Data_23316_A,Data_23316_B
Data_23317_A,Data_23317_B
Data_23318_A,Data_23318_B
Data_23319_A,Data_23319_B
Data_23320_A,Data_23320_B
Data_23321_A,Data_23321_B
Data_23322_A,Data_23322_B
Data_23323_A,Data_23323_B
Data_23324_A,Data_23324_B
Data_23325_A,Data_23325_B
Data_23326_A,Data_23326_B
Data_23327_A,Data_23327_B
Data_23328_A,Data_23328_B
Data_23329_A,Data_23329_B
Data_23330_A,Data_23330_B
Data_23331_A,Data_23331_B
Data_23332_A,Data_23332_B
Data_23333_A,Data_23333_B
Data_23334_A,Data_23334_B
Data_23335_A,Data_23335_B
Data_23336_A,Data_23336_B
Data_23337_A,Data_23337_B
Data_23338_A,Data_23338_B
Data_23339_A,Data_23339_B
Data_23340_A,Data_23340_B
Data_23341_A,Data_23341_B
Data_23342_A,Data_23342_B
Data_23343_A,Data_23343_B
Data_23344_A,Data_23344_B
Data_23345_A,Data_23345_B
Data_23346_A,Data_23346_B
Data_23347_A,Data_23347_B
Data_23348_A,Data_23348_B
Data_23349_A,Data_23349_B
Data_23350_A,Data_23350_B
Data_23351_A,Data_23351_B
Data_23352_A,Data_23352_B
Data_23353_A,Data_23353_B
Data_23354_A,Data_23354_B
Data_23355_A,Data_23355_B
Data_23356_A,Data_23356_B
Data_23357_A,Data_23357_B
Data_23358_A,Data_23358_B
Data_23359_A,Data_23359_B
Data_23360_A,Data_23360_B
Data_23361_A,Data_23361_B
Data_23362_A,Data_23362_B
Data_23363_A,Data_23363_B
Data_23364_A,Data_23364_B
Data_23365_A,Data_23365_B
Data_23366_A,Data_23366_B
Data_23367_A,Data_23367_B
Data_23368_A,Data_23368_B
Data_23369_A,Data_23369_B
Data_23370_A,Data_23370_B
Data_23371_A,Data_23371_B
Data_23372_A,Data_23372_B
Data_23373_A,Data_23373_B
Data_23374_A,Data_23374_B
Data_23375_A,Data_23375_B
Data_23376_A,Data_23376_B
Data_23377_A,Data_23377_B
Data_23378_A,Data_23378_B
Data_23379_A,Data_23379_B
Data_23380_A,Data_23380_B
Data_23381_A,Data_23381_B
Data_23382_A,Data_23382_B
Data_23383_A,Data_23383_B
Data_23384_A,Data_23384_B
Data_23385_A,Data_23385_B
Data_23386_A,Data_23386_B
Data_23387_A,Data_23387_B
Data_23388_A,Data_23388_B
Data_23389_A,Data_23389_B
Data_23390_A,Data_23390_B
Data_23391_A,Data_23391_B
Data_23392_A,Data_23392_B
Data_23393_A,Data_23393_B
Data_23394_A,Data_23394_B
Data_23395_A,Data_23395_B
Data_23396_A,Data_23396_B
Data_23397_A,Data_23397_B
Data_23398_A,Data_23398_B
Data_23399_A,Data_23399_B
Data_23400_A,Data_23400_B
Data_23401_A,Data_23401_B
Data_23402_A,Data_23402_B
Data_23403_A,Data_23403_B
Data_23404_A,Data_23404_B
Data_23405_A,Data_23405_B
Data_23406_A,Data_23406_B
Data_23407_A,Data_23407_B
Data_23408_A,Data_23408_B
Data_23409_A,Data_23409_B
Data_23410_A,Data_23410_B
Data_23411_A,Data_23411_B
Data_23412_A,Data_23412_B
Data_23413_A,Data_23413_B
Data_23414_A,Data_23414_B
Data_23415_A,Data_23415_B
Data_23416_A,Data_23416_B
Data_23417_A,Data_23417_B
Data_23418_A,Data_23418_B
Data_23419_A,Data_23419_B
Data_23420_A,Data_23420_B
Data_23421_A,Data_23421_B
Data_23422_A,Data_23422_B
Data_23423_A,Data_23423_B
Data_23424_A,Data_23424_B
Data_23425_A,Data_23425_B
Data_23426_A,Data_23426_B
Data_23427_A,Data_23427_B
Data_23428_A,Data_23428_B
Data_23429_A,Data_23429_B
Data_23430_A,Data_23430_B
Data_23431_A,Data_23431_B
Data_23432_A,Data_23432_B
Data_23433_A,Data_23433_B
Data_23434_A,Data_23434_B
Data_23435_A,Data_23435_B
Data_23436_A,Data_23436_B
Data_23437_A,Data_23437_B
Data_23438_A,Data_23438_B
Data_23439_A,Data_23439_B
Data_23440_A,Data_23440_B
Data_23441_A,Data_23441_B
Data_23442_A,Data_23442_B
Data_23443_A,Data_23443_B
Data_23444_A,Data_23444_B
Data_23445_A,Data_23445_B
Data_23446_A,Data_23446_B
Data_23447_A,Data_23447_B
Data_23448_A,Data_23448_B
Data_23449_A,Data_23449_B
Data_23450_A,Data_23450_B
Data_23451_A,Data_23451_B
Data_23452_A,Data_23452_B
Data_23453_A,Data_23453_B
Data_23454_A,Data_23454_B
Data_23455_A,Data_23455_B
Data_23456_A,Data_23456_B
Data_23457_A,Data_23457_B
Data_23458_A,Data_23458_B
Data_23459_A,Data_23459_B
Data_23460_A,Data_23460_B
Data_23461_A,Data_23461_B
Data_23462_A,Data_23462_B
Data_23463_A,Data_23463_B
Data_23464_A,Data_23464_B
Data_23465_A,Data_23465_B
Data_23466_A,Data_23466_B
Data_23467_A,Data_23467_B
Data_23468_A,Data_23468_B
Data_23469_A,Data_23469_B
Data_23470_A,Data_23470_B
Data_23471_A,Data_23471_B
Data_23472_A,Data_23472_B
Data_23473_A,Data_23473_B
Data_23474_A,Data_23474_B
Data_23475_A,Data_23475_B
Data_23476_A,Data_23476_B
Data_23477_A,Data_23477_B
Data_23478_A,Data_23478_B
Data_23479_A,Data_23479_B
Data_23480_A,Data_23480_B
Data_23481_A,Data_23481_B
Data_23482_A,Data_23482_B
Data_23483_A,Data_23483_B
Data_23484_A,Data_23484_B
Data_23485_A,Data_23485_B
Data_23486_A,Data_23486_B
Data_23487_A,Data_23487_B
Data_23488_A,Data_23488_B
Data_23489_A,Data_23489_B
Data_23490_A,Data_23490_B
Data_23491_A,Data_23491_B
Data_23492_A,Data_23492_B
Data_23493_A,Data_23493_B
Data_23494_A,Data_23494_B
Data_23495_A,Data_23495_B
Data_23496_A,Data_23496_B
Data_23497_A,Data_23497_B
Data_23498_A,Data_23498_B
Data_23499_A,Data_23499_B
Data_23500_A,Data_23500_B
Data_23501_A,Data_23501_B
Data_23502_A,Data_23502_B
Data_23503_A,Data_23503_B
Data_23504_A,Data_23504_B
Data_23505_A,Data_23505_B
Data_23506_A,Data_23506_B
Data_23507_A,Data_23507_B
Data_23508_A,Data_23508_B
Data_23509_A,Data_23509_B
Data_23510_A,Data_23510_B
Data_23511_A,Data_23511_B
Data_23512_A,Data_23512_B
Data_23513_A,Data_23513_B
Data_23514_A,Data_23514_B
Data_23515_A,Data_23515_B
Data_23516_A,Data_23516_B
Data_23517_A,Data_23517_B
Data_23518_A,Data_23518_B
Data_23519_A,Data_23519_B
Data_23520_A,Data_23520_B
Data_23521_A,Data_23521_B
Data_23522_A,Data_23522_B
Data_23523_A,Data_23523_B
Data_23524_A,Data_23524_B
Data_23525_A,Data_23525_B
Data_23526_A,Data_23526_B
Data_23527_A,Data_23527_B
Data_23528_A,Data_23528_B
Data_23529_A,Data_23529_B
Data_23530_A,Data_23530_B
Data_23531_A,Data_23531_B
Data_23532_A,Data_23532_B
Data_23533_A,Data_23533_B
Data_23534_A,Data_23534_B
Data_23535_A,Data_23535_B
Data_23536_A,Data_23536_B
Data_23537_A,Data_23537_B
Data_23538_A,Data_23538_B
Data_23539_A,Data_23539_B
Data_23540_A,Data_23540_B
Data_23541_A,Data_23541_B
Data_23542_A,Data_23542_B
Data_23543_A,Data_23543_B
Data_23544_A,Data_23544_B
Data_23545_A,Data_23545_B
Data_23546_A,Data_23546_B
Data_23547_A,Data_23547_B
Data_23548_A,Data_23548_B
Data_23549_A,Data_23549_B
Data_23550_A,Data_23550_B
Data_23551_A,Data_23551_B
Data_23552_A,Data_23552_B
Data_23553_A,Data_23553_B
Data_23554_A,Data_23554_B
Data_23555_A,Data_23555_B
Data_23556_A,Data_23556_B
Data_23557_A,Data_23557_B
Data_23558_A,Data_23558_B
Data_23559_A,Data_23559_B
Data_23560_A,Data_23560_B
Data_23561_A,Data_23561_B
Data_23562_A,Data_23562_B
Data_23563_A,Data_23563_B
Data_23564_A,Data_23564_B
Data_23565_A,Data_23565_B
Data_23566_A,Data_23566_B
Data_23567_A,Data_23567_B
Data_23568_A,Data_23568_B
Data_23569_A,Data_23569_B
Data_23570_A,Data_23570_B
Data_23571_A,Data_23571_B
Data_23572_A,Data_23572_B
Data_23573_A,Data_23573_B
Data_23574_A,Data_23574_B
Data_23575_A,Data_23575_B
Data_23576_A,Data_23576_B
Data_23577_A,Data_23577_B
Data_23578_A,Data_23578_B
Data_23579_A,Data_23579_B
Data_23580_A,Data_23580_B
Data_23581_A,Data_23581_B
Data_23582_A,Data_23582_B
Data_23583_A,Data_23583_B
Data_23584_A,Data_23584_B
Data_23585_A,Data_23585_B
Data_23586_A,Data_23586_B
Data_23587_A,Data_23587_B
Data_23588_A,Data_23588_B
Data_23589_A,Data_23589_B
Data_23590_A,Data_23590_B
Data_23591_A,Data_23591_B
Data_23592_A,Data_23592_B
Data_23593_A,Data_23593_B
Data_23594_A,Data_23594_B
Data_23595_A,Data_23595_B
Data_23596_A,Data_23596_B
Data_23597_A,Data_23597_B
Data_23598_A,Data_23598_B
Data_23599_A,Data_23599_B
Data_23600_A,Data_23600_B
Data_23601_A,Data_23601_B
Data_23602_A,Data_23602_B
Data_23603_A,Data_23603_B
Data_23604_A,Data_23604_B
Data_23605_A,Data_23605_B
Data_23606_A,Data_23606_B
Data_23607_A,Data_23607_B
Data_23608_A,Data_23608_B
Data_23609_A,Data_23609_B
Data_23610_A,Data_23610_B
Data_23611_A,Data_23611_B
Data_23612_A,Data_23612_B
Data_23613_A,Data_23613_B
Data_23614_A,Data_23614_B
Data_23615_A,Data_23615_B
Data_23616_A,Data_23616_B
Data_23617_A,Data_23617_B
Data_23618_A,Data_23618_B
Data_23619_A,Data_23619_B
Data_23620_A,Data_23620_B
Data_23621_A,Data_23621_B
Data_23622_A,Data_23622_B
Data_23623_A,Data_23623_B
Data_23624_A,Data_23624_B
Data_23625_A,Data_23625_B
Data_23626_A,Data_23626_B
Data_23627_A,Data_23627_B
Data_23628_A,Data_23628_B
Data_23629_A,Data_23629_B
Data_23630_A,Data_23630_B
Data_23631_A,Data_23631_B
Data_23632_A,Data_23632_B
Data_23633_A,Data_23633_B
Data_23634_A,Data_23634_B
Data_23635_A,Data_23635_B
Data_23636_A,Data_23636_B
Data_23637_A,Data_23637_B
Data_23638_A,Data_23638_B
Data_23639_A,Data_23639_B
Data_23640_A,Data_23640_B
Data_23641_A,Data_23641_B
Data_23642_A,Data_23642_B
Data_23643_A,Data_23643_B
Data_23644_A,Data_23644_B
Data_23645_A,Data_23645_B
Data_23646_A,Data_23646_B
Data_23647_A,Data_23647_B
Data_23648_A,Data_23648_B
Data_23649_A,Data_23649_B
Data_23650_A,Data_23650_B
Data_23651_A,Data_23651_B
Data_23652_A,Data_23652_B
Data_23653_A,Data_23653_B
Data_23654_A,Data_23654_B
Data_23655_A,Data_23655_B
Data_23656_A,Data_23656_B
Data_23657_A,Data_23657_B
Data_23658_A,Data_23658_B
Data_23659_A,Data_23659_B
Data_23660_A,Data_23660_B
Data_23661_A,Data_23661_B
Data_23662_A,Data_23662_B
Data_23663_A,Data_23663_B
Data_23664_A,Data_23664_B
Data_23665_A,Data_23665_B
Data_23666_A,Data_23666_B
Data_23667_A,Data_23667_B
Data_23668_A,Data_23668_B
Data_23669_A,Data_23669_B
Data_23670_A,Data_23670_B
Data_23671_A,Data_23671_B
Data_23672_A,Data_23672_B
Data_23673_A,Data_23673_B
Data_23674_A,Data_23674_B
Data_23675_A,Data_23675_B
Data_23676_A,Data_23676_B
Data_23677_A,Data_23677_B
Data_23678_A,Data_23678_B
Data_23679_A,Data_23679_B
Data_23680_A,Data_23680_B
Data_23681_A,Data_23681_B
Data_23682_A,Data_23682_B
Data_23683_A,Data_23683_B
Data_23684_A,Data_23684_B
Data_23685_A,Data_23685_B
Data_23686_A,Data_23686_B
Data_23687_A,Data_23687_B
Data_23688_A,Data_23688_B
Data_23689_A,Data_23689_B
Data_23690_A,Data_23690_B
Data_23691_A,Data_23691_B
Data_23692_A,Data_23692_B
Data_23693_A,Data_23693_B
Data_23694_A,Data_23694_B
Data_23695_A,Data_23695_B
Data_23696_A,Data_23696_B
Data_23697_A,Data_23697_B
Data_23698_A,Data_23698_B
Data_23699_A,Data_23699_B
Data_23700_A,Data_23700_B
Data_23701_A,Data_23701_B
Data_23702_A,Data_23702_B
Data_23703_A,Data_23703_B
Data_23704_A,Data_23704_B
Data_23705_A,Data_23705_B
Data_23706_A,Data_23706_B
Data_23707_A,Data_23707_B
Data_23708_A,Data_23708_B
Data_23709_A,Data_23709_B
Data_23710_A,Data_23710_B
Data_23711_A,Data_23711_B
Data_23712_A,Data_23712_B
Data_23713_A,Data_23713_B
Data_23714_A,Data_23714_B
Data_23715_A,Data_23715_B
Data_23716_A,Data_23716_B
Data_23717_A,Data_23717_B
Data_23718_A,Data_23718_B
Data_23719_A,Data_23719_B
Data_23720_A,Data_23720_B
Data_23721_A,Data_23721_B
Data_23722_A,Data_23722_B
Data_23723_A,Data_23723_B
Data_23724_A,Data_23724_B
Data_23725_A,Data_23725_B
Data_23726_A,Data_23726_B
Data_23727_A,Data_23727_B
Data_23728_A,Data_23728_B
Data_23729_A,Data_23729_B
Data_23730_A,Data_23730_B
Data_23731_A,Data_23731_B
Data_23732_A,Data_23732_B
Data_23733_A,Data_23733_B
Data_23734_A,Data_23734_B
Data_23735_A,Data_23735_B
Data_23736_A,Data_23736_B
Data_23737_A,Data_23737_B
Data_23738_A,Data_23738_B
Data_23739_A,Data_23739_B
Data_23740_A,Data_23740_B
Data_23741_A,Data_23741_B
Data_23742_A,Data_23742_B
Data_23743_A,Data_23743_B
Data_23744_A,Data_23744_B
Data_23745_A,Data_23745_B
Data_23746_A,Data_23746_B
Data_23747_A,Data_23747_B
Data_23748_A,Data_23748_B
Data_23749_A,Data_23749_B
Data_23750_A,Data_23750_B
Data_23751_A,Data_23751_B
Data_23752_A,Data_23752_B
Data_23753_A,Data_23753_B
Data_23754_A,Data_23754_B
Data_23755_A,Data_23755_B
Data_23756_A,Data_23756_B
Data_23757_A,Data_23757_B
Data_23758_A,Data_23758_B
Data_23759_A,Data_23759_B
Data_23760_A,Data_23760_B
Data_23761_A,Data_23761_B
Data_23762_A,Data_23762_B
Data_23763_A,Data_23763_B
Data_23764_A,Data_23764_B
Data_23765_A,Data_23765_B
Data_23766_A,Data_23766_B
Data_23767_A,Data_23767_B
Data_23768_A,Data_23768_B
Data_23769_A,Data_23769_B
Data_23770_A,Data_23770_B
Data_23771_A,Data_23771_B
Data_23772_A,Data_23772_B
Data_23773_A,Data_23773_B
Data_23774_A,Data_23774_B
Data_23775_A,Data_23775_B
Data_23776_A,Data_23776_B
Data_23777_A,Data_23777_B
Data_23778_A,Data_23778_B
Data_23779_A,Data_23779_B
Data_23780_A,Data_23780_B
Data_23781_A,Data_23781_B
Data_23782_A,Data_23782_B
Data_23783_A,Data_23783_B
Data_23784_A,Data_23784_B
Data_23785_A,Data_23785_B
Data_23786_A,Data_23786_B
Data_23787_A,Data_23787_B
Data_23788_A,Data_23788_B
Data_23789_A,Data_23789_B
Data_23790_A,Data_23790_B
Data_23791_A,Data_23791_B
Data_23792_A,Data_23792_B
Data_23793_A,Data_23793_B
Data_23794_A,Data_23794_B
Data_23795_A,Data_23795_B
Data_23796_A,Data_23796_B
Data_23797_A,Data_23797_B
Data_23798_A,Data_23798_B
Data_23799_A,Data_23799_B
Data_23800_A,Data_23800_B
Data_23801_A,Data_23801_B
Data_23802_A,Data_23802_B
Data_23803_A,Data_23803_B
Data_23804_A,Data_23804_B
Data_23805_A,Data_23805_B
Data_23806_A,Data_23806_B
Data_23807_A,Data_23807_B
Data_23808_A,Data_23808_B
Data_23809_A,Data_23809_B
Data_23810_A,Data_23810_B
Data_23811_A,Data_23811_B
Data_23812_A,Data_23812_B
Data_23813_A,Data_23813_B
Data_23814_A,Data_23814_B
Data_23815_A,Data_23815_B
Data_23816_A,Data_23816_B
Data_23817_A,Data_23817_B
Data_23818_A,Data_23818_B
Data_23819_A,Data_23819_B
Data_23820_A,Data_23820_B
Data_23821_A,Data_23821_B
Data_23822_A,Data_23822_B
Data_23823_A,Data_23823_B
Data_23824_A,Data_23824_B
Data_23825_A,Data_23825_B
Data_23826_A,Data_23826_B
Data_23827_A,Data_23827_B
Data_23828_A,Data_23828_B
Data_23829_A,Data_23829_B
Data_23830_A,Data_23830_B
Data_23831_A,Data_23831_B
Data_23832_A,Data_23832_B
Data_23833_A,Data_23833_B
Data_23834_A,Data_23834_B
Data_23835_A,Data_23835_B
Data_23836_A,Data_23836_B
Data_23837_A,Data_23837_B
Data_23838_A,Data_23838_B
Data_23839_A,Data_23839_B
Data_23840_A,Data_23840_B
Data_23841_A,Data_23841_B
Data_23842_A,Data_23842_B
Data_23843_A,Data_23843_B
Data_23844_A,Data_23844_B
Data_23845_A,Data_23845_B
Data_23846_A,Data_23846_B
Data_23847_A,Data_23847_B
Data_23848_A,Data_23848_B
Data_23849_A,Data_23849_B
Data_23850_A,Data_23850_B
Data_23851_A,Data_23851_B
Data_23852_A,Data_23852_B
Data_23853_A,Data_23853_B
Data_23854_A,Data_23854_B
Data_23855_A,Data_23855_B
Data_23856_A,Data_23856_B
Data_23857_A,Data_23857_B
Data_23858_A,Data_23858_B
Data_23859_A,Data_23859_B
Data_23860_A,Data_23860_B
Data_23861_A,Data_23861_B
Data_23862_A,Data_23862_B
Data_23863_A,Data_23863_B
Data_23864_A,Data_23864_B
Data_23865_A,Data_23865_B
Data_23866_A,Data_23866_B
Data_23867_A,Data_23867_B
Data_23868_A,Data_23868_B
Data_23869_A,Data_23869_B
Data_23870_A,Data_23870_B
Data_23871_A,Data_23871_B
Data_23872_A,Data_23872_B
Data_23873_A,Data_23873_B
Data_23874_A,Data_23874_B
Data_23875_A,Data_23875_B
Data_23876_A,Data_23876_B
Data_23877_A,Data_23877_B
Data_23878_A,Data_23878_B
Data_23879_A,Data_23879_B
Data_23880_A,Data_23880_B
Data_23881_A,Data_23881_B
Data_23882_A,Data_23882_B
Data_23883_A,Data_23883_B
Data_23884_A,Data_23884_B
Data_23885_A,Data_23885_B
Data_23886_A,Data_23886_B
Data_23887_A,Data_23887_B
Data_23888_A,Data_23888_B
Data_23889_A,Data_23889_B
Data_23890_A,Data_23890_B
Data_23891_A,Data_23891_B
Data_23892_A,Data_23892_B
Data_23893_A,Data_23893_B
Data_23894_A,Data_23894_B
Data_23895_A,Data_23895_B
Data_23896_A,Data_23896_B
Data_23897_A,Data_23897_B
Data_23898_A,Data_23898_B
Data_23899_A,Data_23899_B
Data_23900_A,Data_23900_B
Data_23901_A,Data_23901_B
Data_23902_A,Data_23902_B
Data_23903_A,Data_23903_B
Data_23904_A,Data_23904_B
Data_23905_A,Data_23905_B
Data_23906_A,Data_23906_B
Data_23907_A,Data_23907_B
Data_23908_A,Data_23908_B
Data_23909_A,Data_23909_B
Data_23910_A,Data_23910_B
Data_23911_A,Data_23911_B
Data_23912_A,Data_23912_B
Data_23913_A,Data_23913_B
Data_23914_A,Data_23914_B
Data_23915_A,Data_23915_B
Data_23916_A,Data_23916_B
Data_23917_A,Data_23917_B
Data_23918_A,Data_23918_B
Data_23919_A,Data_23919_B
Data_23920_A,Data_23920_B
Data_23921_A,Data_23921_B
Data_23922_A,Data_23922_B
Data_23923_A,Data_23923_B
Data_23924_A,Data_23924_B
Data_23925_A,Data_23925_B
Data_23926_A,Data_23926_B
Data_23927_A,Data_23927_B
Data_23928_A,Data_23928_B
Data_23929_A,Data_23929_B
Data_23930_A,Data_23930_B
Data_23931_A,Data_23931_B
Data_23932_A,Data_23932_B
Data_23933_A,Data_23933_B
Data_23934_A,Data_23934_B
Data_23935_A,Data_23935_B
Data_23936_A,Data_23936_B
Data_23937_A,Data_23937_B
Data_23938_A,Data_23938_B
Data_23939_A,Data_23939_B
Data_23940_A,Data_23940_B
Data_23941_A,Data_23941_B
Data_23942_A,Data_23942_B
Data_23943_A,Data_23943_B
Data_23944_A,Data_23944_B
Data_23945_A,Data_23945_B
Data_23946_A,Data_23946_B
Data_23947_A,Data_23947_B
Data_23948_A,Data_23948_B
Data_23949_A,Data_23949_B
Data_23950_A,Data_23950_B
Data_23951_A,Data_23951_B
Data_23952_A,Data_23952_B
Data_23953_A,Data_23953_B
Data_23954_A,Data_23954_B
Data_23955_A,Data_23955_B
Data_23956_A,Data_23956_B
Data_23957_A,Data_23957_B
Data_23958_A,Data_23958_B
Data_23959_A,Data_23959_B
Data_23960_A,Data_23960_B
Data_23961_A,Data_23961_B
Data_23962_A,Data_23962_B
Data_23963_A,Data_23963_B
Data_23964_A,Data_23964_B
Data_23965_A,Data_23965_B
Data_23966_A,Data_23966_B
Data_23967_A,Data_23967_B
Data_23968_A,Data_23968_B
Data_23969_A,Data_23969_B
Data_23970_A,Data_23970_B
Data_23971_A,Data_23971_B
Data_23972_A,Data_23972_B
Data_23973_A,Data_23973_B
Data_23974_A,Data_23974_B
Data_23975_A,Data_23975_B
Data_23976_A,Data_23976_B
Data_23977_A,Data_23977_B
Data_23978_A,Data_23978_B
Data_23979_A,Data_23979_B
Data_23980_A,Data_23980_B
Data_23981_A,Data_23981_B
Data_23982_A,Data_23982_B
Data_23983_A,Data_23983_B
Data_23984_A,Data_23984_B
Data_23985_A,Data_23985_B
Data_23986_A,Data_23986_B
Data_23987_A,Data_23987_B
Data_23988_A,Data_23988_B
Data_23989_A,Data_23989_B
Data_23990_A,Data_23990_B
Data_23991_A,Data_23991_B
Data_23992_A,Data_23992_B
Data_23993_A,Data_23993_B
Data_23994_A,Data_23994_B
Data_23995_A,Data_23995_B
Data_23996_A,Data_23996_B
Data_23997_A,Data_23997_B
Data_23998_A,Data_23998_B
Data_23999_A,Data_23999_B
Data_24000_A,Data_24000_B
Data_24001_A,Data_24001_B
Data_24002_A,Data_24002_B
Data_24003_A,Data_24003_B
Data_24004_A,Data_24004_B
Data_24005_A,Data_24005_B
Data_24006_A,Data_24006_B
Data_24007_A,Data_24007_B
Data_24008_A,Data_24008_B
Data_24009_A,Data_24009_B
Data_24010_A,Data_24010_B
Data_24011_A,Data_24011_B
Data_24012_A,Data_24012_B
Data_24013_A,Data_24013_B
Data_24014_A,Data_24014_B
Data_24015_A,Data_24015_B
Data_24016_A,Data_24016_B
Data_24017_A,Data_24017_B
Data_24018_A,Data_24018_B
Data_24019_A,Data_24019_B
Data_24020_A,Data_24020_B
Data_24021_A,Data_24021_B
Data_24022_A,Data_24022_B
Data_24023_A,Data_24023_B
Data_24024_A,Data_24024_B
Data_24025_A,Data_24025_B
Data_24026_A,Data_24026_B
Data_24027_A,Data_24027_B
Data_24028_A,Data_24028_B
Data_24029_A,Data_24029_B
Data_24030_A,Data_24030_B
Data_24031_A,Data_24031_B
Data_24032_A,Data_24032_B
Data_24033_A,Data_24033_B
Data_24034_A,Data_24034_B
Data_24035_A,Data_24035_B
Data_24036_A,Data_24036_B
Data_24037_A,Data_24037_B
Data_24038_A,Data_24038_B
Data_24039_A,Data_24039_B
Data_24040_A,Data_24040_B
Data_24041_A,Data_24041_B
Data_24042_A,Data_24042_B
Data_24043_A,Data_24043_B
Data_24044_A,Data_24044_B
Data_24045_A,Data_24045_B
Data_24046_A,Data_24046_B
Data_24047_A,Data_24047_B
Data_24048_A,Data_24048_B
Data_24049_A,Data_24049_B
Data_24050_A,Data_24050_B
Data_24051_A,Data_24051_B
Data_24052_A,Data_24052_B
Data_24053_A,Data_24053_B
Data_24054_A,Data_24054_B
Data_24055_A,Data_24055_B
Data_24056_A,Data_24056_B
Data_24057_A,Data_24057_B
Data_24058_A,Data_24058_B
Data_24059_A,Data_24059_B
Data_24060_A,Data_24060_B
Data_24061_A,Data_24061_B
Data_24062_A,Data_24062_B
Data_24063_A,Data_24063_B
Data_24064_A,Data_24064_B
Data_24065_A,Data_24065_B
Data_24066_A,Data_24066_B
Data_24067_A,Data_24067_B
Data_24068_A,Data_24068_B
Data_24069_A,Data_24069_B
Data_24070_A,Data_24070_B
Data_24071_A,Data_24071_B
Data_24072_A,Data_24072_B
Data_24073_A,Data_24073_B
Data_24074_A,Data_24074_B
Data_24075_A,Data_24075_B
Data_24076_A,Data_24076_B
Data_24077_A,Data_24077_B
Data_24078_A,Data_24078_B
Data_24079_A,Data_24079_B
Data_24080_A,Data_24080_B
Data_24081_A,Data_24081_B
Data_24082_A,Data_24082_B
Data_24083_A,Data_24083_B
Data_24084_A,Data_24084_B
Data_24085_A,Data_24085_B
Data_24086_A,Data_24086_B
Data_24087_A,Data_24087_B
Data_24088_A,Data_24088_B
Data_24089_A,Data_24089_B
Data_24090_A,Data_24090_B
Data_24091_A,Data_24091_B
Data_24092_A,Data_24092_B
Data_24093_A,Data_24093_B
Data_24094_A,Data_24094_B
Data_24095_A,Data_24095_B
Data_24096_A,Data_24096_B
Data_24097_A,Data_24097_B
Data_24098_A,Data_24098_B
Data_24099_A,Data_24099_B
Data_24100_A,Data_24100_B
Data_24101_A,Data_24101_B
Data_24102_A,Data_24102_B
Data_24103_A,Data_24103_B
Data_24104_A,Data_24104_B
Data_24105_A,Data_24105_B
Data_24106_A,Data_24106_B
Data_24107_A,Data_24107_B
Data_24108_A,Data_24108_B
Data_24109_A,Data_24109_B
Data_24110_A,Data_24110_B
Data_24111_A,Data_24111_B
Data_24112_A,Data_24112_B
Data_24113_A,Data_24113_B
Data_24114_A,Data_24114_B
Data_24115_A,Data_24115_B
Data_24116_A,Data_24116_B
Data_24117_A,Data_24117_B
Data_24118_A,Data_24118_B
Data_24119_A,Data_24119_B
Data_24120_A,Data_24120_B
Data_24121_A,Data_24121_B
Data_24122_A,Data_24122_B
Data_24123_A,Data_24123_B
Data_24124_A,Data_24124_B
Data_24125_A,Data_24125_B
Data_24126_A,Data_24126_B
Data_24127_A,Data_24127_B
Data_24128_A,Data_24128_B
Data_24129_A,Data_24129_B
Data_24130_A,Data_24130_B
Data_24131_A,Data_24131_B
Data_24132_A,Data_24132_B
Data_24133_A,Data_24133_B
Data_24134_A,Data_24134_B
Data_24135_A,Data_24135_B
Data_24136_A,Data_24136_B
Data_24137_A,Data_24137_B
Data_24138_A,Data_24138_B
Data_24139_A,Data_24139_B
Data_24140_A,Data_24140_B
Data_24141_A,Data_24141_B
Data_24142_A,Data_24142_B
Data_24143_A,Data_24143_B
Data_24144_A,Data_24144_B
Data_24145_A,Data_24145_B
Data_24146_A,Data_24146_B
Data_24147_A,Data_24147_B
Data_24148_A,Data_24148_B
Data_24149_A,Data_24149_B
Data_24150_A,Data_24150_B
Data_24151_A,Data_24151_B
Data_24152_A,Data_24152_B
Data_24153_A,Data_24153_B
Data_24154_A,Data_24154_B
Data_24155_A,Data_24155_B
Data_24156_A,Data_24156_B
Data_24157_A,Data_24157_B
Data_24158_A,Data_24158_B
Data_24159_A,Data_24159_B
Data_24160_A,Data_24160_B
Data_24161_A,Data_24161_B
Data_24162_A,Data_24162_B
Data_24163_A,Data_24163_B
Data_24164_A,Data_24164_B
Data_24165_A,Data_24165_B
Data_24166_A,Data_24166_B
Data_24167_A,Data_24167_B
Data_24168_A,Data_24168_B
Data_24169_A,Data_24169_B
Data_24170_A,Data_24170_B
Data_24171_A,Data_24171_B
Data_24172_A,Data_24172_B
Data_24173_A,Data_24173_B
Data_24174_A,Data_24174_B
Data_24175_A,Data_24175_B
Data_24176_A,Data_24176_B
Data_24177_A,Data_24177_B
Data_24178_A,Data_24178_B
Data_24179_A,Data_24179_B
Data_24180_A,Data_24180_B
Data_24181_A,Data_24181_B
Data_24182_A,Data_24182_B
Data_24183_A,Data_24183_B
Data_24184_A,Data_24184_B
Data_24185_A,Data_24185_B
Data_24186_A,Data_24186_B
Data_24187_A,Data_24187_B
Data_24188_A,Data_24188_B
Data_24189_A,Data_24189_B
Data_24190_A,Data_24190_B
Data_24191_A,Data_24191_B
Data_24192_A,Data_24192_B
Data_24193_A,Data_24193_B
Data_24194_A,Data_24194_B
Data_24195_A,Data_24195_B
Data_24196_A,Data_24196_B
Data_24197_A,Data_24197_B
Data_24198_A,Data_24198_B
Data_24199_A,Data_24199_B
Data_24200_A,Data_24200_B
Data_24201_A,Data_24201_B
Data_24202_A,Data_24202_B
Data_24203_A,Data_24203_B
Data_24204_A,Data_24204_B
Data_24205_A,Data_24205_B
Data_24206_A,Data_24206_B
Data_24207_A,Data_24207_B
Data_24208_A,Data_24208_B
Data_24209_A,Data_24209_B
Data_24210_A,Data_24210_B
Data_24211_A,Data_24211_B
Data_24212_A,Data_24212_B
Data_24213_A,Data_24213_B
Data_24214_A,Data_24214_B
Data_24215_A,Data_24215_B
Data_24216_A,Data_24216_B
Data_24217_A,Data_24217_B
Data_24218_A,Data_24218_B
Data_24219_A,Data_24219_B
Data_24220_A,Data_24220_B
Data_24221_A,Data_24221_B
Data_24222_A,Data_24222_B
Data_24223_A,Data_24223_B
Data_24224_A,Data_24224_B
Data_24225_A,Data_24225_B
Data_24226_A,Data_24226_B
Data_24227_A,Data_24227_B
Data_24228_A,Data_24228_B
Data_24229_A,Data_24229_B
Data_24230_A,Data_24230_B
Data_24231_A,Data_24231_B
Data_24232_A,Data_24232_B
Data_24233_A,Data_24233_B
Data_24234_A,Data_24234_B
Data_24235_A,Data_24235_B
Data_24236_A,Data_24236_B
Data_24237_A,Data_24237_B
Data_24238_A,Data_24238_B
Data_24239_A,Data_24239_B
Data_24240_A,Data_24240_B
Data_24241_A,Data_24241_B
Data_24242_A,Data_24242_B
Data_24243_A,Data_24243_B
Data_24244_A,Data_24244_B
Data_24245_A,Data_24245_B
Data_24246_A,Data_24246_B
Data_24247_A,Data_24247_B
Data_24248_A,Data_24248_B
Data_24249_A,Data_24249_B
Data_24250_A,Data_24250_B
Data_24251_A,Data_24251_B
Data_24252_A,Data_24252_B
Data_24253_A,Data_24253_B
Data_24254_A,Data_24254_B
Data_24255_A,Data_24255_B
Data_24256_A,Data_24256_B
Data_24257_A,Data_24257_B
Data_24258_A,Data_24258_B
Data_24259_A,Data_24259_B
Data_24260_A,Data_24260_B
Data_24261_A,Data_24261_B
Data_24262_A,Data_24262_B
Data_24263_A,Data_24263_B
Data_24264_A,Data_24264_B
Data_24265_A,Data_24265_B
Data_24266_A,Data_24266_B
Data_24267_A,Data_24267_B
Data_24268_A,Data_24268_B
Data_24269_A,Data_24269_B
Data_24270_A,Data_24270_B
Data_24271_A,Data_24271_B
Data_24272_A,Data_24272_B
Data_24273_A,Data_24273_B
Data_24274_A,Data_24274_B
Data_24275_A,Data_24275_B
Data_24276_A,Data_24276_B
Data_24277_A,Data_24277_B
Data_24278_A,Data_24278_B
Data_24279_A,Data_24279_B
Data_24280_A,Data_24280_B
Data_24281_A,Data_24281_B
Data_24282_A,Data_24282_B
Data_24283_A,Data_24283_B
Data_24284_A,Data_24284_B
Data_24285_A,Data_24285_B
Data_24286_A,Data_24286_B
Data_24287_A,Data_24287_B
Data_24288_A,Data_24288_B
Data_24289_A,Data_24289_B
Data_24290_A,Data_24290_B
Data_24291_A,Data_24291_B
Data_24292_A,Data_24292_B
Data_24293_A,Data_24293_B
Data_24294_A,Data_24294_B
Data_24295_A,Data_24295_B
Data_24296_A,Data_24296_B
Data_24297_A,Data_24297_B
Data_24298_A,Data_24298_B
Data_24299_A,Data_24299_B
Data_24300_A,Data_24300_B
Data_24301_A,Data_24301_B
Data_24302_A,Data_24302_B
Data_24303_A,Data_24303_B
Data_24304_A,Data_24304_B
Data_24305_A,Data_24305_B
Data_24306_A,Data_24306_B
Data_24307_A,Data_24307_B
Data_24308_A,Data_24308_B
Data_24309_A,Data_24309_B
Data_24310_A,Data_24310_B
Data_24311_A,Data_24311_B
Data_24312_A,Data_24312_B
Data_24313_A,Data_24313_B
Data_24314_A,Data_24314_B
Data_24315_A,Data_24315_B
Data_24316_A,Data_24316_B
Data_24317_A,Data_24317_B
Data_24318_A,Data_24318_B
Data_24319_A,Data_24319_B
Data_24320_A,Data_24320_B
Data_24321_A,Data_24321_B
Data_24322_A,Data_24322_B
Data_24323_A,Data_24323_B
Data_24324_A,Data_24324_B
Data_24325_A,Data_24325_B
Data_24326_A,Data_24326_B
Data_24327_A,Data_24327_B
Data_24328_A,Data_24328_B
Data_24329_A,Data_24329_B
Data_24330_A,Data_24330_B
Data_24331_A,Data_24331_B
Data_24332_A,Data_24332_B
Data_24333_A,Data_24333_B
Data_24334_A,Data_24334_B
Data_24335_A,Data_24335_B
Data_24336_A,Data_24336_B
Data_24337_A,Data_24337_B
Data_24338_A,Data_24338_B
Data_24339_A,Data_24339_B
Data_24340_A,Data_24340_B
Data_24341_A,Data_24341_B
Data_24342_A,Data_24342_B
Data_24343_A,Data_24343_B
Data_24344_A,Data_24344_B
Data_24345_A,Data_24345_B
Data_24346_A,Data_24346_B
Data_24347_A,Data_24347_B
Data_24348_A,Data_24348_B
Data_24349_A,Data_24349_B
Data_24350_A,Data_24350_B
Data_24351_A,Data_24351_B
Data_24352_A,Data_24352_B
Data_24353_A,Data_24353_B
Data_24354_A,Data_24354_B
Data_24355_A,Data_24355_B
Data_24356_A,Data_24356_B
Data_24357_A,Data_24357_B
Data_24358_A,Data_24358_B
Data_24359_A,Data_24359_B
Data_24360_A,Data_24360_B
Data_24361_A,Data_24361_B
Data_24362_A,Data_24362_B
Data_24363_A,Data_24363_B
Data_24364_A,Data_24364_B
Data_24365_A,Data_24365_B
Data_24366_A,Data_24366_B
Data_24367_A,Data_24367_B
Data_24368_A,Data_24368_B
Data_24369_A,Data_24369_B
Data_24370_A,Data_24370_B
Data_24371_A,Data_24371_B
Data_24372_A,Data_24372_B
Data_24373_A,Data_24373_B
Data_24374_A,Data_24374_B
Data_24375_A,Data_24375_B
Data_24376_A,Data_24376_B
Data_24377_A,Data_24377_B
Data_24378_A,Data_24378_B
Data_24379_A,Data_24379_B
Data_24380_A,Data_24380_B
Data_24381_A,Data_24381_B
Data_24382_A,Data_24382_B
Data_24383_A,Data_24383_B
Data_24384_A,Data_24384_B
Data_24385_A,Data_24385_B
Data_24386_A,Data_24386_B
Data_24387_A,Data_24387_B
Data_24388_A,Data_24388_B
Data_24389_A,Data_24389_B
Data_24390_A,Data_24390_B
Data_24391_A,Data_24391_B
Data_24392_A,Data_24392_B
Data_24393_A,Data_24393_B
Data_24394_A,Data_24394_B
Data_24395_A,Data_24395_B
Data_24396_A,Data_24396_B
Data_24397_A,Data_24397_B
Data_24398_A,Data_24398_B
Data_24399_A,Data_24399_B
Data_24400_A,Data_24400_B
Data_24401_A,Data_24401_B
Data_24402_A,Data_24402_B
Data_24403_A,Data_24403_B
Data_24404_A,Data_24404_B
Data_24405_A,Data_24405_B
Data_24406_A,Data_24406_B
Data_24407_A,Data_24407_B
Data_24408_A,Data_24408_B
Data_24409_A,Data_24409_B
Data_24410_A,Data_24410_B
Data_24411_A,Data_24411_B
Data_24412_A,Data_24412_B
Data_24413_A,Data_24413_B
Data_24414_A,Data_24414_B
Data_24415_A,Data_24415_B
Data_24416_A,Data_24416_B
Data_24417_A,Data_24417_B
Data_24418_A,Data_24418_B
Data_24419_A,Data_24419_B
Data_24420_A,Data_24420_B
Data_24421_A,Data_24421_B
Data_24422_A,Data_24422_B
Data_24423_A,Data_24423_B
Data_24424_A,Data_24424_B
Data_24425_A,Data_24425_B
Data_24426_A,Data_24426_B
Data_24427_A,Data_24427_B
Data_24428_A,Data_24428_B
Data_24429_A,Data_24429_B
Data_24430_A,Data_24430_B
Data_24431_A,Data_24431_B
Data_24432_A,Data_24432_B
Data_24433_A,Data_24433_B
Data_24434_A,Data_24434_B
Data_24435_A,Data_24435_B
Data_24436_A,Data_24436_B
Data_24437_A,Data_24437_B
Data_24438_A,Data_24438_B
Data_24439_A,Data_24439_B
Data_24440_A,Data_24440_B
Data_24441_A,Data_24441_B
Data_24442_A,Data_24442_B
Data_24443_A,Data_24443_B
Data_24444_A,Data_24444_B
Data_24445_A,Data_24445_B
Data_24446_A,Data_24446_B
Data_24447_A,Data_24447_B
Data_24448_A,Data_24448_B
Data_24449_A,Data_24449_B
Data_24450_A,Data_24450_B
Data_24451_A,Data_24451_B
Data_24452_A,Data_24452_B
Data_24453_A,Data_24453_B
Data_24454_A,Data_24454_B
Data_24455_A,Data_24455_B
Data_24456_A,Data_24456_B
Data_24457_A,Data_24457_B
Data_24458_A,Data_24458_B
Data_24459_A,Data_24459_B
Data_24460_A,Data_24460_B
Data_24461_A,Data_24461_B
Data_24462_A,Data_24462_B
Data_24463_A,Data_24463_B
Data_24464_A,Data_24464_B
Data_24465_A,Data_24465_B
Data_24466_A,Data_24466_B
Data_24467_A,Data_24467_B
Data_24468_A,Data_24468_B
Data_24469_A,Data_24469_B
Data_24470_A,Data_24470_B
Data_24471_A,Data_24471_B
Data_24472_A,Data_24472_B
Data_24473_A,Data_24473_B
Data_24474_A,Data_24474_B
Data_24475_A,Data_24475_B
Data_24476_A,Data_24476_B
Data_24477_A,Data_24477_B
Data_24478_A,Data_24478_B
Data_24479_A,Data_24479_B
Data_24480_A,Data_24480_B
Data_24481_A,Data_24481_B
Data_24482_A,Data_24482_B
Data_24483_A,Data_24483_B
Data_24484_A,Data_24484_B
Data_24485_A,Data_24485_B
Data_24486_A,Data_24486_B
Data_24487_A,Data_24487_B
Data_24488_A,Data_24488_B
Data_24489_A,Data_24489_B
Data_24490_A,Data_24490_B
Data_24491_A,Data_24491_B
Data_24492_A,Data_24492_B
Data_24493_A,Data_24493_B
Data_24494_A,Data_24494_B
Data_24495_A,Data_24495_B
Data_24496_A,Data_24496_B
Data_24497_A,Data_24497_B
Data_24498_A,Data_24498_B
Data_24499_A,Data_24499_B
Data_24500_A,Data_24500_B
Data_24501_A,Data_24501_B
Data_24502_A,Data_24502_B
Data_24503_A,Data_24503_B
Data_24504_A,Data_24504_B
Data_24505_A,Data_24505_B
Data_24506_A,Data_24506_B
Data_24507_A,Data_24507_B
Data_24508_A,Data_24508_B
Data_24509_A,Data_24509_B
Data_24510_A,Data_24510_B
Data_24511_A,Data_24511_B
Data_24512_A,Data_24512_B
Data_24513_A,Data_24513_B
Data_24514_A,Data_24514_B
Data_24515_A,Data_24515_B
Data_24516_A,Data_24516_B
Data_24517_A,Data_24517_B
Data_24518_A,Data_24518_B
Data_24519_A,Data_24519_B
Data_24520_A,Data_24520_B
Data_24521_A,Data_24521_B
Data_24522_A,Data_24522_B
Data_24523_A,Data_24523_B
Data_24524_A,Data_24524_B
Data_24525_A,Data_24525_B
Data_24526_A,Data_24526_B
Data_24527_A,Data_24527_B
Data_24528_A,Data_24528_B
Data_24529_A,Data_24529_B
Data_24530_A,Data_24530_B
Data_24531_A,Data_24531_B
Data_24532_A,Data_24532_B
Data_24533_A,Data_24533_B
Data_24534_A,Data_24534_B
Data_24535_A,Data_24535_B
Data_24536_A,Data_24536_B
Data_24537_A,Data_24537_B
Data_24538_A,Data_24538_B
Data_24539_A,Data_24539_B
Data_24540_A,Data_24540_B
Data_24541_A,Data_24541_B
Data_24542_A,Data_24542_B
Data_24543_A,Data_24543_B
Data_24544_A,Data_24544_B
Data_24545_A,Data_24545_B
Data_24546_A,Data_24546_B
Data_24547_A,Data_24547_B
Data_24548_A,Data_24548_B
Data_24549_A,Data_24549_B
Data_24550_A,Data_24550_B
Data_24551_A,Data_24551_B
Data_24552_A,Data_24552_B
Data_24553_A,Data_24553_B
Data_24554_A,Data_24554_B
Data_24555_A,Data_24555_B
Data_24556_A,Data_24556_B
Data_24557_A,Data_24557_B
Data_24558_A,Data_24558_B
Data_24559_A,Data_24559_B
Data_24560_A,Data_24560_B
Data_24561_A,Data_24561_B
Data_24562_A,Data_24562_B
Data_24563_A,Data_24563_B
Data_24564_A,Data_24564_B
Data_24565_A,Data_24565_B
Data_24566_A,Data_24566_B
Data_24567_A,Data_24567_B
Data_24568_A,Data_24568_B
Data_24569_A,Data_24569_B
Data_24570_A,Data_24570_B
Data_24571_A,Data_24571_B
Data_24572_A,Data_24572_B
Data_24573_A,Data_24573_B
Data_24574_A,Data_24574_B
Data_24575_A,Data_24575_B
Data_24576_A,Data_24576_B
Data_24577_A,Data_24577_B
Data_24578_A,Data_24578_B
Data_24579_A,Data_24579_B
Data_24580_A,Data_24580_B
Data_24581_A,Data_24581_B
Data_24582_A,Data_24582_B
Data_24583_A,Data_24583_B
Data_24584_A,Data_24584_B
Data_24585_A,Data_24585_B
Data_24586_A,Data_24586_B
Data_24587_A,Data_24587_B
Data_24588_A,Data_24588_B
Data_24589_A,Data_24589_B
Data_24590_A,Data_24590_B
Data_24591_A,Data_24591_B
Data_24592_A,Data_24592_B
Data_24593_A,Data_24593_B
Data_24594_A,Data_24594_B
Data_24595_A,Data_24595_B
Data_24596_A,Data_24596_B
Data_24597_A,Data_24597_B
Data_24598_A,Data_24598_B
Data_24599_A,Data_24599_B
Data_24600_A,Data_24600_B
Data_24601_A,Data_24601_B
Data_24602_A,Data_24602_B
Data_24603_A,Data_24603_B
Data_24604_A,Data_24604_B
Data_24605_A,Data_24605_B
Data_24606_A,Data_24606_B
Data_24607_A,Data_24607_B
Data_24608_A,Data_24608_B
Data_24609_A,Data_24609_B
Data_24610_A,Data_24610_B
Data_24611_A,Data_24611_B
Data_24612_A,Data_24612_B
Data_24613_A,Data_24613_B
Data_24614_A,Data_24614_B
Data_24615_A,Data_24615_B
Data_24616_A,Data_24616_B
Data_24617_A,Data_24617_B
Data_24618_A,Data_24618_B
Data_24619_A,Data_24619_B
Data_24620_A,Data_24620_B
Data_24621_A,Data_24621_B
Data_24622_A,Data_24622_B
Data_24623_A,Data_24623_B
Data_24624_A,Data_24624_B
Data_24625_A,Data_24625_B
Data_24626_A,Data_24626_B
Data_24627_A,Data_24627_B
Data_24628_A,Data_24628_B
Data_24629_A,Data_24629_B
Data_24630_A,Data_24630_B
Data_24631_A,Data_24631_B
Data_24632_A,Data_24632_B
Data_24633_A,Data_24633_B
Data_24634_A,Data_24634_B
Data_24635_A,Data_24635_B
Data_24636_A,Data_24636_B
Data_24637_A,Data_24637_B
Data_24638_A,Data_24638_B
Data_24639_A,Data_24639_B
Data_24640_A,Data_24640_B
Data_24641_A,Data_24641_B
Data_24642_A,Data_24642_B
Data_24643_A,Data_24643_B
Data_24644_A,Data_24644_B
Data_24645_A,Data_24645_B
Data_24646_A,Data_24646_B
Data_24647_A,Data_24647_B
Data_24648_A,Data_24648_B
Data_24649_A,Data_24649_B
Data_24650_A,Data_24650_B
Data_24651_A,Data_24651_B
Data_24652_A,Data_24652_B
Data_24653_A,Data_24653_B
Data_24654_A,Data_24654_B
Data_24655_A,Data_24655_B
Data_24656_A,Data_24656_B
Data_24657_A,Data_24657_B
Data_24658_A,Data_24658_B
Data_24659_A,Data_24659_B
Data_24660_A,Data_24660_B
Data_24661_A,Data_24661_B
Data_24662_A,Data_24662_B
Data_24663_A,Data_24663_B
Data_24664_A,Data_24664_B
Data_24665_A,Data_24665_B
Data_24666_A,Data_24666_B
Data_24667_A,Data_24667_B
Data_24668_A,Data_24668_B
Data_24669_A,Data_24669_B
Data_24670_A,Data_24670_B
Data_24671_A,Data_24671_B
Data_24672_A,Data_24672_B
Data_24673_A,Data_24673_B
Data_24674_A,Data_24674_B
Data_24675_A,Data_24675_B
Data_24676_A,Data_24676_B
Data_24677_A,Data_24677_B
Data_24678_A,Data_24678_B
Data_24679_A,Data_24679_B
Data_24680_A,Data_24680_B
Data_24681_A,Data_24681_B
Data_24682_A,Data_24682_B
Data_24683_A,Data_24683_B
Data_24684_A,Data_24684_B
Data_24685_A,Data_24685_B
Data_24686_A,Data_24686_B
Data_24687_A,Data_24687_B
Data_24688_A,Data_24688_B
Data_24689_A,Data_24689_B
Data_24690_A,Data_24690_B
Data_24691_A,Data_24691_B
Data_24692_A,Data_24692_B
Data_24693_A,Data_24693_B
Data_24694_A,Data_24694_B
Data_24695_A,Data_24695_B
Data_24696_A,Data_24696_B
Data_24697_A,Data_24697_B
Data_24698_A,Data_24698_B
Data_24699_A,Data_24699_B
Data_24700_A,Data_24700_B
Data_24701_A,Data_24701_B
Data_24702_A,Data_24702_B
Data_24703_A,Data_24703_B
Data_24704_A,Data_24704_B
Data_24705_A,Data_24705_B
Data_24706_A,Data_24706_B
Data_24707_A,Data_24707_B
Data_24708_A,Data_24708_B
Data_24709_A,Data_24709_B
Data_24710_A,Data_24710_B
Data_24711_A,Data_24711_B
Data_24712_A,Data_24712_B
Data_24713_A,Data_24713_B
Data_24714_A,Data_24714_B
Data_24715_A,Data_24715_B
Data_24716_A,Data_24716_B
Data_24717_A,Data_24717_B
Data_24718_A,Data_24718_B
Data_24719_A,Data_24719_B
Data_24720_A,Data_24720_B
Data_24721_A,Data_24721_B
Data_24722_A,Data_24722_B
Data_24723_A,Data_24723_B
Data_24724_A,Data_24724_B
Data_24725_A,Data_24725_B
Data_24726_A,Data_24726_B
Data_24727_A,Data_24727_B
Data_24728_A,Data_24728_B
Data_24729_A,Data_24729_B
Data_24730_A,Data_24730_B
Data_24731_A,Data_24731_B
Data_24732_A,Data_24732_B
Data_24733_A,Data_24733_B
Data_24734_A,Data_24734_B
Data_24735_A,Data_24735_B
Data_24736_A,Data_24736_B
Data_24737_A,Data_24737_B
Data_24738_A,Data_24738_B
Data_24739_A,Data_24739_B
Data_24740_A,Data_24740_B
Data_24741_A,Data_24741_B
Data_24742_A,Data_24742_B
Data_24743_A,Data_24743_B
Data_24744_A,Data_24744_B
Data_24745_A,Data_24745_B
Data_24746_A,Data_24746_B
Data_24747_A,Data_24747_B
Data_24748_A,Data_24748_B
Data_24749_A,Data_24749_B
Data_24750_A,Data_24750_B
Data_24751_A,Data_24751_B
Data_24752_A,Data_24752_B
Data_24753_A,Data_24753_B
Data_24754_A,Data_24754_B
Data_24755_A,Data_24755_B
Data_24756_A,Data_24756_B
Data_24757_A,Data_24757_B
Data_24758_A,Data_24758_B
Data_24759_A,Data_24759_B
Data_24760_A,Data_24760_B
Data_24761_A,Data_24761_B
Data_24762_A,Data_24762_B
Data_24763_A,Data_24763_B
Data_24764_A,Data_24764_B
Data_24765_A,Data_24765_B
Data_24766_A,Data_24766_B
Data_24767_A,Data_24767_B
Data_24768_A,Data_24768_B
Data_24769_A,Data_24769_B
Data_24770_A,Data_24770_B
Data_24771_A,Data_24771_B
Data_24772_A,Data_24772_B
Data_24773_A,Data_24773_B
Data_24774_A,Data_24774_B
Data_24775_A,Data_24775_B
Data_24776_A,Data_24776_B
Data_24777_A,Data_24777_B
Data_24778_A,Data_24778_B
Data_24779_A,Data_24779_B
Data_24780_A,Data_24780_B
Data_24781_A,Data_24781_B
Data_24782_A,Data_24782_B
Data_24783_A,Data_24783_B
Data_24784_A,Data_24784_B
Data_24785_A,Data_24785_B
Data_24786_A,Data_24786_B
Data_24787_A,Data_24787_B
Data_24788_A,Data_24788_B
Data_24789_A,Data_24789_B
Data_24790_A,Data_24790_B
Data_24791_A,Data_24791_B
Data_24792_A,Data_24792_B
Data_24793_A,Data_24793_B
Data_24794_A,Data_24794_B
Data_24795_A,Data_24795_B
Data_24796_A,Data_24796_B
Data_24797_A,Data_24797_B
Data_24798_A,Data_24798_B
Data_24799_A,Data_24799_B
Data_24800_A,Data_24800_B
Data_24801_A,Data_24801_B
Data_24802_A,Data_24802_B
Data_24803_A,Data_24803_B
Data_24804_A,Data_24804_B
Data_24805_A,Data_24805_B
Data_24806_A,Data_24806_B
Data_24807_A,Data_24807_B
Data_24808_A,Data_24808_B
Data_24809_A,Data_24809_B
Data_24810_A,Data_24810_B
Data_24811_A,Data_24811_B
Data_24812_A,Data_24812_B
Data_24813_A,Data_24813_B
Data_24814_A,Data_24814_B
Data_24815_A,Data_24815_B
Data_24816_A,Data_24816_B
Data_24817_A,Data_24817_B
Data_24818_A,Data_24818_B
Data_24819_A,Data_24819_B
Data_24820_A,Data_24820_B
Data_24821_A,Data_24821_B
Data_24822_A,Data_24822_B
Data_24823_A,Data_24823_B
Data_24824_A,Data_24824_B
Data_24825_A,Data_24825_B
Data_24826_A,Data_24826_B
Data_24827_A,Data_24827_B
Data_24828_A,Data_24828_B
Data_24829_A,Data_24829_B
Data_24830_A,Data_24830_B
Data_24831_A,Data_24831_B
Data_24832_A,Data_24832_B
Data_24833_A,Data_24833_B
Data_24834_A,Data_24834_B
Data_24835_A,Data_24835_B
Data_24836_A,Data_24836_B
Data_24837_A,Data_24837_B
Data_24838_A,Data_24838_B
Data_24839_A,Data_24839_B
Data_24840_A,Data_24840_B
Data_24841_A,Data_24841_B
Data_24842_A,Data_24842_B
Data_24843_A,Data_24843_B
Data_24844_A,Data_24844_B
Data_24845_A,Data_24845_B
Data_24846_A,Data_24846_B
Data_24847_A,Data_24847_B
Data_24848_A,Data_24848_B
Data_24849_A,Data_24849_B
Data_24850_A,Data_24850_B
Data_24851_A,Data_24851_B
Data_24852_A,Data_24852_B
Data_24853_A,Data_24853_B
Data_24854_A,Data_24854_B
Data_24855_A,Data_24855_B
Data_24856_A,Data_24856_B
Data_24857_A,Data_24857_B
Data_24858_A,Data_24858_B
Data_24859_A,Data_24859_B
Data_24860_A,Data_24860_B
Data_24861_A,Data_24861_B
Data_24862_A,Data_24862_B
Data_24863_A,Data_24863_B
Data_24864_A,Data_24864_B
Data_24865_A,Data_24865_B
Data_24866_A,Data_24866_B
Data_24867_A,Data_24867_B
Data_24868_A,Data_24868_B
Data_24869_A,Data_24869_B
Data_24870_A,Data_24870_B
Data_24871_A,Data_24871_B
Data_24872_A,Data_24872_B
Data_24873_A,Data_24873_B
Data_24874_A,Data_24874_B
Data_24875_A,Data_24875_B
Data_24876_A,Data_24876_B
Data_24877_A,Data_24877_B
Data_24878_A,Data_24878_B
Data_24879_A,Data_24879_B
Data_24880_A,Data_24880_B
Data_24881_A,Data_24881_B
Data_24882_A,Data_24882_B
Data_24883_A,Data_24883_B
Data_24884_A,Data_24884_B
Data_24885_A,Data_24885_B
Data_24886_A,Data_24886_B
Data_24887_A,Data_24887_B
Data_24888_A,Data_24888_B
Data_24889_A,Data_24889_B
Data_24890_A,Data_24890_B
Data_24891_A,Data_24891_B
Data_24892_A,Data_24892_B
Data_24893_A,Data_24893_B
Data_24894_A,Data_24894_B
Data_24895_A,Data_24895_B
Data_24896_A,Data_24896_B
Data_24897_A,Data_24897_B
Data_24898_A,Data_24898_B
Data_24899_A,Data_24899_B
Data_24900_A,Data_24900_B
Data_24901_A,Data_24901_B
Data_24902_A,Data_24902_B
Data_24903_A,Data_24903_B
Data_24904_A,Data_24904_B
Data_24905_A,Data_24905_B
Data_24906_A,Data_24906_B
Data_24907_A,Data_24907_B
Data_24908_A,Data_24908_B
Data_24909_A,Data_24909_B
Data_24910_A,Data_24910_B
Data_24911_A,Data_24911_B
Data_24912_A,Data_24912_B
Data_24913_A,Data_24913_B
Data_24914_A,Data_24914_B
Data_24915_A,Data_24915_B
Data_24916_A,Data_24916_B
Data_24917_A,Data_24917_B
Data_24918_A,Data_24918_B
Data_24919_A,Data_24919_B
Data_24920_A,Data_24920_B
Data_24921_A,Data_24921_B
Data_24922_A,Data_24922_B
Data_24923_A,Data_24923_B
Data_24924_A,Data_24924_B
Data_24925_A,Data_24925_B
Data_24926_A,Data_24926_B
Data_24927_A,Data_24927_B
Data_24928_A,Data_24928_B
Data_24929_A,Data_24929_B
Data_24930_A,Data_24930_B
Data_24931_A,Data_24931_B
Data_24932_A,Data_24932_B
Data_24933_A,Data_24933_B
Data_24934_A,Data_24934_B
Data_24935_A,Data_24935_B
Data_24936_A,Data_24936_B
Data_24937_A,Data_24937_B
Data_24938_A,Data_24938_B
Data_24939_A,Data_24939_B
Data_24940_A,Data_24940_B
Data_24941_A,Data_24941_B
Data_24942_A,Data_24942_B
Data_24943_A,Data_24943_B
Data_24944_A,Data_24944_B
Data_24945_A,Data_24945_B
Data_24946_A,Data_24946_B
Data_24947_A,Data_24947_B
Data_24948_A,Data_24948_B
Data_24949_A,Data_24949_B
Data_24950_A,Data_24950_B
Data_24951_A,Data_24951_B
Data_24952_A,Data_24952_B
Data_24953_A,Data_24953_B
Data_24954_A,Data_24954_B
Data_24955_A,Data_24955_B
Data_24956_A,Data_24956_B
Data_24957_A,Data_24957_B
Data_24958_A,Data_24958_B
Data_24959_A,Data_24959_B
Data_24960_A,Data_24960_B
Data_24961_A,Data_24961_B
Data_24962_A,Data_24962_B
Data_24963_A,Data_24963_B
Data_24964_A,Data_24964_B
Data_24965_A,Data_24965_B
Data_24966_A,Data_24966_B
Data_24967_A,Data_24967_B
Data_24968_A,Data_24968_B
Data_24969_A,Data_24969_B
Data_24970_A,Data_24970_B
Data_24971_A,Data_24971_B
Data_24972_A,Data_24972_B
Data_24973_A,Data_24973_B
Data_24974_A,Data_24974_B
Data_24975_A,Data_24975_B
Data_24976_A,Data_24976_B
Data_24977_A,Data_24977_B
Data_24978_A,Data_24978_B
Data_24979_A,Data_24979_B
Data_24980_A,Data_24980_B
Data_24981_A,Data_24981_B
Data_24982_A,Data_24982_B
Data_24983_A,Data_24983_B
Data_24984_A,Data_24984_B
Data_24985_A,Data_24985_B
Data_24986_A,Data_24986_B
Data_24987_A,Data_24987_B
Data_24988_A,Data_24988_B
Data_24989_A,Data_24989_B
Data_24990_A,Data_24990_B
Data_24991_A,Data_24991_B
Data_24992_A,Data_24992_B
Data_24993_A,Data_24993_B
Data_24994_A,Data_24994_B
Data_24995_A,Data_24995_B
Data_24996_A,Data_24996_B
Data_24997_A,Data_24997_B
Data_24998_A,Data_24998_B
Data_24999_A,Data_24999_B
Data_25000_A,Data_25000_B
Data_25001_A,Data_25001_B
Data_25002_A,Data_25002_B
Data_25003_A,Data_25003_B
Data_25004_A,Data_25004_B
Data_25005_A,Data_25005_B
Data_25006_A,Data_25006_B
Data_25007_A,Data_25007_B
Data_25008_A,Data_25008_B
Data_25009_A,Data_25009_B
Data_25010_A,Data_25010_B
Data_25011_A,Data_25011_B
Data_25012_A,Data_25012_B
Data_25013_A,Data_25013_B
Data_25014_A,Data_25014_B
Data_25015_A,Data_25015_B
Data_25016_A,Data_25016_B
Data_25017_A,Data_25017_B
Data_25018_A,Data_25018_B
Data_25019_A,Data_25019_B
Data_25020_A,Data_25020_B
Data_25021_A,Data_25021_B
Data_25022_A,Data_25022_B
Data_25023_A,Data_25023_B
Data_25024_A,Data_25024_B
Data_25025_A,Data_25025_B
Data_25026_A,Data_25026_B
Data_25027_A,Data_25027_B
Data_25028_A,Data_25028_B
Data_25029_A,Data_25029_B
Data_25030_A,Data_25030_B
Data_25031_A,Data_25031_B
Data_25032_A,Data_25032_B
Data_25033_A,Data_25033_B
Data_25034_A,Data_25034_B
Data_25035_A,Data_25035_B
Data_25036_A,Data_25036_B
Data_25037_A,Data_25037_B
Data_25038_A,Data_25038_B
Data_25039_A,Data_25039_B
Data_25040_A,Data_25040_B
Data_25041_A,Data_25041_B
Data_25042_A,Data_25042_B
Data_25043_A,Data_25043_B
Data_25044_A,Data_25044_B
Data_25045_A,Data_25045_B
Data_25046_A,Data_25046_B
Data_25047_A,Data_25047_B
Data_25048_A,Data_25048_B
Data_25049_A,Data_25049_B
Data_25050_A,Data_25050_B
Data_25051_A,Data_25051_B
Data_25052_A,Data_25052_B
Data_25053_A,Data_25053_B
Data_25054_A,Data_25054_B
Data_25055_A,Data_25055_B
Data_25056_A,Data_25056_B
Data_25057_A,Data_25057_B
Data_25058_A,Data_25058_B
Data_25059_A,Data_25059_B
Data_25060_A,Data_25060_B
Data_25061_A,Data_25061_B
Data_25062_A,Data_25062_B
Data_25063_A,Data_25063_B
Data_25064_A,Data_25064_B
Data_25065_A,Data_25065_B
Data_25066_A,Data_25066_B
Data_25067_A,Data_25067_B
Data_25068_A,Data_25068_B
Data_25069_A,Data_25069_B
Data_25070_A,Data_25070_B
Data_25071_A,Data_25071_B
Data_25072_A,Data_25072_B
Data_25073_A,Data_25073_B
Data_25074_A,Data_25074_B
Data_25075_A,Data_25075_B
Data_25076_A,Data_25076_B
Data_25077_A,Data_25077_B
Data_25078_A,Data_25078_B
Data_25079_A,Data_25079_B
Data_25080_A,Data_25080_B
Data_25081_A,Data_25081_B
Data_25082_A,Data_25082_B
Data_25083_A,Data_25083_B
Data_25084_A,Data_25084_B
Data_25085_A,Data_25085_B
Data_25086_A,Data_25086_B
Data_25087_A,Data_25087_B
Data_25088_A,Data_25088_B
Data_25089_A,Data_25089_B
Data_25090_A,Data_25090_B
Data_25091_A,Data_25091_B
Data_25092_A,Data_25092_B
Data_25093_A,Data_25093_B
Data_25094_A,Data_25094_B
Data_25095_A,Data_25095_B
Data_25096_A,Data_25096_B
Data_25097_A,Data_25097_B
Data_25098_A,Data_25098_B
Data_25099_A,Data_25099_B
Data_25100_A,Data_25100_B
Data_25101_A,Data_25101_B
Data_25102_A,Data_25102_B
Data_25103_A,Data_25103_B
Data_25104_A,Data_25104_B
Data_25105_A,Data_25105_B
Data_25106_A,Data_25106_B
Data_25107_A,Data_25107_B
Data_25108_A,Data_25108_B
Data_25109_A,Data_25109_B
Data_25110_A,Data_25110_B
Data_25111_A,Data_25111_B
Data_25112_A,Data_25112_B
Data_25113_A,Data_25113_B
Data_25114_A,Data_25114_B
Data_25115_A,Data_25115_B
Data_25116_A,Data_25116_B
Data_25117_A,Data_25117_B
Data_25118_A,Data_25118_B
Data_25119_A,Data_25119_B
Data_25120_A,Data_25120_B
Data_25121_A,Data_25121_B
Data_25122_A,Data_25122_B
Data_25123_A,Data_25123_B
Data_25124_A,Data_25124_B
Data_25125_A,Data_25125_B
Data_25126_A,Data_25126_B
Data_25127_A,Data_25127_B
Data_25128_A,Data_25128_B
Data_25129_A,Data_25129_B
Data_25130_A,Data_25130_B
Data_25131_A,Data_25131_B
Data_25132_A,Data_25132_B
Data_25133_A,Data_25133_B
Data_25134_A,Data_25134_B
Data_25135_A,Data_25135_B
Data_25136_A,Data_25136_B
Data_25137_A,Data_25137_B
Data_25138_A,Data_25138_B
Data_25139_A,Data_25139_B
Data_25140_A,Data_25140_B
Data_25141_A,Data_25141_B
Data_25142_A,Data_25142_B
Data_25143_A,Data_25143_B
Data_25144_A,Data_25144_B
Data_25145_A,Data_25145_B
Data_25146_A,Data_25146_B
Data_25147_A,Data_25147_B
Data_25148_A,Data_25148_B
Data_25149_A,Data_25149_B
Data_25150_A,Data_25150_B
Data_25151_A,Data_25151_B
Data_25152_A,Data_25152_B
Data_25153_A,Data_25153_B
Data_25154_A,Data_25154_B
Data_25155_A,Data_25155_B
Data_25156_A,Data_25156_B
Data_25157_A,Data_25157_B
Data_25158_A,Data_25158_B
Data_25159_A,Data_25159_B
Data_25160_A,Data_25160_B
Data_25161_A,Data_25161_B
Data_25162_A,Data_25162_B
Data_25163_A,Data_25163_B
Data_25164_A,Data_25164_B
Data_25165_A,Data_25165_B
Data_25166_A,Data_25166_B
Data_25167_A,Data_25167_B
Data_25168_A,Data_25168_B
Data_25169_A,Data_25169_B
Data_25170_A,Data_25170_B
Data_25171_A,Data_25171_B
Data_25172_A,Data_25172_B
Data_25173_A,Data_25173_B
Data_25174_A,Data_25174_B
Data_25175_A,Data_25175_B
Data_25176_A,Data_25176_B
Data_25177_A,Data_25177_B
Data_25178_A,Data_25178_B
Data_25179_A,Data_25179_B
Data_25180_A,Data_25180_B
Data_25181_A,Data_25181_B
Data_25182_A,Data_25182_B
Data_25183_A,Data_25183_B
Data_25184_A,Data_25184_B
Data_25185_A,Data_25185_B
Data_25186_A,Data_25186_B
Data_25187_A,Data_25187_B
Data_25188_A,Data_25188_B
Data_25189_A,Data_25189_B
Data_25190_A,Data_25190_B
Data_25191_A,Data_25191_B
Data_25192_A,Data_25192_B
Data_25193_A,Data_25193_B
Data_25194_A,Data_25194_B
Data_25195_A,Data_25195_B
Data_25196_A,Data_25196_B
Data_25197_A,Data_25197_B
Data_25198_A,Data_25198_B
Data_25199_A,Data_25199_B
Data_25200_A,Data_25200_B
Data_25201_A,Data_25201_B
Data_25202_A,Data_25202_B
Data_25203_A,Data_25203_B
Data_25204_A,Data_25204_B
Data_25205_A,Data_25205_B
Data_25206_A,Data_25206_B
Data_25207_A,Data_25207_B
Data_25208_A,Data_25208_B
Data_25209_A,Data_25209_B
Data_25210_A,Data_25210_B
Data_25211_A,Data_25211_B
Data_25212_A,Data_25212_B
Data_25213_A,Data_25213_B
Data_25214_A,Data_25214_B
Data_25215_A,Data_25215_B
Data_25216_A,Data_25216_B
Data_25217_A,Data_25217_B
Data_25218_A,Data_25218_B
Data_25219_A,Data_25219_B
Data_25220_A,Data_25220_B
Data_25221_A,Data_25221_B
Data_25222_A,Data_25222_B
Data_25223_A,Data_25223_B
Data_25224_A,Data_25224_B
Data_25225_A,Data_25225_B
Data_25226_A,Data_25226_B
Data_25227_A,Data_25227_B
Data_25228_A,Data_25228_B
Data_25229_A,Data_25229_B
Data_25230_A,Data_25230_B
Data_25231_A,Data_25231_B
Data_25232_A,Data_25232_B
Data_25233_A,Data_25233_B
Data_25234_A,Data_25234_B
Data_25235_A,Data_25235_B
Data_25236_A,Data_25236_B
Data_25237_A,Data_25237_B
Data_25238_A,Data_25238_B
Data_25239_A,Data_25239_B
Data_25240_A,Data_25240_B
Data_25241_A,Data_25241_B
Data_25242_A,Data_25242_B
Data_25243_A,Data_25243_B
Data_25244_A,Data_25244_B
Data_25245_A,Data_25245_B
Data_25246_A,Data_25246_B
Data_25247_A,Data_25247_B
Data_25248_A,Data_25248_B
Data_25249_A,Data_25249_B
Data_25250_A,Data_25250_B
Data_25251_A,Data_25251_B
Data_25252_A,Data_25252_B
Data_25253_A,Data_25253_B
Data_25254_A,Data_25254_B
Data_25255_A,Data_25255_B
Data_25256_A,Data_25256_B
Data_25257_A,Data_25257_B
Data_25258_A,Data_25258_B
Data_25259_A,Data_25259_B
Data_25260_A,Data_25260_B
Data_25261_A,Data_25261_B
Data_25262_A,Data_25262_B
Data_25263_A,Data_25263_B
Data_25264_A,Data_25264_B
Data_25265_A,Data_25265_B
Data_25266_A,Data_25266_B
Data_25267_A,Data_25267_B
Data_25268_A,Data_25268_B
Data_25269_A,Data_25269_B
Data_25270_A,Data_25270_B
Data_25271_A,Data_25271_B
Data_25272_A,Data_25272_B
Data_25273_A,Data_25273_B
Data_25274_A,Data_25274_B
Data_25275_A,Data_25275_B
Data_25276_A,Data_25276_B
Data_25277_A,Data_25277_B
Data_25278_A,Data_25278_B
Data_25279_A,Data_25279_B
Data_25280_A,Data_25280_B
Data_25281_A,Data_25281_B
Data_25282_A,Data_25282_B
Data_25283_A,Data_25283_B
Data_25284_A,Data_25284_B
Data_25285_A,Data_25285_B
Data_25286_A,Data_25286_B
Data_25287_A,Data_25287_B
Data_25288_A,Data_25288_B
Data_25289_A,Data_25289_B
Data_25290_A,Data_25290_B
Data_25291_A,Data_25291_B
Data_25292_A,Data_25292_B
Data_25293_A,Data_25293_B
Data_25294_A,Data_25294_B
Data_25295_A,Data_25295_B
Data_25296_A,Data_25296_B
Data_25297_A,Data_25297_B
Data_25298_A,Data_25298_B
Data_25299_A,Data_25299_B
Data_25300_A,Data_25300_B
Data_25301_A,Data_25301_B
Data_25302_A,Data_25302_B
Data_25303_A,Data_25303_B
Data_25304_A,Data_25304_B
Data_25305_A,Data_25305_B
Data_25306_A,Data_25306_B
Data_25307_A,Data_25307_B
Data_25308_A,Data_25308_B
Data_25309_A,Data_25309_B
Data_25310_A,Data_25310_B
Data_25311_A,Data_25311_B
Data_25312_A,Data_25312_B
Data_25313_A,Data_25313_B
Data_25314_A,Data_25314_B
Data_25315_A,Data_25315_B
Data_25316_A,Data_25316_B
Data_25317_A,Data_25317_B
Data_25318_A,Data_25318_B
Data_25319_A,Data_25319_B
Data_25320_A,Data_25320_B
Data_25321_A,Data_25321_B
Data_25322_A,Data_25322_B
Data_25323_A,Data_25323_B
Data_25324_A,Data_25324_B
Data_25325_A,Data_25325_B
Data_25326_A,Data_25326_B
Data_25327_A,Data_25327_B
Data_25328_A,Data_25328_B
Data_25329_A,Data_25329_B
Data_25330_A,Data_25330_B
Data_25331_A,Data_25331_B
Data_25332_A,Data_25332_B
Data_25333_A,Data_25333_B
Data_25334_A,Data_25334_B
Data_25335_A,Data_25335_B
Data_25336_A,Data_25336_B
Data_25337_A,Data_25337_B
Data_25338_A,Data_25338_B
Data_25339_A,Data_25339_B
Data_25340_A,Data_25340_B
Data_25341_A,Data_25341_B
Data_25342_A,Data_25342_B
Data_25343_A,Data_25343_B
Data_25344_A,Data_25344_B
Data_25345_A,Data_25345_B
Data_25346_A,Data_25346_B
Data_25347_A,Data_25347_B
Data_25348_A,Data_25348_B
Data_25349_A,Data_25349_B
Data_25350_A,Data_25350_B
Data_25351_A,Data_25351_B
Data_25352_A,Data_25352_B
Data_25353_A,Data_25353_B
Data_25354_A,Data_25354_B
Data_25355_A,Data_25355_B
Data_25356_A,Data_25356_B
Data_25357_A,Data_25357_B
Data_25358_A,Data_25358_B
Data_25359_A,Data_25359_B
Data_25360_A,Data_25360_B
Data_25361_A,Data_25361_B
Data_25362_A,Data_25362_B
Data_25363_A,Data_25363_B
Data_25364_A,Data_25364_B
Data_25365_A,Data_25365_B
Data_25366_A,Data_25366_B
Data_25367_A,Data_25367_B
Data_25368_A,Data_25368_B
Data_25369_A,Data_25369_B
Data_25370_A,Data_25370_B
Data_25371_A,Data_25371_B
Data_25372_A,Data_25372_B
Data_25373_A,Data_25373_B
Data_25374_A,Data_25374_B
Data_25375_A,Data_25375_B
Data_25376_A,Data_25376_B
Data_25377_A,Data_25377_B
Data_25378_A,Data_25378_B
Data_25379_A,Data_25379_B
Data_25380_A,Data_25380_B
Data_25381_A,Data_25381_B
Data_25382_A,Data_25382_B
Data_25383_A,Data_25383_B
Data_25384_A,Data_25384_B
Data_25385_A,Data_25385_B
Data_25386_A,Data_25386_B
Data_25387_A,Data_25387_B
Data_25388_A,Data_25388_B
Data_25389_A,Data_25389_B
Data_25390_A,Data_25390_B
Data_25391_A,Data_25391_B
Data_25392_A,Data_25392_B
Data_25393_A,Data_25393_B
Data_25394_A,Data_25394_B
Data_25395_A,Data_25395_B
Data_25396_A,Data_25396_B
Data_25397_A,Data_25397_B
Data_25398_A,Data_25398_B
Data_25399_A,Data_25399_B
Data_25400_A,Data_25400_B
Data_25401_A,Data_25401_B
Data_25402_A,Data_25402_B
Data_25403_A,Data_25403_B
Data_25404_A,Data_25404_B
Data_25405_A,Data_25405_B
Data_25406_A,Data_25406_B
Data_25407_A,Data_25407_B
Data_25408_A,Data_25408_B
Data_25409_A,Data_25409_B
Data_25410_A,Data_25410_B
Data_25411_A,Data_25411_B
Data_25412_A,Data_25412_B
Data_25413_A,Data_25413_B
Data_25414_A,Data_25414_B
Data_25415_A,Data_25415_B
Data_25416_A,Data_25416_B
Data_25417_A,Data_25417_B
Data_25418_A,Data_25418_B
Data_25419_A,Data_25419_B
Data_25420_A,Data_25420_B
Data_25421_A,Data_25421_B
Data_25422_A,Data_25422_B
Data_25423_A,Data_25423_B
Data_25424_A,Data_25424_B
Data_25425_A,Data_25425_B
Data_25426_A,Data_25426_B
Data_25427_A,Data_25427_B
Data_25428_A,Data_25428_B
Data_25429_A,Data_25429_B
Data_25430_A,Data_25430_B
Data_25431_A,Data_25431_B
Data_25432_A,Data_25432_B
Data_25433_A,Data_25433_B
Data_25434_A,Data_25434_B
Data_25435_A,Data_25435_B
Data_25436_A,Data_25436_B
Data_25437_A,Data_25437_B
Data_25438_A,Data_25438_B
Data_25439_A,Data_25439_B
Data_25440_A,Data_25440_B
Data_25441_A,Data_25441_B
Data_25442_A,Data_25442_B
Data_25443_A,Data_25443_B
Data_25444_A,Data_25444_B
Data_25445_A,Data_25445_B
Data_25446_A,Data_25446_B
Data_25447_A,Data_25447_B
Data_25448_A,Data_25448_B
Data_25449_A,Data_25449_B
Data_25450_A,Data_25450_B
Data_25451_A,Data_25451_B
Data_25452_A,Data_25452_B
Data_25453_A,Data_25453_B
Data_25454_A,Data_25454_B
Data_25455_A,Data_25455_B
Data_25456_A,Data_25456_B
Data_25457_A,Data_25457_B
Data_25458_A,Data_25458_B
Data_25459_A,Data_25459_B
Data_25460_A,Data_25460_B
Data_25461_A,Data_25461_B
Data_25462_A,Data_25462_B
Data_25463_A,Data_25463_B
Data_25464_A,Data_25464_B
Data_25465_A,Data_25465_B
Data_25466_A,Data_25466_B
Data_25467_A,Data_25467_B
Data_25468_A,Data_25468_B
Data_25469_A,Data_25469_B
Data_25470_A,Data_25470_B
Data_25471_A,Data_25471_B
Data_25472_A,Data_25472_B
Data_25473_A,Data_25473_B
Data_25474_A,Data_25474_B
Data_25475_A,Data_25475_B
Data_25476_A,Data_25476_B
Data_25477_A,Data_25477_B
Data_25478_A,Data_25478_B
Data_25479_A,Data_25479_B
Data_25480_A,Data_25480_B
Data_25481_A,Data_25481_B
Data_25482_A,Data_25482_B
Data_25483_A,Data_25483_B
Data_25484_A,Data_25484_B
Data_25485_A,Data_25485_B
Data_25486_A,Data_25486_B
Data_25487_A,Data_25487_B
Data_25488_A,Data_25488_B
Data_25489_A,Data_25489_B
Data_25490_A,Data_25490_B
Data_25491_A,Data_25491_B
Data_25492_A,Data_25492_B
Data_25493_A,Data_25493_B
Data_25494_A,Data_25494_B
Data_25495_A,Data_25495_B
Data_25496_A,Data_25496_B
Data_25497_A,Data_25497_B
Data_25498_A,Data_25498_B
Data_25499_A,Data_25499_B
Data_25500_A,Data_25500_B
Data_25501_A,Data_25501_B
Data_25502_A,Data_25502_B
Data_25503_A,Data_25503_B
Data_25504_A,Data_25504_B
Data_25505_A,Data_25505_B
Data_25506_A,Data_25506_B
Data_25507_A,Data_25507_B
Data_25508_A,Data_25508_B
Data_25509_A,Data_25509_B
Data_25510_A,Data_25510_B
Data_25511_A,Data_25511_B
Data_25512_A,Data_25512_B
Data_25513_A,Data_25513_B
Data_25514_A,Data_25514_B
Data_25515_A,Data_25515_B
Data_25516_A,Data_25516_B
Data_25517_A,Data_25517_B
Data_25518_A,Data_25518_B
Data_25519_A,Data_25519_B
Data_25520_A,Data_25520_B
Data_25521_A,Data_25521_B
Data_25522_A,Data_25522_B
Data_25523_A,Data_25523_B
Data_25524_A,Data_25524_B
Data_25525_A,Data_25525_B
Data_25526_A,Data_25526_B
Data_25527_A,Data_25527_B
Data_25528_A,Data_25528_B
Data_25529_A,Data_25529_B
Data_25530_A,Data_25530_B
Data_25531_A,Data_25531_B
Data_25532_A,Data_25532_B
Data_25533_A,Data_25533_B
Data_25534_A,Data_25534_B
Data_25535_A,Data_25535_B
Data_25536_A,Data_25536_B
Data_25537_A,Data_25537_B
Data_25538_A,Data_25538_B
Data_25539_A,Data_25539_B
Data_25540_A,Data_25540_B
Data_25541_A,Data_25541_B
Data_25542_A,Data_25542_B
Data_25543_A,Data_25543_B
Data_25544_A,Data_25544_B
Data_25545_A,Data_25545_B
Data_25546_A,Data_25546_B
Data_25547_A,Data_25547_B
Data_25548_A,Data_25548_B
Data_25549_A,Data_25549_B
Data_25550_A,Data_25550_B
Data_25551_A,Data_25551_B
Data_25552_A,Data_25552_B
Data_25553_A,Data_25553_B
Data_25554_A,Data_25554_B
Data_25555_A,Data_25555_B
Data_25556_A,Data_25556_B
Data_25557_A,Data_25557_B
Data_25558_A,Data_25558_B
Data_25559_A,Data_25559_B
Data_25560_A,Data_25560_B
Data_25561_A,Data_25561_B
Data_25562_A,Data_25562_B
Data_25563_A,Data_25563_B
Data_25564_A,Data_25564_B
Data_25565_A,Data_25565_B
Data_25566_A,Data_25566_B
Data_25567_A,Data_25567_B
Data_25568_A,Data_25568_B
Data_25569_A,Data_25569_B
Data_25570_A,Data_25570_B
Data_25571_A,Data_25571_B
Data_25572_A,Data_25572_B
Data_25573_A,Data_25573_B
Data_25574_A,Data_25574_B
Data_25575_A,Data_25575_B
Data_25576_A,Data_25576_B
Data_25577_A,Data_25577_B
Data_25578_A,Data_25578_B
Data_25579_A,Data_25579_B
Data_25580_A,Data_25580_B
Data_25581_A,Data_25581_B
Data_25582_A,Data_25582_B
Data_25583_A,Data_25583_B
Data_25584_A,Data_25584_B
Data_25585_A,Data_25585_B
Data_25586_A,Data_25586_B
Data_25587_A,Data_25587_B
Data_25588_A,Data_25588_B
Data_25589_A,Data_25589_B
Data_25590_A,Data_25590_B
Data_25591_A,Data_25591_B
Data_25592_A,Data_25592_B
Data_25593_A,Data_25593_B
Data_25594_A,Data_25594_B
Data_25595_A,Data_25595_B
Data_25596_A,Data_25596_B
Data_25597_A,Data_25597_B
Data_25598_A,Data_25598_B
Data_25599_A,Data_25599_B
Data_25600_A,Data_25600_B
Data_25601_A,Data_25601_B
Data_25602_A,Data_25602_B
Data_25603_A,Data_25603_B
Data_25604_A,Data_25604_B
Data_25605_A,Data_25605_B
Data_25606_A,Data_25606_B
Data_25607_A,Data_25607_B
Data_25608_A,Data_25608_B
Data_25609_A,Data_25609_B
Data_25610_A,Data_25610_B
Data_25611_A,Data_25611_B
Data_25612_A,Data_25612_B
Data_25613_A,Data_25613_B
Data_25614_A,Data_25614_B
Data_25615_A,Data_25615_B
Data_25616_A,Data_25616_B
Data_25617_A,Data_25617_B
Data_25618_A,Data_25618_B
Data_25619_A,Data_25619_B
Data_25620_A,Data_25620_B
Data_25621_A,Data_25621_B
Data_25622_A,Data_25622_B
Data_25623_A,Data_25623_B
Data_25624_A,Data_25624_B
Data_25625_A,Data_25625_B
Data_25626_A,Data_25626_B
Data_25627_A,Data_25627_B
Data_25628_A,Data_25628_B
Data_25629_A,Data_25629_B
Data_25630_A,Data_25630_B
Data_25631_A,Data_25631_B
Data_25632_A,Data_25632_B
Data_25633_A,Data_25633_B
Data_25634_A,Data_25634_B
Data_25635_A,Data_25635_B
Data_25636_A,Data_25636_B
Data_25637_A,Data_25637_B
Data_25638_A,Data_25638_B
Data_25639_A,Data_25639_B
Data_25640_A,Data_25640_B
Data_25641_A,Data_25641_B
Data_25642_A,Data_25642_B
Data_25643_A,Data_25643_B
Data_25644_A,Data_25644_B
Data_25645_A,Data_25645_B
Data_25646_A,Data_25646_B
Data_25647_A,Data_25647_B
Data_25648_A,Data_25648_B
Data_25649_A,Data_25649_B
Data_25650_A,Data_25650_B
Data_25651_A,Data_25651_B
Data_25652_A,Data_25652_B
Data_25653_A,Data_25653_B
Data_25654_A,Data_25654_B
Data_25655_A,Data_25655_B
Data_25656_A,Data_25656_B
Data_25657_A,Data_25657_B
Data_25658_A,Data_25658_B
Data_25659_A,Data_25659_B
Data_25660_A,Data_25660_B
Data_25661_A,Data_25661_B
Data_25662_A,Data_25662_B
Data_25663_A,Data_25663_B
Data_25664_A,Data_25664_B
Data_25665_A,Data_25665_B
Data_25666_A,Data_25666_B
Data_25667_A,Data_25667_B
Data_25668_A,Data_25668_B
Data_25669_A,Data_25669_B
Data_25670_A,Data_25670_B
Data_25671_A,Data_25671_B
Data_25672_A,Data_25672_B
Data_25673_A,Data_25673_B
Data_25674_A,Data_25674_B
Data_25675_A,Data_25675_B
Data_25676_A,Data_25676_B
Data_25677_A,Data_25677_B
Data_25678_A,Data_25678_B
Data_25679_A,Data_25679_B
Data_25680_A,Data_25680_B
Data_25681_A,Data_25681_B
Data_25682_A,Data_25682_B
Data_25683_A,Data_25683_B
Data_25684_A,Data_25684_B
Data_25685_A,Data_25685_B
Data_25686_A,Data_25686_B
Data_25687_A,Data_25687_B
Data_25688_A,Data_25688_B
Data_25689_A,Data_25689_B
Data_25690_A,Data_25690_B
Data_25691_A,Data_25691_B
Data_25692_A,Data_25692_B
Data_25693_A,Data_25693_B
Data_25694_A,Data_25694_B
Data_25695_A,Data_25695_B
Data_25696_A,Data_25696_B
Data_25697_A,Data_25697_B
Data_25698_A,Data_25698_B
Data_25699_A,Data_25699_B
Data_25700_A,Data_25700_B
Data_25701_A,Data_25701_B
Data_25702_A,Data_25702_B
Data_25703_A,Data_25703_B
Data_25704_A,Data_25704_B
Data_25705_A,Data_25705_B
Data_25706_A,Data_25706_B
Data_25707_A,Data_25707_B
Data_25708_A,Data_25708_B
Data_25709_A,Data_25709_B
Data_25710_A,Data_25710_B
Data_25711_A,Data_25711_B
Data_25712_A,Data_25712_B
Data_25713_A,Data_25713_B
Data_25714_A,Data_25714_B
Data_25715_A,Data_25715_B
Data_25716_A,Data_25716_B
Data_25717_A,Data_25717_B
Data_25718_A,Data_25718_B
Data_25719_A,Data_25719_B
Data_25720_A,Data_25720_B
Data_25721_A,Data_25721_B
Data_25722_A,Data_25722_B
Data_25723_A,Data_25723_B
Data_25724_A,Data_25724_B
Data_25725_A,Data_25725_B
Data_25726_A,Data_25726_B
Data_25727_A,Data_25727_B
Data_25728_A,Data_25728_B
Data_25729_A,Data_25729_B
Data_25730_A,Data_25730_B
Data_25731_A,Data_25731_B
Data_25732_A,Data_25732_B
Data_25733_A,Data_25733_B
Data_25734_A,Data_25734_B
Data_25735_A,Data_25735_B
Data_25736_A,Data_25736_B
Data_25737_A,Data_25737_B
Data_25738_A,Data_25738_B
Data_25739_A,Data_25739_B
Data_25740_A,Data_25740_B
Data_25741_A,Data_25741_B
Data_25742_A,Data_25742_B
Data_25743_A,Data_25743_B
Data_25744_A,Data_25744_B
Data_25745_A,Data_25745_B
Data_25746_A,Data_25746_B
Data_25747_A,Data_25747_B
Data_25748_A,Data_25748_B
Data_25749_A,Data_25749_B
Data_25750_A,Data_25750_B
Data_25751_A,Data_25751_B
Data_25752_A,Data_25752_B
Data_25753_A,Data_25753_B
Data_25754_A,Data_25754_B
Data_25755_A,Data_25755_B
Data_25756_A,Data_25756_B
Data_25757_A,Data_25757_B
Data_25758_A,Data_25758_B
Data_25759_A,Data_25759_B
Data_25760_A,Data_25760_B
Data_25761_A,Data_25761_B
Data_25762_A,Data_25762_B
Data_25763_A,Data_25763_B
Data_25764_A,Data_25764_B
Data_25765_A,Data_25765_B
Data_25766_A,Data_25766_B
Data_25767_A,Data_25767_B
Data_25768_A,Data_25768_B
Data_25769_A,Data_25769_B
Data_25770_A,Data_25770_B
Data_25771_A,Data_25771_B
Data_25772_A,Data_25772_B
Data_25773_A,Data_25773_B
Data_25774_A,Data_25774_B
Data_25775_A,Data_25775_B
Data_25776_A,Data_25776_B
Data_25777_A,Data_25777_B
Data_25778_A,Data_25778_B
Data_25779_A,Data_25779_B
Data_25780_A,Data_25780_B
Data_25781_A,Data_25781_B
Data_25782_A,Data_25782_B
Data_25783_A,Data_25783_B
Data_25784_A,Data_25784_B
Data_25785_A,Data_25785_B
Data_25786_A,Data_25786_B
Data_25787_A,Data_25787_B
Data_25788_A,Data_25788_B
Data_25789_A,Data_25789_B
Data_25790_A,Data_25790_B
Data_25791_A,Data_25791_B
Data_25792_A,Data_25792_B
Data_25793_A,Data_25793_B
Data_25794_A,Data_25794_B
Data_25795_A,Data_25795_B
Data_25796_A,Data_25796_B
Data_25797_A,Data_25797_B
Data_25798_A,Data_25798_B
Data_25799_A,Data_25799_B
Data_25800_A,Data_25800_B
Data_25801_A,Data_25801_B
Data_25802_A,Data_25802_B
Data_25803_A,Data_25803_B
Data_25804_A,Data_25804_B
Data_25805_A,Data_25805_B
Data_25806_A,Data_25806_B
Data_25807_A,Data_25807_B
Data_25808_A,Data_25808_B
Data_25809_A,Data_25809_B
Data_25810_A,Data_25810_B
Data_25811_A,Data_25811_B
Data_25812_A,Data_25812_B
Data_25813_A,Data_25813_B
Data_25814_A,Data_25814_B
Data_25815_A,Data_25815_B
Data_25816_A,Data_25816_B
Data_25817_A,Data_25817_B
Data_25818_A,Data_25818_B
Data_25819_A,Data_25819_B
Data_25820_A,Data_25820_B
Data_25821_A,Data_25821_B
Data_25822_A,Data_25822_B
Data_25823_A,Data_25823_B
Data_25824_A,Data_25824_B
Data_25825_A,Data_25825_B
Data_25826_A,Data_25826_B
Data_25827_A,Data_25827_B
Data_25828_A,Data_25828_B
Data_25829_A,Data_25829_B
Data_25830_A,Data_25830_B
Data_25831_A,Data_25831_B
Data_25832_A,Data_25832_B
Data_25833_A,Data_25833_B
Data_25834_A,Data_25834_B
Data_25835_A,Data_25835_B
Data_25836_A,Data_25836_B
Data_25837_A,Data_25837_B
Data_25838_A,Data_25838_B
Data_25839_A,Data_25839_B
Data_25840_A,Data_25840_B
Data_25841_A,Data_25841_B
Data_25842_A,Data_25842_B
Data_25843_A,Data_25843_B
Data_25844_A,Data_25844_B
Data_25845_A,Data_25845_B
Data_25846_A,Data_25846_B
Data_25847_A,Data_25847_B
Data_25848_A,Data_25848_B
Data_25849_A,Data_25849_B
Data_25850_A,Data_25850_B
Data_25851_A,Data_25851_B
Data_25852_A,Data_25852_B
Data_25853_A,Data_25853_B
Data_25854_A,Data_25854_B
Data_25855_A,Data_25855_B
Data_25856_A,Data_25856_B
Data_25857_A,Data_25857_B
Data_25858_A,Data_25858_B
Data_25859_A,Data_25859_B
Data_25860_A,Data_25860_B
Data_25861_A,Data_25861_B
Data_25862_A,Data_25862_B
Data_25863_A,Data_25863_B
Data_25864_A,Data_25864_B
Data_25865_A,Data_25865_B
Data_25866_A,Data_25866_B
Data_25867_A,Data_25867_B
Data_25868_A,Data_25868_B
Data_25869_A,Data_25869_B
Data_25870_A,Data_25870_B
Data_25871_A,Data_25871_B
Data_25872_A,Data_25872_B
Data_25873_A,Data_25873_B
Data_25874_A,Data_25874_B
Data_25875_A,Data_25875_B
Data_25876_A,Data_25876_B
Data_25877_A,Data_25877_B
Data_25878_A,Data_25878_B
Data_25879_A,Data_25879_B
Data_25880_A,Data_25880_B
Data_25881_A,Data_25881_B
Data_25882_A,Data_25882_B
Data_25883_A,Data_25883_B
Data_25884_A,Data_25884_B
Data_25885_A,Data_25885_B
Data_25886_A,Data_25886_B
Data_25887_A,Data_25887_B
Data_25888_A,Data_25888_B
Data_25889_A,Data_25889_B
Data_25890_A,Data_25890_B
Data_25891_A,Data_25891_B
Data_25892_A,Data_25892_B
Data_25893_A,Data_25893_B
Data_25894_A,Data_25894_B
Data_25895_A,Data_25895_B
Data_25896_A,Data_25896_B
Data_25897_A,Data_25897_B
Data_25898_A,Data_25898_B
Data_25899_A,Data_25899_B
Data_25900_A,Data_25900_B
Data_25901_A,Data_25901_B
Data_25902_A,Data_25902_B
Data_25903_A,Data_25903_B
Data_25904_A,Data_25904_B
Data_25905_A,Data_25905_B
Data_25906_A,Data_25906_B
Data_25907_A,Data_25907_B
Data_25908_A,Data_25908_B
Data_25909_A,Data_25909_B
Data_25910_A,Data_25910_B
Data_25911_A,Data_25911_B
Data_25912_A,Data_25912_B
Data_25913_A,Data_25913_B
Data_25914_A,Data_25914_B
Data_25915_A,Data_25915_B
Data_25916_A,Data_25916_B
Data_25917_A,Data_25917_B
Data_25918_A,Data_25918_B
Data_25919_A,Data_25919_B
Data_25920_A,Data_25920_B
Data_25921_A,Data_25921_B
Data_25922_A,Data_25922_B
Data_25923_A,Data_25923_B
Data_25924_A,Data_25924_B
Data_25925_A,Data_25925_B
Data_25926_A,Data_25926_B
Data_25927_A,Data_25927_B
Data_25928_A,Data_25928_B
Data_25929_A,Data_25929_B
Data_25930_A,Data_25930_B
Data_25931_A,Data_25931_B
Data_25932_A,Data_25932_B
Data_25933_A,Data_25933_B
Data_25934_A,Data_25934_B
Data_25935_A,Data_25935_B
Data_25936_A,Data_25936_B
Data_25937_A,Data_25937_B
Data_25938_A,Data_25938_B
Data_25939_A,Data_25939_B
Data_25940_A,Data_25940_B
Data_25941_A,Data_25941_B
Data_25942_A,Data_25942_B
Data_25943_A,Data_25943_B
Data_25944_A,Data_25944_B
Data_25945_A,Data_25945_B
Data_25946_A,Data_25946_B
Data_25947_A,Data_25947_B
Data_25948_A,Data_25948_B
Data_25949_A,Data_25949_B
Data_25950_A,Data_25950_B
Data_25951_A,Data_25951_B
Data_25952_A,Data_25952_B
Data_25953_A,Data_25953_B
Data_25954_A,Data_25954_B
Data_25955_A,Data_25955_B
Data_25956_A,Data_25956_B
Data_25957_A,Data_25957_B
Data_25958_A,Data_25958_B
Data_25959_A,Data_25959_B
Data_25960_A,Data_25960_B
Data_25961_A,Data_25961_B
Data_25962_A,Data_25962_B
Data_25963_A,Data_25963_B
Data_25964_A,Data_25964_B
Data_25965_A,Data_25965_B
Data_25966_A,Data_25966_B
Data_25967_A,Data_25967_B
Data_25968_A,Data_25968_B
Data_25969_A,Data_25969_B
Data_25970_A,Data_25970_B
Data_25971_A,Data_25971_B
Data_25972_A,Data_25972_B
Data_25973_A,Data_25973_B
Data_25974_A,Data_25974_B
Data_25975_A,Data_25975_B
Data_25976_A,Data_25976_B
Data_25977_A,Data_25977_B
Data_25978_A,Data_25978_B
Data_25979_A,Data_25979_B
Data_25980_A,Data_25980_B
Data_25981_A,Data_25981_B
Data_25982_A,Data_25982_B
Data_25983_A,Data_25983_B
Data_25984_A,Data_25984_B
Data_25985_A,Data_25985_B
Data_25986_A,Data_25986_B
Data_25987_A,Data_25987_B
Data_25988_A,Data_25988_B
Data_25989_A,Data_25989_B
Data_25990_A,Data_25990_B
Data_25991_A,Data_25991_B
Data_25992_A,Data_25992_B
Data_25993_A,Data_25993_B
Data_25994_A,Data_25994_B
Data_25995_A,Data_25995_B
Data_25996_A,Data_25996_B
Data_25997_A,Data_25997_B
Data_25998_A,Data_25998_B
Data_25999_A,Data_25999_B
Data_26000_A,Data_26000_B
Data_26001_A,Data_26001_B
Data_26002_A,Data_26002_B
Data_26003_A,Data_26003_B
Data_26004_A,Data_26004_B
Data_26005_A,Data_26005_B
Data_26006_A,Data_26006_B
Data_26007_A,Data_26007_B
Data_26008_A,Data_26008_B
Data_26009_A,Data_26009_B
Data_26010_A,Data_26010_B
Data_26011_A,Data_26011_B
Data_26012_A,Data_26012_B
Data_26013_A,Data_26013_B
Data_26014_A,Data_26014_B
Data_26015_A,Data_26015_B
Data_26016_A,Data_26016_B
Data_26017_A,Data_26017_B
Data_26018_A,Data_26018_B
Data_26019_A,Data_26019_B
Data_26020_A,Data_26020_B
Data_26021_A,Data_26021_B
Data_26022_A,Data_26022_B
Data_26023_A,Data_26023_B
Data_26024_A,Data_26024_B
Data_26025_A,Data_26025_B
Data_26026_A,Data_26026_B
Data_26027_A,Data_26027_B
Data_26028_A,Data_26028_B
Data_26029_A,Data_26029_B
Data_26030_A,Data_26030_B
Data_26031_A,Data_26031_B
Data_26032_A,Data_26032_B
Data_26033_A,Data_26033_B
Data_26034_A,Data_26034_B
Data_26035_A,Data_26035_B
Data_26036_A,Data_26036_B
Data_26037_A,Data_26037_B
Data_26038_A,Data_26038_B
Data_26039_A,Data_26039_B
Data_26040_A,Data_26040_B
Data_26041_A,Data_26041_B
Data_26042_A,Data_26042_B
Data_26043_A,Data_26043_B
Data_26044_A,Data_26044_B
Data_26045_A,Data_26045_B
Data_26046_A,Data_26046_B
Data_26047_A,Data_26047_B
Data_26048_A,Data_26048_B
Data_26049_A,Data_26049_B
Data_26050_A,Data_26050_B
Data_26051_A,Data_26051_B
Data_26052_A,Data_26052_B
Data_26053_A,Data_26053_B
Data_26054_A,Data_26054_B
Data_26055_A,Data_26055_B
Data_26056_A,Data_26056_B
Data_26057_A,Data_26057_B
Data_26058_A,Data_26058_B
Data_26059_A,Data_26059_B
Data_26060_A,Data_26060_B
Data_26061_A,Data_26061_B
Data_26062_A,Data_26062_B
Data_26063_A,Data_26063_B
Data_26064_A,Data_26064_B
Data_26065_A,Data_26065_B
Data_26066_A,Data_26066_B
Data_26067_A,Data_26067_B
Data_26068_A,Data_26068_B
Data_26069_A,Data_26069_B
Data_26070_A,Data_26070_B
Data_26071_A,Data_26071_B
Data_26072_A,Data_26072_B
Data_26073_A,Data_26073_B
Data_26074_A,Data_26074_B
Data_26075_A,Data_26075_B
Data_26076_A,Data_26076_B
Data_26077_A,Data_26077_B
Data_26078_A,Data_26078_B
Data_26079_A,Data_26079_B
Data_26080_A,Data_26080_B
Data_26081_A,Data_26081_B
Data_26082_A,Data_26082_B
Data_26083_A,Data_26083_B
Data_26084_A,Data_26084_B
Data_26085_A,Data_26085_B
Data_26086_A,Data_26086_B
Data_26087_A,Data_26087_B
Data_26088_A,Data_26088_B
Data_26089_A,Data_26089_B
Data_26090_A,Data_26090_B
Data_26091_A,Data_26091_B
Data_26092_A,Data_26092_B
Data_26093_A,Data_26093_B
Data_26094_A,Data_26094_B
Data_26095_A,Data_26095_B
Data_26096_A,Data_26096_B
Data_26097_A,Data_26097_B
Data_26098_A,Data_26098_B
Data_26099_A,Data_26099_B
Data_26100_A,Data_26100_B
Data_26101_A,Data_26101_B
Data_26102_A,Data_26102_B
Data_26103_A,Data_26103_B
Data_26104_A,Data_26104_B
Data_26105_A,Data_26105_B
Data_26106_A,Data_26106_B
Data_26107_A,Data_26107_B
Data_26108_A,Data_26108_B
Data_26109_A,Data_26109_B
Data_26110_A,Data_26110_B
Data_26111_A,Data_26111_B
Data_26112_A,Data_26112_B
Data_26113_A,Data_26113_B
Data_26114_A,Data_26114_B
Data_26115_A,Data_26115_B
Data_26116_A,Data_26116_B
Data_26117_A,Data_26117_B
Data_26118_A,Data_26118_B
Data_26119_A,Data_26119_B
Data_26120_A,Data_26120_B
Data_26121_A,Data_26121_B
Data_26122_A,Data_26122_B
Data_26123_A,Data_26123_B
Data_26124_A,Data_26124_B
Data_26125_A,Data_26125_B
Data_26126_A,Data_26126_B
Data_26127_A,Data_26127_B
Data_26128_A,Data_26128_B
Data_26129_A,Data_26129_B
Data_26130_A,Data_26130_B
Data_26131_A,Data_26131_B
Data_26132_A,Data_26132_B
Data_26133_A,Data_26133_B
Data_26134_A,Data_26134_B
Data_26135_A,Data_26135_B
Data_26136_A,Data_26136_B
Data_26137_A,Data_26137_B
Data_26138_A,Data_26138_B
Data_26139_A,Data_26139_B
Data_26140_A,Data_26140_B
Data_26141_A,Data_26141_B
Data_26142_A,Data_26142_B
Data_26143_A,Data_26143_B
Data_26144_A,Data_26144_B
Data_26145_A,Data_26145_B
Data_26146_A,Data_26146_B
Data_26147_A,Data_26147_B
Data_26148_A,Data_26148_B
Data_26149_A,Data_26149_B
Data_26150_A,Data_26150_B
Data_26151_A,Data_26151_B
Data_26152_A,Data_26152_B
Data_26153_A,Data_26153_B
Data_26154_A,Data_26154_B
Data_26155_A,Data_26155_B
Data_26156_A,Data_26156_B
Data_26157_A,Data_26157_B
Data_26158_A,Data_26158_B
Data_26159_A,Data_26159_B
Data_26160_A,Data_26160_B
Data_26161_A,Data_26161_B
Data_26162_A,Data_26162_B
Data_26163_A,Data_26163_B
Data_26164_A,Data_26164_B
Data_26165_A,Data_26165_B
Data_26166_A,Data_26166_B
Data_26167_A,Data_26167_B
Data_26168_A,Data_26168_B
Data_26169_A,Data_26169_B
Data_26170_A,Data_26170_B
Data_26171_A,Data_26171_B
Data_26172_A,Data_26172_B
Data_26173_A,Data_26173_B
Data_26174_A,Data_26174_B
Data_26175_A,Data_26175_B
Data_26176_A,Data_26176_B
Data_26177_A,Data_26177_B
Data_26178_A,Data_26178_B
Data_26179_A,Data_26179_B
Data_26180_A,Data_26180_B
Data_26181_A,Data_26181_B
Data_26182_A,Data_26182_B
Data_26183_A,Data_26183_B
Data_26184_A,Data_26184_B
Data_26185_A,Data_26185_B
Data_26186_A,Data_26186_B
Data_26187_A,Data_26187_B
Data_26188_A,Data_26188_B
Data_26189_A,Data_26189_B
Data_26190_A,Data_26190_B
Data_26191_A,Data_26191_B
Data_26192_A,Data_26192_B
Data_26193_A,Data_26193_B
Data_26194_A,Data_26194_B
Data_26195_A,Data_26195_B
Data_26196_A,Data_26196_B
Data_26197_A,Data_26197_B
Data_26198_A,Data_26198_B
Data_26199_A,Data_26199_B
Data_26200_A,Data_26200_B
Data_26201_A,Data_26201_B
Data_26202_A,Data_26202_B
Data_26203_A,Data_26203_B
Data_26204_A,Data_26204_B
Data_26205_A,Data_26205_B
Data_26206_A,Data_26206_B
Data_26207_A,Data_26207_B
Data_26208_A,Data_26208_B
Data_26209_A,Data_26209_B
Data_26210_A,Data_26210_B
Data_26211_A,Data_26211_B
Data_26212_A,Data_26212_B
Data_26213_A,Data_26213_B
Data_26214_A,Data_26214_B
Data_26215_A,Data_26215_B
Data_26216_A,Data_26216_B
Data_26217_A,Data_26217_B
Data_26218_A,Data_26218_B
Data_26219_A,Data_26219_B
Data_26220_A,Data_26220_B
Data_26221_A,Data_26221_B
Data_26222_A,Data_26222_B
Data_26223_A,Data_26223_B
Data_26224_A,Data_26224_B
Data_26225_A,Data_26225_B
Data_26226_A,Data_26226_B
Data_26227_A,Data_26227_B
Data_26228_A,Data_26228_B
Data_26229_A,Data_26229_B
Data_26230_A,Data_26230_B
Data_26231_A,Data_26231_B
Data_26232_A,Data_26232_B
Data_26233_A,Data_26233_B
Data_26234_A,Data_26234_B
Data_26235_A,Data_26235_B
Data_26236_A,Data_26236_B
Data_26237_A,Data_26237_B
Data_26238_A,Data_26238_B
Data_26239_A,Data_26239_B
Data_26240_A,Data_26240_B
Data_26241_A,Data_26241_B
Data_26242_A,Data_26242_B
Data_26243_A,Data_26243_B
Data_26244_A,Data_26244_B
Data_26245_A,Data_26245_B
Data_26246_A,Data_26246_B
Data_26247_A,Data_26247_B
Data_26248_A,Data_26248_B
Data_26249_A,Data_26249_B
Data_26250_A,Data_26250_B
Data_26251_A,Data_26251_B
Data_26252_A,Data_26252_B
Data_26253_A,Data_26253_B
Data_26254_A,Data_26254_B
Data_26255_A,Data_26255_B
Data_26256_A,Data_26256_B
Data_26257_A,Data_26257_B
Data_26258_A,Data_26258_B
Data_26259_A,Data_26259_B
Data_26260_A,Data_26260_B
Data_26261_A,Data_26261_B
Data_26262_A,Data_26262_B
Data_26263_A,Data_26263_B
Data_26264_A,Data_26264_B
Data_26265_A,Data_26265_B
Data_26266_A,Data_26266_B
Data_26267_A,Data_26267_B
Data_26268_A,Data_26268_B
Data_26269_A,Data_26269_B
Data_26270_A,Data_26270_B
Data_26271_A,Data_26271_B
Data_26272_A,Data_26272_B
Data_26273_A,Data_26273_B
Data_26274_A,Data_26274_B
Data_26275_A,Data_26275_B
Data_26276_A,Data_26276_B
Data_26277_A,Data_26277_B
Data_26278_A,Data_26278_B
Data_26279_A,Data_26279_B
Data_26280_A,Data_26280_B
Data_26281_A,Data_26281_B
Data_26282_A,Data_26282_B
Data_26283_A,Data_26283_B
Data_26284_A,Data_26284_B
Data_26285_A,Data_26285_B
Data_26286_A,Data_26286_B
Data_26287_A,Data_26287_B
Data_26288_A,Data_26288_B
Data_26289_A,Data_26289_B
Data_26290_A,Data_26290_B
Data_26291_A,Data_26291_B
Data_26292_A,Data_26292_B
Data_26293_A,Data_26293_B
Data_26294_A,Data_26294_B
Data_26295_A,Data_26295_B
Data_26296_A,Data_26296_B
Data_26297_A,Data_26297_B
Data_26298_A,Data_26298_B
Data_26299_A,Data_26299_B
Data_26300_A,Data_26300_B
Data_26301_A,Data_26301_B
Data_26302_A,Data_26302_B
Data_26303_A,Data_26303_B
Data_26304_A,Data_26304_B
Data_26305_A,Data_26305_B
Data_26306_A,Data_26306_B
Data_26307_A,Data_26307_B
Data_26308_A,Data_26308_B
Data_26309_A,Data_26309_B
Data_26310_A,Data_26310_B
Data_26311_A,Data_26311_B
Data_26312_A,Data_26312_B
Data_26313_A,Data_26313_B
Data_26314_A,Data_26314_B
Data_26315_A,Data_26315_B
Data_26316_A,Data_26316_B
Data_26317_A,Data_26317_B
Data_26318_A,Data_26318_B
Data_26319_A,Data_26319_B
Data_26320_A,Data_26320_B
Data_26321_A,Data_26321_B
Data_26322_A,Data_26322_B
Data_26323_A,Data_26323_B
Data_26324_A,Data_26324_B
Data_26325_A,Data_26325_B
Data_26326_A,Data_26326_B
Data_26327_A,Data_26327_B
Data_26328_A,Data_26328_B
Data_26329_A,Data_26329_B
Data_26330_A,Data_26330_B
Data_26331_A,Data_26331_B
Data_26332_A,Data_26332_B
Data_26333_A,Data_26333_B
Data_26334_A,Data_26334_B
Data_26335_A,Data_26335_B
Data_26336_A,Data_26336_B
Data_26337_A,Data_26337_B
Data_26338_A,Data_26338_B
Data_26339_A,Data_26339_B
Data_26340_A,Data_26340_B
Data_26341_A,Data_26341_B
Data_26342_A,Data_26342_B
Data_26343_A,Data_26343_B
Data_26344_A,Data_26344_B
Data_26345_A,Data_26345_B
Data_26346_A,Data_26346_B
Data_26347_A,Data_26347_B
Data_26348_A,Data_26348_B
Data_26349_A,Data_26349_B
Data_26350_A,Data_26350_B
Data_26351_A,Data_26351_B
Data_26352_A,Data_26352_B
Data_26353_A,Data_26353_B
Data_26354_A,Data_26354_B
Data_26355_A,Data_26355_B
Data_26356_A,Data_26356_B
Data_26357_A,Data_26357_B
Data_26358_A,Data_26358_B
Data_26359_A,Data_26359_B
Data_26360_A,Data_26360_B
Data_26361_A,Data_26361_B
Data_26362_A,Data_26362_B
Data_26363_A,Data_26363_B
Data_26364_A,Data_26364_B
Data_26365_A,Data_26365_B
Data_26366_A,Data_26366_B
Data_26367_A,Data_26367_B
Data_26368_A,Data_26368_B
Data_26369_A,Data_26369_B
Data_26370_A,Data_26370_B
Data_26371_A,Data_26371_B
Data_26372_A,Data_26372_B
Data_26373_A,Data_26373_B
Data_26374_A,Data_26374_B
Data_26375_A,Data_26375_B
Data_26376_A,Data_26376_B
Data_26377_A,Data_26377_B
Data_26378_A,Data_26378_B
Data_26379_A,Data_26379_B
Data_26380_A,Data_26380_B
Data_26381_A,Data_26381_B
Data_26382_A,Data_26382_B
Data_26383_A,Data_26383_B
Data_26384_A,Data_26384_B
Data_26385_A,Data_26385_B
Data_26386_A,Data_26386_B
Data_26387_A,Data_26387_B
Data_26388_A,Data_26388_B
Data_26389_A,Data_26389_B
Data_26390_A,Data_26390_B
Data_26391_A,Data_26391_B
Data_26392_A,Data_26392_B
Data_26393_A,Data_26393_B
Data_26394_A,Data_26394_B
Data_26395_A,Data_26395_B
Data_26396_A,Data_26396_B
Data_26397_A,Data_26397_B
Data_26398_A,Data_26398_B
Data_26399_A,Data_26399_B
Data_26400_A,Data_26400_B
Data_26401_A,Data_26401_B
Data_26402_A,Data_26402_B
Data_26403_A,Data_26403_B
Data_26404_A,Data_26404_B
Data_26405_A,Data_26405_B
Data_26406_A,Data_26406_B
Data_26407_A,Data_26407_B
Data_26408_A,Data_26408_B
Data_26409_A,Data_26409_B
Data_26410_A,Data_26410_B
Data_26411_A,Data_26411_B
Data_26412_A,Data_26412_B
Data_26413_A,Data_26413_B
Data_26414_A,Data_26414_B
Data_26415_A,Data_26415_B
Data_26416_A,Data_26416_B
Data_26417_A,Data_26417_B
Data_26418_A,Data_26418_B
Data_26419_A,Data_26419_B
Data_26420_A,Data_26420_B
Data_26421_A,Data_26421_B
Data_26422_A,Data_26422_B
Data_26423_A,Data_26423_B
Data_26424_A,Data_26424_B
Data_26425_A,Data_26425_B
Data_26426_A,Data_26426_B
Data_26427_A,Data_26427_B
Data_26428_A,Data_26428_B
Data_26429_A,Data_26429_B
Data_26430_A,Data_26430_B
Data_26431_A,Data_26431_B
Data_26432_A,Data_26432_B
Data_26433_A,Data_26433_B
Data_26434_A,Data_26434_B
Data_26435_A,Data_26435_B
Data_26436_A,Data_26436_B
Data_26437_A,Data_26437_B
Data_26438_A,Data_26438_B
Data_26439_A,Data_26439_B
Data_26440_A,Data_26440_B
Data_26441_A,Data_26441_B
Data_26442_A,Data_26442_B
Data_26443_A,Data_26443_B
Data_26444_A,Data_26444_B
Data_26445_A,Data_26445_B
Data_26446_A,Data_26446_B
Data_26447_A,Data_26447_B
Data_26448_A,Data_26448_B
Data_26449_A,Data_26449_B
Data_26450_A,Data_26450_B
Data_26451_A,Data_26451_B
Data_26452_A,Data_26452_B
Data_26453_A,Data_26453_B
Data_26454_A,Data_26454_B
Data_26455_A,Data_26455_B
Data_26456_A,Data_26456_B
Data_26457_A,Data_26457_B
Data_26458_A,Data_26458_B
Data_26459_A,Data_26459_B
Data_26460_A,Data_26460_B
Data_26461_A,Data_26461_B
Data_26462_A,Data_26462_B
Data_26463_A,Data_26463_B
Data_26464_A,Data_26464_B
Data_26465_A,Data_26465_B
Data_26466_A,Data_26466_B
Data_26467_A,Data_26467_B
Data_26468_A,Data_26468_B
Data_26469_A,Data_26469_B
Data_26470_A,Data_26470_B
Data_26471_A,Data_26471_B
Data_26472_A,Data_26472_B
Data_26473_A,Data_26473_B
Data_26474_A,Data_26474_B
Data_26475_A,Data_26475_B
Data_26476_A,Data_26476_B
Data_26477_A,Data_26477_B
Data_26478_A,Data_26478_B
Data_26479_A,Data_26479_B
Data_26480_A,Data_26480_B
Data_26481_A,Data_26481_B
Data_26482_A,Data_26482_B
Data_26483_A,Data_26483_B
Data_26484_A,Data_26484_B
Data_26485_A,Data_26485_B
Data_26486_A,Data_26486_B
Data_26487_A,Data_26487_B
Data_26488_A,Data_26488_B
Data_26489_A,Data_26489_B
Data_26490_A,Data_26490_B
Data_26491_A,Data_26491_B
Data_26492_A,Data_26492_B
Data_26493_A,Data_26493_B
Data_26494_A,Data_26494_B
Data_26495_A,Data_26495_B
Data_26496_A,Data_26496_B
Data_26497_A,Data_26497_B
Data_26498_A,Data_26498_B
Data_26499_A,Data_26499_B
Data_26500_A,Data_26500_B
Data_26501_A,Data_26501_B
Data_26502_A,Data_26502_B
Data_26503_A,Data_26503_B
Data_26504_A,Data_26504_B
Data_26505_A,Data_26505_B
Data_26506_A,Data_26506_B
Data_26507_A,Data_26507_B
Data_26508_A,Data_26508_B
Data_26509_A,Data_26509_B
Data_26510_A,Data_26510_B
Data_26511_A,Data_26511_B
Data_26512_A,Data_26512_B
Data_26513_A,Data_26513_B
Data_26514_A,Data_26514_B
Data_26515_A,Data_26515_B
Data_26516_A,Data_26516_B
Data_26517_A,Data_26517_B
Data_26518_A,Data_26518_B
Data_26519_A,Data_26519_B
Data_26520_A,Data_26520_B
Data_26521_A,Data_26521_B
Data_26522_A,Data_26522_B
Data_26523_A,Data_26523_B
Data_26524_A,Data_26524_B
Data_26525_A,Data_26525_B
Data_26526_A,Data_26526_B
Data_26527_A,Data_26527_B
Data_26528_A,Data_26528_B
Data_26529_A,Data_26529_B
Data_26530_A,Data_26530_B
Data_26531_A,Data_26531_B
Data_26532_A,Data_26532_B
Data_26533_A,Data_26533_B
Data_26534_A,Data_26534_B
Data_26535_A,Data_26535_B
Data_26536_A,Data_26536_B
Data_26537_A,Data_26537_B
Data_26538_A,Data_26538_B
Data_26539_A,Data_26539_B
Data_26540_A,Data_26540_B
Data_26541_A,Data_26541_B
Data_26542_A,Data_26542_B
Data_26543_A,Data_26543_B
Data_26544_A,Data_26544_B
Data_26545_A,Data_26545_B
Data_26546_A,Data_26546_B
Data_26547_A,Data_26547_B
Data_26548_A,Data_26548_B
Data_26549_A,Data_26549_B
Data_26550_A,Data_26550_B
Data_26551_A,Data_26551_B
Data_26552_A,Data_26552_B
Data_26553_A,Data_26553_B
Data_26554_A,Data_26554_B
Data_26555_A,Data_26555_B
Data_26556_A,Data_26556_B
Data_26557_A,Data_26557_B
Data_26558_A,Data_26558_B
Data_26559_A,Data_26559_B
Data_26560_A,Data_26560_B
Data_26561_A,Data_26561_B
Data_26562_A,Data_26562_B
Data_26563_A,Data_26563_B
Data_26564_A,Data_26564_B
Data_26565_A,Data_26565_B
Data_26566_A,Data_26566_B
Data_26567_A,Data_26567_B
Data_26568_A,Data_26568_B
Data_26569_A,Data_26569_B
Data_26570_A,Data_26570_B
Data_26571_A,Data_26571_B
Data_26572_A,Data_26572_B
Data_26573_A,Data_26573_B
Data_26574_A,Data_26574_B
Data_26575_A,Data_26575_B
Data_26576_A,Data_26576_B
Data_26577_A,Data_26577_B
Data_26578_A,Data_26578_B
Data_26579_A,Data_26579_B
Data_26580_A,Data_26580_B
Data_26581_A,Data_26581_B
Data_26582_A,Data_26582_B
Data_26583_A,Data_26583_B
Data_26584_A,Data_26584_B
Data_26585_A,Data_26585_B
Data_26586_A,Data_26586_B
Data_26587_A,Data_26587_B
Data_26588_A,Data_26588_B
Data_26589_A,Data_26589_B
Data_26590_A,Data_26590_B
Data_26591_A,Data_26591_B
Data_26592_A,Data_26592_B
Data_26593_A,Data_26593_B
Data_26594_A,Data_26594_B
Data_26595_A,Data_26595_B
Data_26596_A,Data_26596_B
Data_26597_A,Data_26597_B
Data_26598_A,Data_26598_B
Data_26599_A,Data_26599_B
Data_26600_A,Data_26600_B
Data_26601_A,Data_26601_B
Data_26602_A,Data_26602_B
Data_26603_A,Data_26603_B
Data_26604_A,Data_26604_B
Data_26605_A,Data_26605_B
Data_26606_A,Data_26606_B
Data_26607_A,Data_26607_B
Data_26608_A,Data_26608_B
Data_26609_A,Data_26609_B
Data_26610_A,Data_26610_B
Data_26611_A,Data_26611_B
Data_26612_A,Data_26612_B
Data_26613_A,Data_26613_B
Data_26614_A,Data_26614_B
Data_26615_A,Data_26615_B
Data_26616_A,Data_26616_B
Data_26617_A,Data_26617_B
Data_26618_A,Data_26618_B
Data_26619_A,Data_26619_B
Data_26620_A,Data_26620_B
Data_26621_A,Data_26621_B
Data_26622_A,Data_26622_B
Data_26623_A,Data_26623_B
Data_26624_A,Data_26624_B
Data_26625_A,Data_26625_B
Data_26626_A,Data_26626_B
Data_26627_A,Data_26627_B
Data_26628_A,Data_26628_B
Data_26629_A,Data_26629_B
Data_26630_A,Data_26630_B
Data_26631_A,Data_26631_B
Data_26632_A,Data_26632_B
Data_26633_A,Data_26633_B
Data_26634_A,Data_26634_B
Data_26635_A,Data_26635_B
Data_26636_A,Data_26636_B
Data_26637_A,Data_26637_B
Data_26638_A,Data_26638_B
Data_26639_A,Data_26639_B
Data_26640_A,Data_26640_B
Data_26641_A,Data_26641_B
Data_26642_A,Data_26642_B
Data_26643_A,Data_26643_B
Data_26644_A,Data_26644_B
Data_26645_A,Data_26645_B
Data_26646_A,Data_26646_B
Data_26647_A,Data_26647_B
Data_26648_A,Data_26648_B
Data_26649_A,Data_26649_B
Data_26650_A,Data_26650_B
Data_26651_A,Data_26651_B
Data_26652_A,Data_26652_B
Data_26653_A,Data_26653_B
Data_26654_A,Data_26654_B
Data_26655_A,Data_26655_B
Data_26656_A,Data_26656_B
Data_26657_A,Data_26657_B
Data_26658_A,Data_26658_B
Data_26659_A,Data_26659_B
Data_26660_A,Data_26660_B
Data_26661_A,Data_26661_B
Data_26662_A,Data_26662_B
Data_26663_A,Data_26663_B
Data_26664_A,Data_26664_B
Data_26665_A,Data_26665_B
Data_26666_A,Data_26666_B
Data_26667_A,Data_26667_B
Data_26668_A,Data_26668_B
Data_26669_A,Data_26669_B
Data_26670_A,Data_26670_B
Data_26671_A,Data_26671_B
Data_26672_A,Data_26672_B
Data_26673_A,Data_26673_B
Data_26674_A,Data_26674_B
Data_26675_A,Data_26675_B
Data_26676_A,Data_26676_B
Data_26677_A,Data_26677_B
Data_26678_A,Data_26678_B
Data_26679_A,Data_26679_B
Data_26680_A,Data_26680_B
Data_26681_A,Data_26681_B
Data_26682_A,Data_26682_B
Data_26683_A,Data_26683_B
Data_26684_A,Data_26684_B
Data_26685_A,Data_26685_B
Data_26686_A,Data_26686_B
Data_26687_A,Data_26687_B
Data_26688_A,Data_26688_B
Data_26689_A,Data_26689_B
Data_26690_A,Data_26690_B
Data_26691_A,Data_26691_B
Data_26692_A,Data_26692_B
Data_26693_A,Data_26693_B
Data_26694_A,Data_26694_B
Data_26695_A,Data_26695_B
Data_26696_A,Data_26696_B
Data_26697_A,Data_26697_B
Data_26698_A,Data_26698_B
Data_26699_A,Data_26699_B
Data_26700_A,Data_26700_B
Data_26701_A,Data_26701_B
Data_26702_A,Data_26702_B
Data_26703_A,Data_26703_B
Data_26704_A,Data_26704_B
Data_26705_A,Data_26705_B
Data_26706_A,Data_26706_B
Data_26707_A,Data_26707_B
Data_26708_A,Data_26708_B
Data_26709_A,Data_26709_B
Data_26710_A,Data_26710_B
Data_26711_A,Data_26711_B
Data_26712_A,Data_26712_B
Data_26713_A,Data_26713_B
Data_26714_A,Data_26714_B
Data_26715_A,Data_26715_B
Data_26716_A,Data_26716_B
Data_26717_A,Data_26717_B
Data_26718_A,Data_26718_B
Data_26719_A,Data_26719_B
Data_26720_A,Data_26720_B
Data_26721_A,Data_26721_B
Data_26722_A,Data_26722_B
Data_26723_A,Data_26723_B
Data_26724_A,Data_26724_B
Data_26725_A,Data_26725_B
Data_26726_A,Data_26726_B
Data_26727_A,Data_26727_B
Data_26728_A,Data_26728_B
Data_26729_A,Data_26729_B
Data_26730_A,Data_26730_B
Data_26731_A,Data_26731_B
Data_26732_A,Data_26732_B
Data_26733_A,Data_26733_B
Data_26734_A,Data_26734_B
Data_26735_A,Data_26735_B
Data_26736_A,Data_26736_B
Data_26737_A,Data_26737_B
Data_26738_A,Data_26738_B
Data_26739_A,Data_26739_B
Data_26740_A,Data_26740_B
Data_26741_A,Data_26741_B
Data_26742_A,Data_26742_B
Data_26743_A,Data_26743_B
Data_26744_A,Data_26744_B
Data_26745_A,Data_26745_B
Data_26746_A,Data_26746_B
Data_26747_A,Data_26747_B
Data_26748_A,Data_26748_B
Data_26749_A,Data_26749_B
Data_26750_A,Data_26750_B
Data_26751_A,Data_26751_B
Data_26752_A,Data_26752_B
Data_26753_A,Data_26753_B
Data_26754_A,Data_26754_B
Data_26755_A,Data_26755_B
Data_26756_A,Data_26756_B
Data_26757_A,Data_26757_B
Data_26758_A,Data_26758_B
Data_26759_A,Data_26759_B
Data_26760_A,Data_26760_B
Data_26761_A,Data_26761_B
Data_26762_A,Data_26762_B
Data_26763_A,Data_26763_B
Data_26764_A,Data_26764_B
Data_26765_A,Data_26765_B
Data_26766_A,Data_26766_B
Data_26767_A,Data_26767_B
Data_26768_A,Data_26768_B
Data_26769_A,Data_26769_B
Data_26770_A,Data_26770_B
Data_26771_A,Data_26771_B
Data_26772_A,Data_26772_B
Data_26773_A,Data_26773_B
Data_26774_A,Data_26774_B
Data_26775_A,Data_26775_B
Data_26776_A,Data_26776_B
Data_26777_A,Data_26777_B
Data_26778_A,Data_26778_B
Data_26779_A,Data_26779_B
Data_26780_A,Data_26780_B
Data_26781_A,Data_26781_B
Data_26782_A,Data_26782_B
Data_26783_A,Data_26783_B
Data_26784_A,Data_26784_B
Data_26785_A,Data_26785_B
Data_26786_A,Data_26786_B
Data_26787_A,Data_26787_B
Data_26788_A,Data_26788_B
Data_26789_A,Data_26789_B
Data_26790_A,Data_26790_B
Data_26791_A,Data_26791_B
Data_26792_A,Data_26792_B
Data_26793_A,Data_26793_B
Data_26794_A,Data_26794_B
Data_26795_A,Data_26795_B
Data_26796_A,Data_26796_B
Data_26797_A,Data_26797_B
Data_26798_A,Data_26798_B
Data_26799_A,Data_26799_B
Data_26800_A,Data_26800_B
Data_26801_A,Data_26801_B
Data_26802_A,Data_26802_B
Data_26803_A,Data_26803_B
Data_26804_A,Data_26804_B
Data_26805_A,Data_26805_B
Data_26806_A,Data_26806_B
Data_26807_A,Data_26807_B
Data_26808_A,Data_26808_B
Data_26809_A,Data_26809_B
Data_26810_A,Data_26810_B
Data_26811_A,Data_26811_B
Data_26812_A,Data_26812_B
Data_26813_A,Data_26813_B
Data_26814_A,Data_26814_B
Data_26815_A,Data_26815_B
Data_26816_A,Data_26816_B
Data_26817_A,Data_26817_B
Data_26818_A,Data_26818_B
Data_26819_A,Data_26819_B
Data_26820_A,Data_26820_B
Data_26821_A,Data_26821_B
Data_26822_A,Data_26822_B
Data_26823_A,Data_26823_B
Data_26824_A,Data_26824_B
Data_26825_A,Data_26825_B
Data_26826_A,Data_26826_B
Data_26827_A,Data_26827_B
Data_26828_A,Data_26828_B
Data_26829_A,Data_26829_B
Data_26830_A,Data_26830_B
Data_26831_A,Data_26831_B
Data_26832_A,Data_26832_B
Data_26833_A,Data_26833_B
Data_26834_A,Data_26834_B
Data_26835_A,Data_26835_B
Data_26836_A,Data_26836_B
Data_26837_A,Data_26837_B
Data_26838_A,Data_26838_B
Data_26839_A,Data_26839_B
Data_26840_A,Data_26840_B
Data_26841_A,Data_26841_B
Data_26842_A,Data_26842_B
Data_26843_A,Data_26843_B
Data_26844_A,Data_26844_B
Data_26845_A,Data_26845_B
Data_26846_A,Data_26846_B
Data_26847_A,Data_26847_B
Data_26848_A,Data_26848_B
Data_26849_A,Data_26849_B
Data_26850_A,Data_26850_B
Data_26851_A,Data_26851_B
Data_26852_A,Data_26852_B
Data_26853_A,Data_26853_B
Data_26854_A,Data_26854_B
Data_26855_A,Data_26855_B
Data_26856_A,Data_26856_B
Data_26857_A,Data_26857_B
Data_26858_A,Data_26858_B
Data_26859_A,Data_26859_B
Data_26860_A,Data_26860_B
Data_26861_A,Data_26861_B
Data_26862_A,Data_26862_B
Data_26863_A,Data_26863_B
Data_26864_A,Data_26864_B
Data_26865_A,Data_26865_B
Data_26866_A,Data_26866_B
Data_26867_A,Data_26867_B
Data_26868_A,Data_26868_B
Data_26869_A,Data_26869_B
Data_26870_A,Data_26870_B
Data_26871_A,Data_26871_B
Data_26872_A,Data_26872_B
Data_26873_A,Data_26873_B
Data_26874_A,Data_26874_B
Data_26875_A,Data_26875_B
Data_26876_A,Data_26876_B
Data_26877_A,Data_26877_B
Data_26878_A,Data_26878_B
Data_26879_A,Data_26879_B
Data_26880_A,Data_26880_B
Data_26881_A,Data_26881_B
Data_26882_A,Data_26882_B
Data_26883_A,Data_26883_B
Data_26884_A,Data_26884_B
Data_26885_A,Data_26885_B
Data_26886_A,Data_26886_B
Data_26887_A,Data_26887_B
Data_26888_A,Data_26888_B
Data_26889_A,Data_26889_B
Data_26890_A,Data_26890_B
Data_26891_A,Data_26891_B
Data_26892_A,Data_26892_B
Data_26893_A,Data_26893_B
Data_26894_A,Data_26894_B
Data_26895_A,Data_26895_B
Data_26896_A,Data_26896_B
Data_26897_A,Data_26897_B
Data_26898_A,Data_26898_B
Data_26899_A,Data_26899_B
Data_26900_A,Data_26900_B
Data_26901_A,Data_26901_B
Data_26902_A,Data_26902_B
Data_26903_A,Data_26903_B
Data_26904_A,Data_26904_B
Data_26905_A,Data_26905_B
Data_26906_A,Data_26906_B
Data_26907_A,Data_26907_B
Data_26908_A,Data_26908_B
Data_26909_A,Data_26909_B
Data_26910_A,Data_26910_B
Data_26911_A,Data_26911_B
Data_26912_A,Data_26912_B
Data_26913_A,Data_26913_B
Data_26914_A,Data_26914_B
Data_26915_A,Data_26915_B
Data_26916_A,Data_26916_B
Data_26917_A,Data_26917_B
Data_26918_A,Data_26918_B
Data_26919_A,Data_26919_B
Data_26920_A,Data_26920_B
Data_26921_A,Data_26921_B
Data_26922_A,Data_26922_B
Data_26923_A,Data_26923_B
Data_26924_A,Data_26924_B
Data_26925_A,Data_26925_B
Data_26926_A,Data_26926_B
Data_26927_A,Data_26927_B
Data_26928_A,Data_26928_B
Data_26929_A,Data_26929_B
Data_26930_A,Data_26930_B
Data_26931_A,Data_26931_B
Data_26932_A,Data_26932_B
Data_26933_A,Data_26933_B
Data_26934_A,Data_26934_B
Data_26935_A,Data_26935_B
Data_26936_A,Data_26936_B
Data_26937_A,Data_26937_B
Data_26938_A,Data_26938_B
Data_26939_A,Data_26939_B
Data_26940_A,Data_26940_B
Data_26941_A,Data_26941_B
Data_26942_A,Data_26942_B
Data_26943_A,Data_26943_B
Data_26944_A,Data_26944_B
Data_26945_A,Data_26945_B
Data_26946_A,Data_26946_B
Data_26947_A,Data_26947_B
Data_26948_A,Data_26948_B
Data_26949_A,Data_26949_B
Data_26950_A,Data_26950_B
Data_26951_A,Data_26951_B
Data_26952_A,Data_26952_B
Data_26953_A,Data_26953_B
Data_26954_A,Data_26954_B
Data_26955_A,Data_26955_B
Data_26956_A,Data_26956_B
Data_26957_A,Data_26957_B
Data_26958_A,Data_26958_B
Data_26959_A,Data_26959_B
Data_26960_A,Data_26960_B
Data_26961_A,Data_26961_B
Data_26962_A,Data_26962_B
Data_26963_A,Data_26963_B
Data_26964_A,Data_26964_B
Data_26965_A,Data_26965_B
Data_26966_A,Data_26966_B
Data_26967_A,Data_26967_B
Data_26968_A,Data_26968_B
Data_26969_A,Data_26969_B
Data_26970_A,Data_26970_B
Data_26971_A,Data_26971_B
Data_26972_A,Data_26972_B
Data_26973_A,Data_26973_B
Data_26974_A,Data_26974_B
Data_26975_A,Data_26975_B
Data_26976_A,Data_26976_B
Data_26977_A,Data_26977_B
Data_26978_A,Data_26978_B
Data_26979_A,Data_26979_B
Data_26980_A,Data_26980_B
Data_26981_A,Data_26981_B
Data_26982_A,Data_26982_B
Data_26983_A,Data_26983_B
Data_26984_A,Data_26984_B
Data_26985_A,Data_26985_B
Data_26986_A,Data_26986_B
Data_26987_A,Data_26987_B
Data_26988_A,Data_26988_B
Data_26989_A,Data_26989_B
Data_26990_A,Data_26990_B
Data_26991_A,Data_26991_B
Data_26992_A,Data_26992_B
Data_26993_A,Data_26993_B
Data_26994_A,Data_26994_B
Data_26995_A,Data_26995_B
Data_26996_A,Data_26996_B
Data_26997_A,Data_26997_B
Data_26998_A,Data_26998_B
Data_26999_A,Data_26999_B
Data_27000_A,Data_27000_B
Data_27001_A,Data_27001_B
Data_27002_A,Data_27002_B
Data_27003_A,Data_27003_B
Data_27004_A,Data_27004_B
Data_27005_A,Data_27005_B
Data_27006_A,Data_27006_B
Data_27007_A,Data_27007_B
Data_27008_A,Data_27008_B
Data_27009_A,Data_27009_B
Data_27010_A,Data_27010_B
Data_27011_A,Data_27011_B
Data_27012_A,Data_27012_B
Data_27013_A,Data_27013_B
Data_27014_A,Data_27014_B
Data_27015_A,Data_27015_B
Data_27016_A,Data_27016_B
Data_27017_A,Data_27017_B
Data_27018_A,Data_27018_B
Data_27019_A,Data_27019_B
Data_27020_A,Data_27020_B
Data_27021_A,Data_27021_B
Data_27022_A,Data_27022_B
Data_27023_A,Data_27023_B
Data_27024_A,Data_27024_B
Data_27025_A,Data_27025_B
Data_27026_A,Data_27026_B
Data_27027_A,Data_27027_B
Data_27028_A,Data_27028_B
Data_27029_A,Data_27029_B
Data_27030_A,Data_27030_B
Data_27031_A,Data_27031_B
Data_27032_A,Data_27032_B
Data_27033_A,Data_27033_B
Data_27034_A,Data_27034_B
Data_27035_A,Data_27035_B
Data_27036_A,Data_27036_B
Data_27037_A,Data_27037_B
Data_27038_A,Data_27038_B
Data_27039_A,Data_27039_B
Data_27040_A,Data_27040_B
Data_27041_A,Data_27041_B
Data_27042_A,Data_27042_B
Data_27043_A,Data_27043_B
Data_27044_A,Data_27044_B
Data_27045_A,Data_27045_B
Data_27046_A,Data_27046_B
Data_27047_A,Data_27047_B
Data_27048_A,Data_27048_B
Data_27049_A,Data_27049_B
Data_27050_A,Data_27050_B
Data_27051_A,Data_27051_B
Data_27052_A,Data_27052_B
Data_27053_A,Data_27053_B
Data_27054_A,Data_27054_B
Data_27055_A,Data_27055_B
Data_27056_A,Data_27056_B
Data_27057_A,Data_27057_B
Data_27058_A,Data_27058_B
Data_27059_A,Data_27059_B
Data_27060_A,Data_27060_B
Data_27061_A,Data_27061_B
Data_27062_A,Data_27062_B
Data_27063_A,Data_27063_B
Data_27064_A,Data_27064_B
Data_27065_A,Data_27065_B
Data_27066_A,Data_27066_B
Data_27067_A,Data_27067_B
Data_27068_A,Data_27068_B
Data_27069_A,Data_27069_B
Data_27070_A,Data_27070_B
Data_27071_A,Data_27071_B
Data_27072_A,Data_27072_B
Data_27073_A,Data_27073_B
Data_27074_A,Data_27074_B
Data_27075_A,Data_27075_B
Data_27076_A,Data_27076_B
Data_27077_A,Data_27077_B
Data_27078_A,Data_27078_B
Data_27079_A,Data_27079_B
Data_27080_A,Data_27080_B
Data_27081_A,Data_27081_B
Data_27082_A,Data_27082_B
Data_27083_A,Data_27083_B
Data_27084_A,Data_27084_B
Data_27085_A,Data_27085_B
Data_27086_A,Data_27086_B
Data_27087_A,Data_27087_B
Data_27088_A,Data_27088_B
Data_27089_A,Data_27089_B
Data_27090_A,Data_27090_B
Data_27091_A,Data_27091_B
Data_27092_A,Data_27092_B
Data_27093_A,Data_27093_B
Data_27094_A,Data_27094_B
Data_27095_A,Data_27095_B
Data_27096_A,Data_27096_B
Data_27097_A,Data_27097_B
Data_27098_A,Data_27098_B
Data_27099_A,Data_27099_B
Data_27100_A,Data_27100_B
Data_27101_A,Data_27101_B
Data_27102_A,Data_27102_B
Data_27103_A,Data_27103_B
Data_27104_A,Data_27104_B
Data_27105_A,Data_27105_B
Data_27106_A,Data_27106_B
Data_27107_A,Data_27107_B
Data_27108_A,Data_27108_B
Data_27109_A,Data_27109_B
Data_27110_A,Data_27110_B
Data_27111_A,Data_27111_B
Data_27112_A,Data_27112_B
Data_27113_A,Data_27113_B
Data_27114_A,Data_27114_B
Data_27115_A,Data_27115_B
Data_27116_A,Data_27116_B
Data_27117_A,Data_27117_B
Data_27118_A,Data_27118_B
Data_27119_A,Data_27119_B
Data_27120_A,Data_27120_B
Data_27121_A,Data_27121_B
Data_27122_A,Data_27122_B
Data_27123_A,Data_27123_B
Data_27124_A,Data_27124_B
Data_27125_A,Data_27125_B
Data_27126_A,Data_27126_B
Data_27127_A,Data_27127_B
Data_27128_A,Data_27128_B
Data_27129_A,Data_27129_B
Data_27130_A,Data_27130_B
Data_27131_A,Data_27131_B
Data_27132_A,Data_27132_B
Data_27133_A,Data_27133_B
Data_27134_A,Data_27134_B
Data_27135_A,Data_27135_B
Data_27136_A,Data_27136_B
Data_27137_A,Data_27137_B
Data_27138_A,Data_27138_B
Data_27139_A,Data_27139_B
Data_27140_A,Data_27140_B
Data_27141_A,Data_27141_B
Data_27142_A,Data_27142_B
Data_27143_A,Data_27143_B
Data_27144_A,Data_27144_B
Data_27145_A,Data_27145_B
Data_27146_A,Data_27146_B
Data_27147_A,Data_27147_B
Data_27148_A,Data_27148_B
Data_27149_A,Data_27149_B
Data_27150_A,Data_27150_B
Data_27151_A,Data_27151_B
Data_27152_A,Data_27152_B
Data_27153_A,Data_27153_B
Data_27154_A,Data_27154_B
Data_27155_A,Data_27155_B
Data_27156_A,Data_27156_B
Data_27157_A,Data_27157_B
Data_27158_A,Data_27158_B
Data_27159_A,Data_27159_B
Data_27160_A,Data_27160_B
Data_27161_A,Data_27161_B
Data_27162_A,Data_27162_B
Data_27163_A,Data_27163_B
Data_27164_A,Data_27164_B
Data_27165_A,Data_27165_B
Data_27166_A,Data_27166_B
Data_27167_A,Data_27167_B
Data_27168_A,Data_27168_B
Data_27169_A,Data_27169_B
Data_27170_A,Data_27170_B
Data_27171_A,Data_27171_B
Data_27172_A,Data_27172_B
Data_27173_A,Data_27173_B
Data_27174_A,Data_27174_B
Data_27175_A,Data_27175_B
Data_27176_A,Data_27176_B
Data_27177_A,Data_27177_B
Data_27178_A,Data_27178_B
Data_27179_A,Data_27179_B
Data_27180_A,Data_27180_B
Data_27181_A,Data_27181_B
Data_27182_A,Data_27182_B
Data_27183_A,Data_27183_B
Data_27184_A,Data_27184_B
Data_27185_A,Data_27185_B
Data_27186_A,Data_27186_B
Data_27187_A,Data_27187_B
Data_27188_A,Data_27188_B
Data_27189_A,Data_27189_B
Data_27190_A,Data_27190_B
Data_27191_A,Data_27191_B
Data_27192_A,Data_27192_B
Data_27193_A,Data_27193_B
Data_27194_A,Data_27194_B
Data_27195_A,Data_27195_B
Data_27196_A,Data_27196_B
Data_27197_A,Data_27197_B
Data_27198_A,Data_27198_B
Data_27199_A,Data_27199_B
Data_27200_A,Data_27200_B
Data_27201_A,Data_27201_B
Data_27202_A,Data_27202_B
Data_27203_A,Data_27203_B
Data_27204_A,Data_27204_B
Data_27205_A,Data_27205_B
Data_27206_A,Data_27206_B
Data_27207_A,Data_27207_B
Data_27208_A,Data_27208_B
Data_27209_A,Data_27209_B
Data_27210_A,Data_27210_B
Data_27211_A,Data_27211_B
Data_27212_A,Data_27212_B
Data_27213_A,Data_27213_B
Data_27214_A,Data_27214_B
Data_27215_A,Data_27215_B
Data_27216_A,Data_27216_B
Data_27217_A,Data_27217_B
Data_27218_A,Data_27218_B
Data_27219_A,Data_27219_B
Data_27220_A,Data_27220_B
Data_27221_A,Data_27221_B
Data_27222_A,Data_27222_B
Data_27223_A,Data_27223_B
Data_27224_A,Data_27224_B
Data_27225_A,Data_27225_B
Data_27226_A,Data_27226_B
Data_27227_A,Data_27227_B
Data_27228_A,Data_27228_B
Data_27229_A,Data_27229_B
Data_27230_A,Data_27230_B
Data_27231_A,Data_27231_B
Data_27232_A,Data_27232_B
Data_27233_A,Data_27233_B
Data_27234_A,Data_27234_B
Data_27235_A,Data_27235_B
Data_27236_A,Data_27236_B
Data_27237_A,Data_27237_B
Data_27238_A,Data_27238_B
Data_27239_A,Data_27239_B
Data_27240_A,Data_27240_B
Data_27241_A,Data_27241_B
Data_27242_A,Data_27242_B
Data_27243_A,Data_27243_B
Data_27244_A,Data_27244_B
Data_27245_A,Data_27245_B
Data_27246_A,Data_27246_B
Data_27247_A,Data_27247_B
Data_27248_A,Data_27248_B
Data_27249_A,Data_27249_B
Data_27250_A,Data_27250_B
Data_27251_A,Data_27251_B
Data_27252_A,Data_27252_B
Data_27253_A,Data_27253_B
Data_27254_A,Data_27254_B
Data_27255_A,Data_27255_B
Data_27256_A,Data_27256_B
Data_27257_A,Data_27257_B
Data_27258_A,Data_27258_B
Data_27259_A,Data_27259_B
Data_27260_A,Data_27260_B
Data_27261_A,Data_27261_B
Data_27262_A,Data_27262_B
Data_27263_A,Data_27263_B
Data_27264_A,Data_27264_B
Data_27265_A,Data_27265_B
Data_27266_A,Data_27266_B
Data_27267_A,Data_27267_B
Data_27268_A,Data_27268_B
Data_27269_A,Data_27269_B
Data_27270_A,Data_27270_B
Data_27271_A,Data_27271_B
Data_27272_A,Data_27272_B
Data_27273_A,Data_27273_B
Data_27274_A,Data_27274_B
Data_27275_A,Data_27275_B
Data_27276_A,Data_27276_B
Data_27277_A,Data_27277_B
Data_27278_A,Data_27278_B
Data_27279_A,Data_27279_B
Data_27280_A,Data_27280_B
Data_27281_A,Data_27281_B
Data_27282_A,Data_27282_B
Data_27283_A,Data_27283_B
Data_27284_A,Data_27284_B
Data_27285_A,Data_27285_B
Data_27286_A,Data_27286_B
Data_27287_A,Data_27287_B
Data_27288_A,Data_27288_B
Data_27289_A,Data_27289_B
Data_27290_A,Data_27290_B
Data_27291_A,Data_27291_B
Data_27292_A,Data_27292_B
Data_27293_A,Data_27293_B
Data_27294_A,Data_27294_B
Data_27295_A,Data_27295_B
Data_27296_A,Data_27296_B
Data_27297_A,Data_27297_B
Data_27298_A,Data_27298_B
Data_27299_A,Data_27299_B
Data_27300_A,Data_27300_B
Data_27301_A,Data_27301_B
Data_27302_A,Data_27302_B
Data_27303_A,Data_27303_B
Data_27304_A,Data_27304_B
Data_27305_A,Data_27305_B
Data_27306_A,Data_27306_B
Data_27307_A,Data_27307_B
Data_27308_A,Data_27308_B
Data_27309_A,Data_27309_B
Data_27310_A,Data_27310_B
Data_27311_A,Data_27311_B
Data_27312_A,Data_27312_B
Data_27313_A,Data_27313_B
Data_27314_A,Data_27314_B
Data_27315_A,Data_27315_B
Data_27316_A,Data_27316_B
Data_27317_A,Data_27317_B
Data_27318_A,Data_27318_B
Data_27319_A,Data_27319_B
Data_27320_A,Data_27320_B
Data_27321_A,Data_27321_B
Data_27322_A,Data_27322_B
Data_27323_A,Data_27323_B
Data_27324_A,Data_27324_B
Data_27325_A,Data_27325_B
Data_27326_A,Data_27326_B
Data_27327_A,Data_27327_B
Data_27328_A,Data_27328_B
Data_27329_A,Data_27329_B
Data_27330_A,Data_27330_B
Data_27331_A,Data_27331_B
Data_27332_A,Data_27332_B
Data_27333_A,Data_27333_B
Data_27334_A,Data_27334_B
Data_27335_A,Data_27335_B
Data_27336_A,Data_27336_B
Data_27337_A,Data_27337_B
Data_27338_A,Data_27338_B
Data_27339_A,Data_27339_B
Data_27340_A,Data_27340_B
Data_27341_A,Data_27341_B
Data_27342_A,Data_27342_B
Data_27343_A,Data_27343_B
Data_27344_A,Data_27344_B
Data_27345_A,Data_27345_B
Data_27346_A,Data_27346_B
Data_27347_A,Data_27347_B
Data_27348_A,Data_27348_B
Data_27349_A,Data_27349_B
Data_27350_A,Data_27350_B
Data_27351_A,Data_27351_B
Data_27352_A,Data_27352_B
Data_27353_A,Data_27353_B
Data_27354_A,Data_27354_B
Data_27355_A,Data_27355_B
Data_27356_A,Data_27356_B
Data_27357_A,Data_27357_B
Data_27358_A,Data_27358_B
Data_27359_A,Data_27359_B
Data_27360_A,Data_27360_B
Data_27361_A,Data_27361_B
Data_27362_A,Data_27362_B
Data_27363_A,Data_27363_B
Data_27364_A,Data_27364_B
Data_27365_A,Data_27365_B
Data_27366_A,Data_27366_B
Data_27367_A,Data_27367_B
Data_27368_A,Data_27368_B
Data_27369_A,Data_27369_B
Data_27370_A,Data_27370_B
Data_27371_A,Data_27371_B
Data_27372_A,Data_27372_B
Data_27373_A,Data_27373_B
Data_27374_A,Data_27374_B
Data_27375_A,Data_27375_B
Data_27376_A,Data_27376_B
Data_27377_A,Data_27377_B
Data_27378_A,Data_27378_B
Data_27379_A,Data_27379_B
Data_27380_A,Data_27380_B
Data_27381_A,Data_27381_B
Data_27382_A,Data_27382_B
Data_27383_A,Data_27383_B
Data_27384_A,Data_27384_B
Data_27385_A,Data_27385_B
Data_27386_A,Data_27386_B
Data_27387_A,Data_27387_B
Data_27388_A,Data_27388_B
Data_27389_A,Data_27389_B
Data_27390_A,Data_27390_B
Data_27391_A,Data_27391_B
Data_27392_A,Data_27392_B
Data_27393_A,Data_27393_B
Data_27394_A,Data_27394_B
Data_27395_A,Data_27395_B
Data_27396_A,Data_27396_B
Data_27397_A,Data_27397_B
Data_27398_A,Data_27398_B
Data_27399_A,Data_27399_B
Data_27400_A,Data_27400_B
Data_27401_A,Data_27401_B
Data_27402_A,Data_27402_B
Data_27403_A,Data_27403_B
Data_27404_A,Data_27404_B
Data_27405_A,Data_27405_B
Data_27406_A,Data_27406_B
Data_27407_A,Data_27407_B
Data_27408_A,Data_27408_B
Data_27409_A,Data_27409_B
Data_27410_A,Data_27410_B
Data_27411_A,Data_27411_B
Data_27412_A,Data_27412_B
Data_27413_A,Data_27413_B
Data_27414_A,Data_27414_B
Data_27415_A,Data_27415_B
Data_27416_A,Data_27416_B
Data_27417_A,Data_27417_B
Data_27418_A,Data_27418_B
Data_27419_A,Data_27419_B
Data_27420_A,Data_27420_B
Data_27421_A,Data_27421_B
Data_27422_A,Data_27422_B
Data_27423_A,Data_27423_B
Data_27424_A,Data_27424_B
Data_27425_A,Data_27425_B
Data_27426_A,Data_27426_B
Data_27427_A,Data_27427_B
Data_27428_A,Data_27428_B
Data_27429_A,Data_27429_B
Data_27430_A,Data_27430_B
Data_27431_A,Data_27431_B
Data_27432_A,Data_27432_B
Data_27433_A,Data_27433_B
Data_27434_A,Data_27434_B
Data_27435_A,Data_27435_B
Data_27436_A,Data_27436_B
Data_27437_A,Data_27437_B
Data_27438_A,Data_27438_B
Data_27439_A,Data_27439_B
Data_27440_A,Data_27440_B
Data_27441_A,Data_27441_B
Data_27442_A,Data_27442_B
Data_27443_A,Data_27443_B
Data_27444_A,Data_27444_B
Data_27445_A,Data_27445_B
Data_27446_A,Data_27446_B
Data_27447_A,Data_27447_B
Data_27448_A,Data_27448_B
Data_27449_A,Data_27449_B
Data_27450_A,Data_27450_B
Data_27451_A,Data_27451_B
Data_27452_A,Data_27452_B
Data_27453_A,Data_27453_B
Data_27454_A,Data_27454_B
Data_27455_A,Data_27455_B
Data_27456_A,Data_27456_B
Data_27457_A,Data_27457_B
Data_27458_A,Data_27458_B
Data_27459_A,Data_27459_B
Data_27460_A,Data_27460_B
Data_27461_A,Data_27461_B
Data_27462_A,Data_27462_B
Data_27463_A,Data_27463_B
Data_27464_A,Data_27464_B
Data_27465_A,Data_27465_B
Data_27466_A,Data_27466_B
Data_27467_A,Data_27467_B
Data_27468_A,Data_27468_B
Data_27469_A,Data_27469_B
Data_27470_A,Data_27470_B
Data_27471_A,Data_27471_B
Data_27472_A,Data_27472_B
Data_27473_A,Data_27473_B
Data_27474_A,Data_27474_B
Data_27475_A,Data_27475_B
Data_27476_A,Data_27476_B
Data_27477_A,Data_27477_B
Data_27478_A,Data_27478_B
Data_27479_A,Data_27479_B
Data_27480_A,Data_27480_B
Data_27481_A,Data_27481_B
Data_27482_A,Data_27482_B
Data_27483_A,Data_27483_B
Data_27484_A,Data_27484_B
Data_27485_A,Data_27485_B
Data_27486_A,Data_27486_B
Data_27487_A,Data_27487_B
Data_27488_A,Data_27488_B
Data_27489_A,Data_27489_B
Data_27490_A,Data_27490_B
Data_27491_A,Data_27491_B
Data_27492_A,Data_27492_B
Data_27493_A,Data_27493_B
Data_27494_A,Data_27494_B
Data_27495_A,Data_27495_B
Data_27496_A,Data_27496_B
Data_27497_A,Data_27497_B
Data_27498_A,Data_27498_B
Data_27499_A,Data_27499_B
Data_27500_A,Data_27500_B
Data_27501_A,Data_27501_B
Data_27502_A,Data_27502_B
Data_27503_A,Data_27503_B
Data_27504_A,Data_27504_B
Data_27505_A,Data_27505_B
Data_27506_A,Data_27506_B
Data_27507_A,Data_27507_B
Data_27508_A,Data_27508_B
Data_27509_A,Data_27509_B
Data_27510_A,Data_27510_B
Data_27511_A,Data_27511_B
Data_27512_A,Data_27512_B
Data_27513_A,Data_27513_B
Data_27514_A,Data_27514_B
Data_27515_A,Data_27515_B
Data_27516_A,Data_27516_B
Data_27517_A,Data_27517_B
Data_27518_A,Data_27518_B
Data_27519_A,Data_27519_B
Data_27520_A,Data_27520_B
Data_27521_A,Data_27521_B
Data_27522_A,Data_27522_B
Data_27523_A,Data_27523_B
Data_27524_A,Data_27524_B
Data_27525_A,Data_27525_B
Data_27526_A,Data_27526_B
Data_27527_A,Data_27527_B
Data_27528_A,Data_27528_B
Data_27529_A,Data_27529_B
Data_27530_A,Data_27530_B
Data_27531_A,Data_27531_B
Data_27532_A,Data_27532_B
Data_27533_A,Data_27533_B
Data_27534_A,Data_27534_B
Data_27535_A,Data_27535_B
Data_27536_A,Data_27536_B
Data_27537_A,Data_27537_B
Data_27538_A,Data_27538_B
Data_27539_A,Data_27539_B
Data_27540_A,Data_27540_B
Data_27541_A,Data_27541_B
Data_27542_A,Data_27542_B
Data_27543_A,Data_27543_B
Data_27544_A,Data_27544_B
Data_27545_A,Data_27545_B
Data_27546_A,Data_27546_B
Data_27547_A,Data_27547_B
Data_27548_A,Data_27548_B
Data_27549_A,Data_27549_B
Data_27550_A,Data_27550_B
Data_27551_A,Data_27551_B
Data_27552_A,Data_27552_B
Data_27553_A,Data_27553_B
Data_27554_A,Data_27554_B
Data_27555_A,Data_27555_B
Data_27556_A,Data_27556_B
Data_27557_A,Data_27557_B
Data_27558_A,Data_27558_B
Data_27559_A,Data_27559_B
Data_27560_A,Data_27560_B
Data_27561_A,Data_27561_B
Data_27562_A,Data_27562_B
Data_27563_A,Data_27563_B
Data_27564_A,Data_27564_B
Data_27565_A,Data_27565_B
Data_27566_A,Data_27566_B
Data_27567_A,Data_27567_B
Data_27568_A,Data_27568_B
Data_27569_A,Data_27569_B
Data_27570_A,Data_27570_B
Data_27571_A,Data_27571_B
Data_27572_A,Data_27572_B
Data_27573_A,Data_27573_B
Data_27574_A,Data_27574_B
Data_27575_A,Data_27575_B
Data_27576_A,Data_27576_B
Data_27577_A,Data_27577_B
Data_27578_A,Data_27578_B
Data_27579_A,Data_27579_B
Data_27580_A,Data_27580_B
Data_27581_A,Data_27581_B
Data_27582_A,Data_27582_B
Data_27583_A,Data_27583_B
Data_27584_A,Data_27584_B
Data_27585_A,Data_27585_B
Data_27586_A,Data_27586_B
Data_27587_A,Data_27587_B
Data_27588_A,Data_27588_B
Data_27589_A,Data_27589_B
Data_27590_A,Data_27590_B
Data_27591_A,Data_27591_B
Data_27592_A,Data_27592_B
Data_27593_A,Data_27593_B
Data_27594_A,Data_27594_B
Data_27595_A,Data_27595_B
Data_27596_A,Data_27596_B
Data_27597_A,Data_27597_B
Data_27598_A,Data_27598_B
Data_27599_A,Data_27599_B
Data_27600_A,Data_27600_B
Data_27601_A,Data_27601_B
Data_27602_A,Data_27602_B
Data_27603_A,Data_27603_B
Data_27604_A,Data_27604_B
Data_27605_A,Data_27605_B
Data_27606_A,Data_27606_B
Data_27607_A,Data_27607_B
Data_27608_A,Data_27608_B
Data_27609_A,Data_27609_B
Data_27610_A,Data_27610_B
Data_27611_A,Data_27611_B
Data_27612_A,Data_27612_B
Data_27613_A,Data_27613_B
Data_27614_A,Data_27614_B
Data_27615_A,Data_27615_B
Data_27616_A,Data_27616_B
Data_27617_A,Data_27617_B
Data_27618_A,Data_27618_B
Data_27619_A,Data_27619_B
Data_27620_A,Data_27620_B
Data_27621_A,Data_27621_B
Data_27622_A,Data_27622_B
Data_27623_A,Data_27623_B
Data_27624_A,Data_27624_B
Data_27625_A,Data_27625_B
Data_27626_A,Data_27626_B
Data_27627_A,Data_27627_B
Data_27628_A,Data_27628_B
Data_27629_A,Data_27629_B
Data_27630_A,Data_27630_B
Data_27631_A,Data_27631_B
Data_27632_A,Data_27632_B
Data_27633_A,Data_27633_B
Data_27634_A,Data_27634_B
Data_27635_A,Data_27635_B
Data_27636_A,Data_27636_B
Data_27637_A,Data_27637_B
Data_27638_A,Data_27638_B
Data_27639_A,Data_27639_B
Data_27640_A,Data_27640_B
Data_27641_A,Data_27641_B
Data_27642_A,Data_27642_B
Data_27643_A,Data_27643_B
Data_27644_A,Data_27644_B
Data_27645_A,Data_27645_B
Data_27646_A,Data_27646_B
Data_27647_A,Data_27647_B
Data_27648_A,Data_27648_B
Data_27649_A,Data_27649_B
Data_27650_A,Data_27650_B
Data_27651_A,Data_27651_B
Data_27652_A,Data_27652_B
Data_27653_A,Data_27653_B
Data_27654_A,Data_27654_B
Data_27655_A,Data_27655_B
Data_27656_A,Data_27656_B
Data_27657_A,Data_27657_B
Data_27658_A,Data_27658_B
Data_27659_A,Data_27659_B
Data_27660_A,Data_27660_B
Data_27661_A,Data_27661_B
Data_27662_A,Data_27662_B
Data_27663_A,Data_27663_B
Data_27664_A,Data_27664_B
Data_27665_A,Data_27665_B
Data_27666_A,Data_27666_B
Data_27667_A,Data_27667_B
Data_27668_A,Data_27668_B
Data_27669_A,Data_27669_B
Data_27670_A,Data_27670_B
Data_27671_A,Data_27671_B
Data_27672_A,Data_27672_B
Data_27673_A,Data_27673_B
Data_27674_A,Data_27674_B
Data_27675_A,Data_27675_B
Data_27676_A,Data_27676_B
Data_27677_A,Data_27677_B
Data_27678_A,Data_27678_B
Data_27679_A,Data_27679_B
Data_27680_A,Data_27680_B
Data_27681_A,Data_27681_B
Data_27682_A,Data_27682_B
Data_27683_A,Data_27683_B
Data_27684_A,Data_27684_B
Data_27685_A,Data_27685_B
Data_27686_A,Data_27686_B
Data_27687_A,Data_27687_B
Data_27688_A,Data_27688_B
Data_27689_A,Data_27689_B
Data_27690_A,Data_27690_B
Data_27691_A,Data_27691_B
Data_27692_A,Data_27692_B
Data_27693_A,Data_27693_B
Data_27694_A,Data_27694_B
Data_27695_A,Data_27695_B
Data_27696_A,Data_27696_B
Data_27697_A,Data_27697_B
Data_27698_A,Data_27698_B
Data_27699_A,Data_27699_B
Data_27700_A,Data_27700_B
Data_27701_A,Data_27701_B
Data_27702_A,Data_27702_B
Data_27703_A,Data_27703_B
Data_27704_A,Data_27704_B
Data_27705_A,Data_27705_B
Data_27706_A,Data_27706_B
Data_27707_A,Data_27707_B
Data_27708_A,Data_27708_B
Data_27709_A,Data_27709_B
Data_27710_A,Data_27710_B
Data_27711_A,Data_27711_B
Data_27712_A,Data_27712_B
Data_27713_A,Data_27713_B
Data_27714_A,Data_27714_B
Data_27715_A,Data_27715_B
Data_27716_A,Data_27716_B
Data_27717_A,Data_27717_B
Data_27718_A,Data_27718_B
Data_27719_A,Data_27719_B
Data_27720_A,Data_27720_B
Data_27721_A,Data_27721_B
Data_27722_A,Data_27722_B
Data_27723_A,Data_27723_B
Data_27724_A,Data_27724_B
Data_27725_A,Data_27725_B
Data_27726_A,Data_27726_B
Data_27727_A,Data_27727_B
Data_27728_A,Data_27728_B
Data_27729_A,Data_27729_B
Data_27730_A,Data_27730_B
Data_27731_A,Data_27731_B
Data_27732_A,Data_27732_B
Data_27733_A,Data_27733_B
Data_27734_A,Data_27734_B
Data_27735_A,Data_27735_B
Data_27736_A,Data_27736_B
Data_27737_A,Data_27737_B
Data_27738_A,Data_27738_B
Data_27739_A,Data_27739_B
Data_27740_A,Data_27740_B
Data_27741_A,Data_27741_B
Data_27742_A,Data_27742_B
Data_27743_A,Data_27743_B
Data_27744_A,Data_27744_B
Data_27745_A,Data_27745_B
Data_27746_A,Data_27746_B
Data_27747_A,Data_27747_B
Data_27748_A,Data_27748_B
Data_27749_A,Data_27749_B
Data_27750_A,Data_27750_B
Data_27751_A,Data_27751_B
Data_27752_A,Data_27752_B
Data_27753_A,Data_27753_B
Data_27754_A,Data_27754_B
Data_27755_A,Data_27755_B
Data_27756_A,Data_27756_B
Data_27757_A,Data_27757_B
Data_27758_A,Data_27758_B
Data_27759_A,Data_27759_B
Data_27760_A,Data_27760_B
Data_27761_A,Data_27761_B
Data_27762_A,Data_27762_B
Data_27763_A,Data_27763_B
Data_27764_A,Data_27764_B
Data_27765_A,Data_27765_B
Data_27766_A,Data_27766_B
Data_27767_A,Data_27767_B
Data_27768_A,Data_27768_B
Data_27769_A,Data_27769_B
Data_27770_A,Data_27770_B
Data_27771_A,Data_27771_B
Data_27772_A,Data_27772_B
Data_27773_A,Data_27773_B
Data_27774_A,Data_27774_B
Data_27775_A,Data_27775_B
Data_27776_A,Data_27776_B
Data_27777_A,Data_27777_B
Data_27778_A,Data_27778_B
Data_27779_A,Data_27779_B
Data_27780_A,Data_27780_B
Data_27781_A,Data_27781_B
Data_27782_A,Data_27782_B
Data_27783_A,Data_27783_B
Data_27784_A,Data_27784_B
Data_27785_A,Data_27785_B
Data_27786_A,Data_27786_B
Data_27787_A,Data_27787_B
Data_27788_A,Data_27788_B
Data_27789_A,Data_27789_B
Data_27790_A,Data_27790_B
Data_27791_A,Data_27791_B
Data_27792_A,Data_27792_B
Data_27793_A,Data_27793_B
Data_27794_A,Data_27794_B
Data_27795_A,Data_27795_B
Data_27796_A,Data_27796_B
Data_27797_A,Data_27797_B
Data_27798_A,Data_27798_B
Data_27799_A,Data_27799_B
Data_27800_A,Data_27800_B
Data_27801_A,Data_27801_B
Data_27802_A,Data_27802_B
Data_27803_A,Data_27803_B
Data_27804_A,Data_27804_B
Data_27805_A,Data_27805_B
Data_27806_A,Data_27806_B
Data_27807_A,Data_27807_B
Data_27808_A,Data_27808_B
Data_27809_A,Data_27809_B
Data_27810_A,Data_27810_B
Data_27811_A,Data_27811_B
Data_27812_A,Data_27812_B
Data_27813_A,Data_27813_B
Data_27814_A,Data_27814_B
Data_27815_A,Data_27815_B
Data_27816_A,Data_27816_B
Data_27817_A,Data_27817_B
Data_27818_A,Data_27818_B
Data_27819_A,Data_27819_B
Data_27820_A,Data_27820_B
Data_27821_A,Data_27821_B
Data_27822_A,Data_27822_B
Data_27823_A,Data_27823_B
Data_27824_A,Data_27824_B
Data_27825_A,Data_27825_B
Data_27826_A,Data_27826_B
Data_27827_A,Data_27827_B
Data_27828_A,Data_27828_B
Data_27829_A,Data_27829_B
Data_27830_A,Data_27830_B
Data_27831_A,Data_27831_B
Data_27832_A,Data_27832_B
Data_27833_A,Data_27833_B
Data_27834_A,Data_27834_B
Data_27835_A,Data_27835_B
Data_27836_A,Data_27836_B
Data_27837_A,Data_27837_B
Data_27838_A,Data_27838_B
Data_27839_A,Data_27839_B
Data_27840_A,Data_27840_B
Data_27841_A,Data_27841_B
Data_27842_A,Data_27842_B
Data_27843_A,Data_27843_B
Data_27844_A,Data_27844_B
Data_27845_A,Data_27845_B
Data_27846_A,Data_27846_B
Data_27847_A,Data_27847_B
Data_27848_A,Data_27848_B
Data_27849_A,Data_27849_B
Data_27850_A,Data_27850_B
Data_27851_A,Data_27851_B
Data_27852_A,Data_27852_B
Data_27853_A,Data_27853_B
Data_27854_A,Data_27854_B
Data_27855_A,Data_27855_B
Data_27856_A,Data_27856_B
Data_27857_A,Data_27857_B
Data_27858_A,Data_27858_B
Data_27859_A,Data_27859_B
Data_27860_A,Data_27860_B
Data_27861_A,Data_27861_B
Data_27862_A,Data_27862_B
Data_27863_A,Data_27863_B
Data_27864_A,Data_27864_B
Data_27865_A,Data_27865_B
Data_27866_A,Data_27866_B
Data_27867_A,Data_27867_B
Data_27868_A,Data_27868_B
Data_27869_A,Data_27869_B
Data_27870_A,Data_27870_B
Data_27871_A,Data_27871_B
Data_27872_A,Data_27872_B
Data_27873_A,Data_27873_B
Data_27874_A,Data_27874_B
Data_27875_A,Data_27875_B
Data_27876_A,Data_27876_B
Data_27877_A,Data_27877_B
Data_27878_A,Data_27878_B
Data_27879_A,Data_27879_B
Data_27880_A,Data_27880_B
Data_27881_A,Data_27881_B
Data_27882_A,Data_27882_B
Data_27883_A,Data_27883_B
Data_27884_A,Data_27884_B
Data_27885_A,Data_27885_B
Data_27886_A,Data_27886_B
Data_27887_A,Data_27887_B
Data_27888_A,Data_27888_B
Data_27889_A,Data_27889_B
Data_27890_A,Data_27890_B
Data_27891_A,Data_27891_B
Data_27892_A,Data_27892_B
Data_27893_A,Data_27893_B
Data_27894_A,Data_27894_B
Data_27895_A,Data_27895_B
Data_27896_A,Data_27896_B
Data_27897_A,Data_27897_B
Data_27898_A,Data_27898_B
Data_27899_A,Data_27899_B
Data_27900_A,Data_27900_B
Data_27901_A,Data_27901_B
Data_27902_A,Data_27902_B
Data_27903_A,Data_27903_B
Data_27904_A,Data_27904_B
Data_27905_A,Data_27905_B
Data_27906_A,Data_27906_B
Data_27907_A,Data_27907_B
Data_27908_A,Data_27908_B
Data_27909_A,Data_27909_B
Data_27910_A,Data_27910_B
Data_27911_A,Data_27911_B
Data_27912_A,Data_27912_B
Data_27913_A,Data_27913_B
Data_27914_A,Data_27914_B
Data_27915_A,Data_27915_B
Data_27916_A,Data_27916_B
Data_27917_A,Data_27917_B
Data_27918_A,Data_27918_B
Data_27919_A,Data_27919_B
Data_27920_A,Data_27920_B
Data_27921_A,Data_27921_B
Data_27922_A,Data_27922_B
Data_27923_A,Data_27923_B
Data_27924_A,Data_27924_B
Data_27925_A,Data_27925_B
Data_27926_A,Data_27926_B
Data_27927_A,Data_27927_B
Data_27928_A,Data_27928_B
Data_27929_A,Data_27929_B
Data_27930_A,Data_27930_B
Data_27931_A,Data_27931_B
Data_27932_A,Data_27932_B
Data_27933_A,Data_27933_B
Data_27934_A,Data_27934_B
Data_27935_A,Data_27935_B
Data_27936_A,Data_27936_B
Data_27937_A,Data_27937_B
Data_27938_A,Data_27938_B
Data_27939_A,Data_27939_B
Data_27940_A,Data_27940_B
Data_27941_A,Data_27941_B
Data_27942_A,Data_27942_B
Data_27943_A,Data_27943_B
Data_27944_A,Data_27944_B
Data_27945_A,Data_27945_B
Data_27946_A,Data_27946_B
Data_27947_A,Data_27947_B
Data_27948_A,Data_27948_B
Data_27949_A,Data_27949_B
Data_27950_A,Data_27950_B
Data_27951_A,Data_27951_B
Data_27952_A,Data_27952_B
Data_27953_A,Data_27953_B
Data_27954_A,Data_27954_B
Data_27955_A,Data_27955_B
Data_27956_A,Data_27956_B
Data_27957_A,Data_27957_B
Data_27958_A,Data_27958_B
Data_27959_A,Data_27959_B
Data_27960_A,Data_27960_B
Data_27961_A,Data_27961_B
Data_27962_A,Data_27962_B
Data_27963_A,Data_27963_B
Data_27964_A,Data_27964_B
Data_27965_A,Data_27965_B
Data_27966_A,Data_27966_B
Data_27967_A,Data_27967_B
Data_27968_A,Data_27968_B
Data_27969_A,Data_27969_B
Data_27970_A,Data_27970_B
Data_27971_A,Data_27971_B
Data_27972_A,Data_27972_B
Data_27973_A,Data_27973_B
Data_27974_A,Data_27974_B
Data_27975_A,Data_27975_B
Data_27976_A,Data_27976_B
Data_27977_A,Data_27977_B
Data_27978_A,Data_27978_B
Data_27979_A,Data_27979_B
Data_27980_A,Data_27980_B
Data_27981_A,Data_27981_B
Data_27982_A,Data_27982_B
Data_27983_A,Data_27983_B
Data_27984_A,Data_27984_B
Data_27985_A,Data_27985_B
Data_27986_A,Data_27986_B
Data_27987_A,Data_27987_B
Data_27988_A,Data_27988_B
Data_27989_A,Data_27989_B
Data_27990_A,Data_27990_B
Data_27991_A,Data_27991_B
Data_27992_A,Data_27992_B
Data_27993_A,Data_27993_B
Data_27994_A,Data_27994_B
Data_27995_A,Data_27995_B
Data_27996_A,Data_27996_B
Data_27997_A,Data_27997_B
Data_27998_A,Data_27998_B
Data_27999_A,Data_27999_B
Data_28000_A,Data_28000_B
Data_28001_A,Data_28001_B
Data_28002_A,Data_28002_B
Data_28003_A,Data_28003_B
Data_28004_A,Data_28004_B
Data_28005_A,Data_28005_B
Data_28006_A,Data_28006_B
Data_28007_A,Data_28007_B
Data_28008_A,Data_28008_B
Data_28009_A,Data_28009_B
Data_28010_A,Data_28010_B
Data_28011_A,Data_28011_B
Data_28012_A,Data_28012_B
Data_28013_A,Data_28013_B
Data_28014_A,Data_28014_B
Data_28015_A,Data_28015_B
Data_28016_A,Data_28016_B
Data_28017_A,Data_28017_B
Data_28018_A,Data_28018_B
Data_28019_A,Data_28019_B
Data_28020_A,Data_28020_B
Data_28021_A,Data_28021_B
Data_28022_A,Data_28022_B
Data_28023_A,Data_28023_B
Data_28024_A,Data_28024_B
Data_28025_A,Data_28025_B
Data_28026_A,Data_28026_B
Data_28027_A,Data_28027_B
Data_28028_A,Data_28028_B
Data_28029_A,Data_28029_B
Data_28030_A,Data_28030_B
Data_28031_A,Data_28031_B
Data_28032_A,Data_28032_B
Data_28033_A,Data_28033_B
Data_28034_A,Data_28034_B
Data_28035_A,Data_28035_B
Data_28036_A,Data_28036_B
Data_28037_A,Data_28037_B
Data_28038_A,Data_28038_B
Data_28039_A,Data_28039_B
Data_28040_A,Data_28040_B
Data_28041_A,Data_28041_B
Data_28042_A,Data_28042_B
Data_28043_A,Data_28043_B
Data_28044_A,Data_28044_B
Data_28045_A,Data_28045_B
Data_28046_A,Data_28046_B
Data_28047_A,Data_28047_B
Data_28048_A,Data_28048_B
Data_28049_A,Data_28049_B
Data_28050_A,Data_28050_B
Data_28051_A,Data_28051_B
Data_28052_A,Data_28052_B
Data_28053_A,Data_28053_B
Data_28054_A,Data_28054_B
Data_28055_A,Data_28055_B
Data_28056_A,Data_28056_B
Data_28057_A,Data_28057_B
Data_28058_A,Data_28058_B
Data_28059_A,Data_28059_B
Data_28060_A,Data_28060_B
Data_28061_A,Data_28061_B
Data_28062_A,Data_28062_B
Data_28063_A,Data_28063_B
Data_28064_A,Data_28064_B
Data_28065_A,Data_28065_B
Data_28066_A,Data_28066_B
Data_28067_A,Data_28067_B
Data_28068_A,Data_28068_B
Data_28069_A,Data_28069_B
Data_28070_A,Data_28070_B
Data_28071_A,Data_28071_B
Data_28072_A,Data_28072_B
Data_28073_A,Data_28073_B
Data_28074_A,Data_28074_B
Data_28075_A,Data_28075_B
Data_28076_A,Data_28076_B
Data_28077_A,Data_28077_B
Data_28078_A,Data_28078_B
Data_28079_A,Data_28079_B
Data_28080_A,Data_28080_B
Data_28081_A,Data_28081_B
Data_28082_A,Data_28082_B
Data_28083_A,Data_28083_B
Data_28084_A,Data_28084_B
Data_28085_A,Data_28085_B
Data_28086_A,Data_28086_B
Data_28087_A,Data_28087_B
Data_28088_A,Data_28088_B
Data_28089_A,Data_28089_B
Data_28090_A,Data_28090_B
Data_28091_A,Data_28091_B
Data_28092_A,Data_28092_B
Data_28093_A,Data_28093_B
Data_28094_A,Data_28094_B
Data_28095_A,Data_28095_B
Data_28096_A,Data_28096_B
Data_28097_A,Data_28097_B
Data_28098_A,Data_28098_B
Data_28099_A,Data_28099_B
Data_28100_A,Data_28100_B
Data_28101_A,Data_28101_B
Data_28102_A,Data_28102_B
Data_28103_A,Data_28103_B
Data_28104_A,Data_28104_B
Data_28105_A,Data_28105_B
Data_28106_A,Data_28106_B
Data_28107_A,Data_28107_B
Data_28108_A,Data_28108_B
Data_28109_A,Data_28109_B
Data_28110_A,Data_28110_B
Data_28111_A,Data_28111_B
Data_28112_A,Data_28112_B
Data_28113_A,Data_28113_B
Data_28114_A,Data_28114_B
Data_28115_A,Data_28115_B
Data_28116_A,Data_28116_B
Data_28117_A,Data_28117_B
Data_28118_A,Data_28118_B
Data_28119_A,Data_28119_B
Data_28120_A,Data_28120_B
Data_28121_A,Data_28121_B
Data_28122_A,Data_28122_B
Data_28123_A,Data_28123_B
Data_28124_A,Data_28124_B
Data_28125_A,Data_28125_B
Data_28126_A,Data_28126_B
Data_28127_A,Data_28127_B
Data_28128_A,Data_28128_B
Data_28129_A,Data_28129_B
Data_28130_A,Data_28130_B
Data_28131_A,Data_28131_B
Data_28132_A,Data_28132_B
Data_28133_A,Data_28133_B
Data_28134_A,Data_28134_B
Data_28135_A,Data_28135_B
Data_28136_A,Data_28136_B
Data_28137_A,Data_28137_B
Data_28138_A,Data_28138_B
Data_28139_A,Data_28139_B
Data_28140_A,Data_28140_B
Data_28141_A,Data_28141_B
Data_28142_A,Data_28142_B
Data_28143_A,Data_28143_B
Data_28144_A,Data_28144_B
Data_28145_A,Data_28145_B
Data_28146_A,Data_28146_B
Data_28147_A,Data_28147_B
Data_28148_A,Data_28148_B
Data_28149_A,Data_28149_B
Data_28150_A,Data_28150_B
Data_28151_A,Data_28151_B
Data_28152_A,Data_28152_B
Data_28153_A,Data_28153_B
Data_28154_A,Data_28154_B
Data_28155_A,Data_28155_B
Data_28156_A,Data_28156_B
Data_28157_A,Data_28157_B
Data_28158_A,Data_28158_B
Data_28159_A,Data_28159_B
Data_28160_A,Data_28160_B
Data_28161_A,Data_28161_B
Data_28162_A,Data_28162_B
Data_28163_A,Data_28163_B
Data_28164_A,Data_28164_B
Data_28165_A,Data_28165_B
Data_28166_A,Data_28166_B
Data_28167_A,Data_28167_B
Data_28168_A,Data_28168_B
Data_28169_A,Data_28169_B
Data_28170_A,Data_28170_B
Data_28171_A,Data_28171_B
Data_28172_A,Data_28172_B
Data_28173_A,Data_28173_B
Data_28174_A,Data_28174_B
Data_28175_A,Data_28175_B
Data_28176_A,Data_28176_B
Data_28177_A,Data_28177_B
Data_28178_A,Data_28178_B
Data_28179_A,Data_28179_B
Data_28180_A,Data_28180_B
Data_28181_A,Data_28181_B
Data_28182_A,Data_28182_B
Data_28183_A,Data_28183_B
Data_28184_A,Data_28184_B
Data_28185_A,Data_28185_B
Data_28186_A,Data_28186_B
Data_28187_A,Data_28187_B
Data_28188_A,Data_28188_B
Data_28189_A,Data_28189_B
Data_28190_A,Data_28190_B
Data_28191_A,Data_28191_B
Data_28192_A,Data_28192_B
Data_28193_A,Data_28193_B
Data_28194_A,Data_28194_B
Data_28195_A,Data_28195_B
Data_28196_A,Data_28196_B
Data_28197_A,Data_28197_B
Data_28198_A,Data_28198_B
Data_28199_A,Data_28199_B
Data_28200_A,Data_28200_B
Data_28201_A,Data_28201_B
Data_28202_A,Data_28202_B
Data_28203_A,Data_28203_B
Data_28204_A,Data_28204_B
Data_28205_A,Data_28205_B
Data_28206_A,Data_28206_B
Data_28207_A,Data_28207_B
Data_28208_A,Data_28208_B
Data_28209_A,Data_28209_B
Data_28210_A,Data_28210_B
Data_28211_A,Data_28211_B
Data_28212_A,Data_28212_B
Data_28213_A,Data_28213_B
Data_28214_A,Data_28214_B
Data_28215_A,Data_28215_B
Data_28216_A,Data_28216_B
Data_28217_A,Data_28217_B
Data_28218_A,Data_28218_B
Data_28219_A,Data_28219_B
Data_28220_A,Data_28220_B
Data_28221_A,Data_28221_B
Data_28222_A,Data_28222_B
Data_28223_A,Data_28223_B
Data_28224_A,Data_28224_B
Data_28225_A,Data_28225_B
Data_28226_A,Data_28226_B
Data_28227_A,Data_28227_B
Data_28228_A,Data_28228_B
Data_28229_A,Data_28229_B
Data_28230_A,Data_28230_B
Data_28231_A,Data_28231_B
Data_28232_A,Data_28232_B
Data_28233_A,Data_28233_B
Data_28234_A,Data_28234_B
Data_28235_A,Data_28235_B
Data_28236_A,Data_28236_B
Data_28237_A,Data_28237_B
Data_28238_A,Data_28238_B
Data_28239_A,Data_28239_B
Data_28240_A,Data_28240_B
Data_28241_A,Data_28241_B
Data_28242_A,Data_28242_B
Data_28243_A,Data_28243_B
Data_28244_A,Data_28244_B
Data_28245_A,Data_28245_B
Data_28246_A,Data_28246_B
Data_28247_A,Data_28247_B
Data_28248_A,Data_28248_B
Data_28249_A,Data_28249_B
Data_28250_A,Data_28250_B
Data_28251_A,Data_28251_B
Data_28252_A,Data_28252_B
Data_28253_A,Data_28253_B
Data_28254_A,Data_28254_B
Data_28255_A,Data_28255_B
Data_28256_A,Data_28256_B
Data_28257_A,Data_28257_B
Data_28258_A,Data_28258_B
Data_28259_A,Data_28259_B
Data_28260_A,Data_28260_B
Data_28261_A,Data_28261_B
Data_28262_A,Data_28262_B
Data_28263_A,Data_28263_B
Data_28264_A,Data_28264_B
Data_28265_A,Data_28265_B
Data_28266_A,Data_28266_B
Data_28267_A,Data_28267_B
Data_28268_A,Data_28268_B
Data_28269_A,Data_28269_B
Data_28270_A,Data_28270_B
Data_28271_A,Data_28271_B
Data_28272_A,Data_28272_B
Data_28273_A,Data_28273_B
Data_28274_A,Data_28274_B
Data_28275_A,Data_28275_B
Data_28276_A,Data_28276_B
Data_28277_A,Data_28277_B
Data_28278_A,Data_28278_B
Data_28279_A,Data_28279_B
Data_28280_A,Data_28280_B
Data_28281_A,Data_28281_B
Data_28282_A,Data_28282_B
Data_28283_A,Data_28283_B
Data_28284_A,Data_28284_B
Data_28285_A,Data_28285_B
Data_28286_A,Data_28286_B
Data_28287_A,Data_28287_B
Data_28288_A,Data_28288_B
Data_28289_A,Data_28289_B
Data_28290_A,Data_28290_B
Data_28291_A,Data_28291_B
Data_28292_A,Data_28292_B
Data_28293_A,Data_28293_B
Data_28294_A,Data_28294_B
Data_28295_A,Data_28295_B
Data_28296_A,Data_28296_B
Data_28297_A,Data_28297_B
Data_28298_A,Data_28298_B
Data_28299_A,Data_28299_B
Data_28300_A,Data_28300_B
Data_28301_A,Data_28301_B
Data_28302_A,Data_28302_B
Data_28303_A,Data_28303_B
Data_28304_A,Data_28304_B
Data_28305_A,Data_28305_B
Data_28306_A,Data_28306_B
Data_28307_A,Data_28307_B
Data_28308_A,Data_28308_B
Data_28309_A,Data_28309_B
Data_28310_A,Data_28310_B
Data_28311_A,Data_28311_B
Data_28312_A,Data_28312_B
Data_28313_A,Data_28313_B
Data_28314_A,Data_28314_B
Data_28315_A,Data_28315_B
Data_28316_A,Data_28316_B
Data_28317_A,Data_28317_B
Data_28318_A,Data_28318_B
Data_28319_A,Data_28319_B
Data_28320_A,Data_28320_B
Data_28321_A,Data_28321_B
Data_28322_A,Data_28322_B
Data_28323_A,Data_28323_B
Data_28324_A,Data_28324_B
Data_28325_A,Data_28325_B
Data_28326_A,Data_28326_B
Data_28327_A,Data_28327_B
Data_28328_A,Data_28328_B
Data_28329_A,Data_28329_B
Data_28330_A,Data_28330_B
Data_28331_A,Data_28331_B
Data_28332_A,Data_28332_B
Data_28333_A,Data_28333_B
Data_28334_A,Data_28334_B
Data_28335_A,Data_28335_B
Data_28336_A,Data_28336_B
Data_28337_A,Data_28337_B
Data_28338_A,Data_28338_B
Data_28339_A,Data_28339_B
Data_28340_A,Data_28340_B
Data_28341_A,Data_28341_B
Data_28342_A,Data_28342_B
Data_28343_A,Data_28343_B
Data_28344_A,Data_28344_B
Data_28345_A,Data_28345_B
Data_28346_A,Data_28346_B
Data_28347_A,Data_28347_B
Data_28348_A,Data_28348_B
Data_28349_A,Data_28349_B
Data_28350_A,Data_28350_B
Data_28351_A,Data_28351_B
Data_28352_A,Data_28352_B
Data_28353_A,Data_28353_B
Data_28354_A,Data_28354_B
Data_28355_A,Data_28355_B
Data_28356_A,Data_28356_B
Data_28357_A,Data_28357_B
Data_28358_A,Data_28358_B
Data_28359_A,Data_28359_B
Data_28360_A,Data_28360_B
Data_28361_A,Data_28361_B
Data_28362_A,Data_28362_B
Data_28363_A,Data_28363_B
Data_28364_A,Data_28364_B
Data_28365_A,Data_28365_B
Data_28366_A,Data_28366_B
Data_28367_A,Data_28367_B
Data_28368_A,Data_28368_B
Data_28369_A,Data_28369_B
Data_28370_A,Data_28370_B
Data_28371_A,Data_28371_B
Data_28372_A,Data_28372_B
Data_28373_A,Data_28373_B
Data_28374_A,Data_28374_B
Data_28375_A,Data_28375_B
Data_28376_A,Data_28376_B
Data_28377_A,Data_28377_B
Data_28378_A,Data_28378_B
Data_28379_A,Data_28379_B
Data_28380_A,Data_28380_B
Data_28381_A,Data_28381_B
Data_28382_A,Data_28382_B
Data_28383_A,Data_28383_B
Data_28384_A,Data_28384_B
Data_28385_A,Data_28385_B
Data_28386_A,Data_28386_B
Data_28387_A,Data_28387_B
Data_28388_A,Data_28388_B
Data_28389_A,Data_28389_B
Data_28390_A,Data_28390_B
Data_28391_A,Data_28391_B
Data_28392_A,Data_28392_B
Data_28393_A,Data_28393_B
Data_28394_A,Data_28394_B
Data_28395_A,Data_28395_B
Data_28396_A,Data_28396_B
Data_28397_A,Data_28397_B
Data_28398_A,Data_28398_B
Data_28399_A,Data_28399_B
Data_28400_A,Data_28400_B
Data_28401_A,Data_28401_B
Data_28402_A,Data_28402_B
Data_28403_A,Data_28403_B
Data_28404_A,Data_28404_B
Data_28405_A,Data_28405_B
Data_28406_A,Data_28406_B
Data_28407_A,Data_28407_B
Data_28408_A,Data_28408_B
Data_28409_A,Data_28409_B
Data_28410_A,Data_28410_B
Data_28411_A,Data_28411_B
Data_28412_A,Data_28412_B
Data_28413_A,Data_28413_B
Data_28414_A,Data_28414_B
Data_28415_A,Data_28415_B
Data_28416_A,Data_28416_B
Data_28417_A,Data_28417_B
Data_28418_A,Data_28418_B
Data_28419_A,Data_28419_B
Data_28420_A,Data_28420_B
Data_28421_A,Data_28421_B
Data_28422_A,Data_28422_B
Data_28423_A,Data_28423_B
Data_28424_A,Data_28424_B
Data_28425_A,Data_28425_B
Data_28426_A,Data_28426_B
Data_28427_A,Data_28427_B
Data_28428_A,Data_28428_B
Data_28429_A,Data_28429_B
Data_28430_A,Data_28430_B
Data_28431_A,Data_28431_B
Data_28432_A,Data_28432_B
Data_28433_A,Data_28433_B
Data_28434_A,Data_28434_B
Data_28435_A,Data_28435_B
Data_28436_A,Data_28436_B
Data_28437_A,Data_28437_B
Data_28438_A,Data_28438_B
Data_28439_A,Data_28439_B
Data_28440_A,Data_28440_B
Data_28441_A,Data_28441_B
Data_28442_A,Data_28442_B
Data_28443_A,Data_28443_B
Data_28444_A,Data_28444_B
Data_28445_A,Data_28445_B
Data_28446_A,Data_28446_B
Data_28447_A,Data_28447_B
Data_28448_A,Data_28448_B
Data_28449_A,Data_28449_B
Data_28450_A,Data_28450_B
Data_28451_A,Data_28451_B
Data_28452_A,Data_28452_B
Data_28453_A,Data_28453_B
Data_28454_A,Data_28454_B
Data_28455_A,Data_28455_B
Data_28456_A,Data_28456_B
Data_28457_A,Data_28457_B
Data_28458_A,Data_28458_B
Data_28459_A,Data_28459_B
Data_28460_A,Data_28460_B
Data_28461_A,Data_28461_B
Data_28462_A,Data_28462_B
Data_28463_A,Data_28463_B
Data_28464_A,Data_28464_B
Data_28465_A,Data_28465_B
Data_28466_A,Data_28466_B
Data_28467_A,Data_28467_B
Data_28468_A,Data_28468_B
Data_28469_A,Data_28469_B
Data_28470_A,Data_28470_B
Data_28471_A,Data_28471_B
Data_28472_A,Data_28472_B
Data_28473_A,Data_28473_B
Data_28474_A,Data_28474_B
Data_28475_A,Data_28475_B
Data_28476_A,Data_28476_B
Data_28477_A,Data_28477_B
Data_28478_A,Data_28478_B
Data_28479_A,Data_28479_B
Data_28480_A,Data_28480_B
Data_28481_A,Data_28481_B
Data_28482_A,Data_28482_B
Data_28483_A,Data_28483_B
Data_28484_A,Data_28484_B
Data_28485_A,Data_28485_B
Data_28486_A,Data_28486_B
Data_28487_A,Data_28487_B
Data_28488_A,Data_28488_B
Data_28489_A,Data_28489_B
Data_28490_A,Data_28490_B
Data_28491_A,Data_28491_B
Data_28492_A,Data_28492_B
Data_28493_A,Data_28493_B
Data_28494_A,Data_28494_B
Data_28495_A,Data_28495_B
Data_28496_A,Data_28496_B
Data_28497_A,Data_28497_B
Data_28498_A,Data_28498_B
Data_28499_A,Data_28499_B
Data_28500_A,Data_28500_B
Data_28501_A,Data_28501_B
Data_28502_A,Data_28502_B
Data_28503_A,Data_28503_B
Data_28504_A,Data_28504_B
Data_28505_A,Data_28505_B
Data_28506_A,Data_28506_B
Data_28507_A,Data_28507_B
Data_28508_A,Data_28508_B
Data_28509_A,Data_28509_B
Data_28510_A,Data_28510_B
Data_28511_A,Data_28511_B
Data_28512_A,Data_28512_B
Data_28513_A,Data_28513_B
Data_28514_A,Data_28514_B
Data_28515_A,Data_28515_B
Data_28516_A,Data_28516_B
Data_28517_A,Data_28517_B
Data_28518_A,Data_28518_B
Data_28519_A,Data_28519_B
Data_28520_A,Data_28520_B
Data_28521_A,Data_28521_B
Data_28522_A,Data_28522_B
Data_28523_A,Data_28523_B
Data_28524_A,Data_28524_B
Data_28525_A,Data_28525_B
Data_28526_A,Data_28526_B
Data_28527_A,Data_28527_B
Data_28528_A,Data_28528_B
Data_28529_A,Data_28529_B
Data_28530_A,Data_28530_B
Data_28531_A,Data_28531_B
Data_28532_A,Data_28532_B
Data_28533_A,Data_28533_B
Data_28534_A,Data_28534_B
Data_28535_A,Data_28535_B
Data_28536_A,Data_28536_B
Data_28537_A,Data_28537_B
Data_28538_A,Data_28538_B
Data_28539_A,Data_28539_B
Data_28540_A,Data_28540_B
Data_28541_A,Data_28541_B
Data_28542_A,Data_28542_B
Data_28543_A,Data_28543_B
Data_28544_A,Data_28544_B
Data_28545_A,Data_28545_B
Data_28546_A,Data_28546_B
Data_28547_A,Data_28547_B
Data_28548_A,Data_28548_B
Data_28549_A,Data_28549_B
Data_28550_A,Data_28550_B
Data_28551_A,Data_28551_B
Data_28552_A,Data_28552_B
Data_28553_A,Data_28553_B
Data_28554_A,Data_28554_B
Data_28555_A,Data_28555_B
Data_28556_A,Data_28556_B
Data_28557_A,Data_28557_B
Data_28558_A,Data_28558_B
Data_28559_A,Data_28559_B
Data_28560_A,Data_28560_B
Data_28561_A,Data_28561_B
Data_28562_A,Data_28562_B
Data_28563_A,Data_28563_B
Data_28564_A,Data_28564_B
Data_28565_A,Data_28565_B
Data_28566_A,Data_28566_B
Data_28567_A,Data_28567_B
Data_28568_A,Data_28568_B
Data_28569_A,Data_28569_B
Data_28570_A,Data_28570_B
Data_28571_A,Data_28571_B
Data_28572_A,Data_28572_B
Data_28573_A,Data_28573_B
Data_28574_A,Data_28574_B
Data_28575_A,Data_28575_B
Data_28576_A,Data_28576_B
Data_28577_A,Data_28577_B
Data_28578_A,Data_28578_B
Data_28579_A,Data_28579_B
Data_28580_A,Data_28580_B
Data_28581_A,Data_28581_B
Data_28582_A,Data_28582_B
Data_28583_A,Data_28583_B
Data_28584_A,Data_28584_B
Data_28585_A,Data_28585_B
Data_28586_A,Data_28586_B
Data_28587_A,Data_28587_B
Data_28588_A,Data_28588_B
Data_28589_A,Data_28589_B
Data_28590_A,Data_28590_B
Data_28591_A,Data_28591_B
Data_28592_A,Data_28592_B
Data_28593_A,Data_28593_B
Data_28594_A,Data_28594_B
Data_28595_A,Data_28595_B
Data_28596_A,Data_28596_B
Data_28597_A,Data_28597_B
Data_28598_A,Data_28598_B
Data_28599_A,Data_28599_B
Data_28600_A,Data_28600_B
Data_28601_A,Data_28601_B
Data_28602_A,Data_28602_B
Data_28603_A,Data_28603_B
Data_28604_A,Data_28604_B
Data_28605_A,Data_28605_B
Data_28606_A,Data_28606_B
Data_28607_A,Data_28607_B
Data_28608_A,Data_28608_B
Data_28609_A,Data_28609_B
Data_28610_A,Data_28610_B
Data_28611_A,Data_28611_B
Data_28612_A,Data_28612_B
Data_28613_A,Data_28613_B
Data_28614_A,Data_28614_B
Data_28615_A,Data_28615_B
Data_28616_A,Data_28616_B
Data_28617_A,Data_28617_B
Data_28618_A,Data_28618_B
Data_28619_A,Data_28619_B
Data_28620_A,Data_28620_B
Data_28621_A,Data_28621_B
Data_28622_A,Data_28622_B
Data_28623_A,Data_28623_B
Data_28624_A,Data_28624_B
Data_28625_A,Data_28625_B
Data_28626_A,Data_28626_B
Data_28627_A,Data_28627_B
Data_28628_A,Data_28628_B
Data_28629_A,Data_28629_B
Data_28630_A,Data_28630_B
Data_28631_A,Data_28631_B
Data_28632_A,Data_28632_B
Data_28633_A,Data_28633_B
Data_28634_A,Data_28634_B
Data_28635_A,Data_28635_B
Data_28636_A,Data_28636_B
Data_28637_A,Data_28637_B
Data_28638_A,Data_28638_B
Data_28639_A,Data_28639_B
Data_28640_A,Data_28640_B
Data_28641_A,Data_28641_B
Data_28642_A,Data_28642_B
Data_28643_A,Data_28643_B
Data_28644_A,Data_28644_B
Data_28645_A,Data_28645_B
Data_28646_A,Data_28646_B
Data_28647_A,Data_28647_B
Data_28648_A,Data_28648_B
Data_28649_A,Data_28649_B
Data_28650_A,Data_28650_B
Data_28651_A,Data_28651_B
Data_28652_A,Data_28652_B
Data_28653_A,Data_28653_B
Data_28654_A,Data_28654_B
Data_28655_A,Data_28655_B
Data_28656_A,Data_28656_B
Data_28657_A,Data_28657_B
Data_28658_A,Data_28658_B
Data_28659_A,Data_28659_B
Data_28660_A,Data_28660_B
Data_28661_A,Data_28661_B
Data_28662_A,Data_28662_B
Data_28663_A,Data_28663_B
Data_28664_A,Data_28664_B
Data_28665_A,Data_28665_B
Data_28666_A,Data_28666_B
Data_28667_A,Data_28667_B
Data_28668_A,Data_28668_B
Data_28669_A,Data_28669_B
Data_28670_A,Data_28670_B
Data_28671_A,Data_28671_B
Data_28672_A,Data_28672_B
Data_28673_A,Data_28673_B
Data_28674_A,Data_28674_B
Data_28675_A,Data_28675_B
Data_28676_A,Data_28676_B
Data_28677_A,Data_28677_B
Data_28678_A,Data_28678_B
Data_28679_A,Data_28679_B
Data_28680_A,Data_28680_B
Data_28681_A,Data_28681_B
Data_28682_A,Data_28682_B
Data_28683_A,Data_28683_B
Data_28684_A,Data_28684_B
Data_28685_A,Data_28685_B
Data_28686_A,Data_28686_B
Data_28687_A,Data_28687_B
Data_28688_A,Data_28688_B
Data_28689_A,Data_28689_B
Data_28690_A,Data_28690_B
Data_28691_A,Data_28691_B
Data_28692_A,Data_28692_B
Data_28693_A,Data_28693_B
Data_28694_A,Data_28694_B
Data_28695_A,Data_28695_B
Data_28696_A,Data_28696_B
Data_28697_A,Data_28697_B
Data_28698_A,Data_28698_B
Data_28699_A,Data_28699_B
Data_28700_A,Data_28700_B
Data_28701_A,Data_28701_B
Data_28702_A,Data_28702_B
Data_28703_A,Data_28703_B
Data_28704_A,Data_28704_B
Data_28705_A,Data_28705_B
Data_28706_A,Data_28706_B
Data_28707_A,Data_28707_B
Data_28708_A,Data_28708_B
Data_28709_A,Data_28709_B
Data_28710_A,Data_28710_B
Data_28711_A,Data_28711_B
Data_28712_A,Data_28712_B
Data_28713_A,Data_28713_B
Data_28714_A,Data_28714_B
Data_28715_A,Data_28715_B
Data_28716_A,Data_28716_B
Data_28717_A,Data_28717_B
Data_28718_A,Data_28718_B
Data_28719_A,Data_28719_B
Data_28720_A,Data_28720_B
Data_28721_A,Data_28721_B
Data_28722_A,Data_28722_B
Data_28723_A,Data_28723_B
Data_28724_A,Data_28724_B
Data_28725_A,Data_28725_B
Data_28726_A,Data_28726_B
Data_28727_A,Data_28727_B
Data_28728_A,Data_28728_B
Data_28729_A,Data_28729_B
Data_28730_A,Data_28730_B
Data_28731_A,Data_28731_B
Data_28732_A,Data_28732_B
Data_28733_A,Data_28733_B
Data_28734_A,Data_28734_B
Data_28735_A,Data_28735_B
Data_28736_A,Data_28736_B
Data_28737_A,Data_28737_B
Data_28738_A,Data_28738_B
Data_28739_A,Data_28739_B
Data_28740_A,Data_28740_B
Data_28741_A,Data_28741_B
Data_28742_A,Data_28742_B
Data_28743_A,Data_28743_B
Data_28744_A,Data_28744_B
Data_28745_A,Data_28745_B
Data_28746_A,Data_28746_B
Data_28747_A,Data_28747_B
Data_28748_A,Data_28748_B
Data_28749_A,Data_28749_B
Data_28750_A,Data_28750_B
Data_28751_A,Data_28751_B
Data_28752_A,Data_28752_B
Data_28753_A,Data_28753_B
Data_28754_A,Data_28754_B
Data_28755_A,Data_28755_B
Data_28756_A,Data_28756_B
Data_28757_A,Data_28757_B
Data_28758_A,Data_28758_B
Data_28759_A,Data_28759_B
Data_28760_A,Data_28760_B
Data_28761_A,Data_28761_B
Data_28762_A,Data_28762_B
Data_28763_A,Data_28763_B
Data_28764_A,Data_28764_B
Data_28765_A,Data_28765_B
Data_28766_A,Data_28766_B
Data_28767_A,Data_28767_B
Data_28768_A,Data_28768_B
Data_28769_A,Data_28769_B
Data_28770_A,Data_28770_B
Data_28771_A,Data_28771_B
Data_28772_A,Data_28772_B
Data_28773_A,Data_28773_B
Data_28774_A,Data_28774_B
Data_28775_A,Data_28775_B
Data_28776_A,Data_28776_B
Data_28777_A,Data_28777_B
Data_28778_A,Data_28778_B
Data_28779_A,Data_28779_B
Data_28780_A,Data_28780_B
Data_28781_A,Data_28781_B
Data_28782_A,Data_28782_B
Data_28783_A,Data_28783_B
Data_28784_A,Data_28784_B
Data_28785_A,Data_28785_B
Data_28786_A,Data_28786_B
Data_28787_A,Data_28787_B
Data_28788_A,Data_28788_B
Data_28789_A,Data_28789_B
Data_28790_A,Data_28790_B
Data_28791_A,Data_28791_B
Data_28792_A,Data_28792_B
Data_28793_A,Data_28793_B
Data_28794_A,Data_28794_B
Data_28795_A,Data_28795_B
Data_28796_A,Data_28796_B
Data_28797_A,Data_28797_B
Data_28798_A,Data_28798_B
Data_28799_A,Data_28799_B
Data_28800_A,Data_28800_B
Data_28801_A,Data_28801_B
Data_28802_A,Data_28802_B
Data_28803_A,Data_28803_B
Data_28804_A,Data_28804_B
Data_28805_A,Data_28805_B
Data_28806_A,Data_28806_B
Data_28807_A,Data_28807_B
Data_28808_A,Data_28808_B
Data_28809_A,Data_28809_B
Data_28810_A,Data_28810_B
Data_28811_A,Data_28811_B
Data_28812_A,Data_28812_B
Data_28813_A,Data_28813_B
Data_28814_A,Data_28814_B
Data_28815_A,Data_28815_B
Data_28816_A,Data_28816_B
Data_28817_A,Data_28817_B
Data_28818_A,Data_28818_B
Data_28819_A,Data_28819_B
Data_28820_A,Data_28820_B
Data_28821_A,Data_28821_B
Data_28822_A,Data_28822_B
Data_28823_A,Data_28823_B
Data_28824_A,Data_28824_B
Data_28825_A,Data_28825_B
Data_28826_A,Data_28826_B
Data_28827_A,Data_28827_B
Data_28828_A,Data_28828_B
Data_28829_A,Data_28829_B
Data_28830_A,Data_28830_B
Data_28831_A,Data_28831_B
Data_28832_A,Data_28832_B
Data_28833_A,Data_28833_B
Data_28834_A,Data_28834_B
Data_28835_A,Data_28835_B
Data_28836_A,Data_28836_B
Data_28837_A,Data_28837_B
Data_28838_A,Data_28838_B
Data_28839_A,Data_28839_B
Data_28840_A,Data_28840_B
Data_28841_A,Data_28841_B
Data_28842_A,Data_28842_B
Data_28843_A,Data_28843_B
Data_28844_A,Data_28844_B
Data_28845_A,Data_28845_B
Data_28846_A,Data_28846_B
Data_28847_A,Data_28847_B
Data_28848_A,Data_28848_B
Data_28849_A,Data_28849_B
Data_28850_A,Data_28850_B
Data_28851_A,Data_28851_B
Data_28852_A,Data_28852_B
Data_28853_A,Data_28853_B
Data_28854_A,Data_28854_B
Data_28855_A,Data_28855_B
Data_28856_A,Data_28856_B
Data_28857_A,Data_28857_B
Data_28858_A,Data_28858_B
Data_28859_A,Data_28859_B
Data_28860_A,Data_28860_B
Data_28861_A,Data_28861_B
Data_28862_A,Data_28862_B
Data_28863_A,Data_28863_B
Data_28864_A,Data_28864_B
Data_28865_A,Data_28865_B
Data_28866_A,Data_28866_B
Data_28867_A,Data_28867_B
Data_28868_A,Data_28868_B
Data_28869_A,Data_28869_B
Data_28870_A,Data_28870_B
Data_28871_A,Data_28871_B
Data_28872_A,Data_28872_B
Data_28873_A,Data_28873_B
Data_28874_A,Data_28874_B
Data_28875_A,Data_28875_B
Data_28876_A,Data_28876_B
Data_28877_A,Data_28877_B
Data_28878_A,Data_28878_B
Data_28879_A,Data_28879_B
Data_28880_A,Data_28880_B
Data_28881_A,Data_28881_B
Data_28882_A,Data_28882_B
Data_28883_A,Data_28883_B
Data_28884_A,Data_28884_B
Data_28885_A,Data_28885_B
Data_28886_A,Data_28886_B
Data_28887_A,Data_28887_B
Data_28888_A,Data_28888_B
Data_28889_A,Data_28889_B
Data_28890_A,Data_28890_B
Data_28891_A,Data_28891_B
Data_28892_A,Data_28892_B
Data_28893_A,Data_28893_B
Data_28894_A,Data_28894_B
Data_28895_A,Data_28895_B
Data_28896_A,Data_28896_B
Data_28897_A,Data_28897_B
Data_28898_A,Data_28898_B
Data_28899_A,Data_28899_B
Data_28900_A,Data_28900_B
Data_28901_A,Data_28901_B
Data_28902_A,Data_28902_B
Data_28903_A,Data_28903_B
Data_28904_A,Data_28904_B
Data_28905_A,Data_28905_B
Data_28906_A,Data_28906_B
Data_28907_A,Data_28907_B
Data_28908_A,Data_28908_B
Data_28909_A,Data_28909_B
Data_28910_A,Data_28910_B
Data_28911_A,Data_28911_B
Data_28912_A,Data_28912_B
Data_28913_A,Data_28913_B
Data_28914_A,Data_28914_B
Data_28915_A,Data_28915_B
Data_28916_A,Data_28916_B
Data_28917_A,Data_28917_B
Data_28918_A,Data_28918_B
Data_28919_A,Data_28919_B
Data_28920_A,Data_28920_B
Data_28921_A,Data_28921_B
Data_28922_A,Data_28922_B
Data_28923_A,Data_28923_B
Data_28924_A,Data_28924_B
Data_28925_A,Data_28925_B
Data_28926_A,Data_28926_B
Data_28927_A,Data_28927_B
Data_28928_A,Data_28928_B
Data_28929_A,Data_28929_B
Data_28930_A,Data_28930_B
Data_28931_A,Data_28931_B
Data_28932_A,Data_28932_B
Data_28933_A,Data_28933_B
Data_28934_A,Data_28934_B
Data_28935_A,Data_28935_B
Data_28936_A,Data_28936_B
Data_28937_A,Data_28937_B
Data_28938_A,Data_28938_B
Data_28939_A,Data_28939_B
Data_28940_A,Data_28940_B
Data_28941_A,Data_28941_B
Data_28942_A,Data_28942_B
Data_28943_A,Data_28943_B
Data_28944_A,Data_28944_B
Data_28945_A,Data_28945_B
Data_28946_A,Data_28946_B
Data_28947_A,Data_28947_B
Data_28948_A,Data_28948_B
Data_28949_A,Data_28949_B
Data_28950_A,Data_28950_B
Data_28951_A,Data_28951_B
Data_28952_A,Data_28952_B
Data_28953_A,Data_28953_B
Data_28954_A,Data_28954_B
Data_28955_A,Data_28955_B
Data_28956_A,Data_28956_B
Data_28957_A,Data_28957_B
Data_28958_A,Data_28958_B
Data_28959_A,Data_28959_B
Data_28960_A,Data_28960_B
Data_28961_A,Data_28961_B
Data_28962_A,Data_28962_B
Data_28963_A,Data_28963_B
Data_28964_A,Data_28964_B
Data_28965_A,Data_28965_B
Data_28966_A,Data_28966_B
Data_28967_A,Data_28967_B
Data_28968_A,Data_28968_B
Data_28969_A,Data_28969_B
Data_28970_A,Data_28970_B
Data_28971_A,Data_28971_B
Data_28972_A,Data_28972_B
Data_28973_A,Data_28973_B
Data_28974_A,Data_28974_B
Data_28975_A,Data_28975_B
Data_28976_A,Data_28976_B
Data_28977_A,Data_28977_B
Data_28978_A,Data_28978_B
Data_28979_A,Data_28979_B
Data_28980_A,Data_28980_B
Data_28981_A,Data_28981_B
Data_28982_A,Data_28982_B
Data_28983_A,Data_28983_B
Data_28984_A,Data_28984_B
Data_28985_A,Data_28985_B
Data_28986_A,Data_28986_B
Data_28987_A,Data_28987_B
Data_28988_A,Data_28988_B
Data_28989_A,Data_28989_B
Data_28990_A,Data_28990_B
Data_28991_A,Data_28991_B
Data_28992_A,Data_28992_B
Data_28993_A,Data_28993_B
Data_28994_A,Data_28994_B
Data_28995_A,Data_28995_B
Data_28996_A,Data_28996_B
Data_28997_A,Data_28997_B
Data_28998_A,Data_28998_B
Data_28999_A,Data_28999_B
Data_29000_A,Data_29000_B
Data_29001_A,Data_29001_B
Data_29002_A,Data_29002_B
Data_29003_A,Data_29003_B
Data_29004_A,Data_29004_B
Data_29005_A,Data_29005_B
Data_29006_A,Data_29006_B
Data_29007_A,Data_29007_B
Data_29008_A,Data_29008_B
Data_29009_A,Data_29009_B
Data_29010_A,Data_29010_B
Data_29011_A,Data_29011_B
Data_29012_A,Data_29012_B
Data_29013_A,Data_29013_B
Data_29014_A,Data_29014_B
Data_29015_A,Data_29015_B
Data_29016_A,Data_29016_B
Data_29017_A,Data_29017_B
Data_29018_A,Data_29018_B
Data_29019_A,Data_29019_B
Data_29020_A,Data_29020_B
Data_29021_A,Data_29021_B
Data_29022_A,Data_29022_B
Data_29023_A,Data_29023_B
Data_29024_A,Data_29024_B
Data_29025_A,Data_29025_B
Data_29026_A,Data_29026_B
Data_29027_A,Data_29027_B
Data_29028_A,Data_29028_B
Data_29029_A,Data_29029_B
Data_29030_A,Data_29030_B
Data_29031_A,Data_29031_B
Data_29032_A,Data_29032_B
Data_29033_A,Data_29033_B
Data_29034_A,Data_29034_B
Data_29035_A,Data_29035_B
Data_29036_A,Data_29036_B
Data_29037_A,Data_29037_B
Data_29038_A,Data_29038_B
Data_29039_A,Data_29039_B
Data_29040_A,Data_29040_B
Data_29041_A,Data_29041_B
Data_29042_A,Data_29042_B
Data_29043_A,Data_29043_B
Data_29044_A,Data_29044_B
Data_29045_A,Data_29045_B
Data_29046_A,Data_29046_B
Data_29047_A,Data_29047_B
Data_29048_A,Data_29048_B
Data_29049_A,Data_29049_B
Data_29050_A,Data_29050_B
Data_29051_A,Data_29051_B
Data_29052_A,Data_29052_B
Data_29053_A,Data_29053_B
Data_29054_A,Data_29054_B
Data_29055_A,Data_29055_B
Data_29056_A,Data_29056_B
Data_29057_A,Data_29057_B
Data_29058_A,Data_29058_B
Data_29059_A,Data_29059_B
Data_29060_A,Data_29060_B
Data_29061_A,Data_29061_B
Data_29062_A,Data_29062_B
Data_29063_A,Data_29063_B
Data_29064_A,Data_29064_B
Data_29065_A,Data_29065_B
Data_29066_A,Data_29066_B
Data_29067_A,Data_29067_B
Data_29068_A,Data_29068_B
Data_29069_A,Data_29069_B
Data_29070_A,Data_29070_B
Data_29071_A,Data_29071_B
Data_29072_A,Data_29072_B
Data_29073_A,Data_29073_B
Data_29074_A,Data_29074_B
Data_29075_A,Data_29075_B
Data_29076_A,Data_29076_B
Data_29077_A,Data_29077_B
Data_29078_A,Data_29078_B
Data_29079_A,Data_29079_B
Data_29080_A,Data_29080_B
Data_29081_A,Data_29081_B
Data_29082_A,Data_29082_B
Data_29083_A,Data_29083_B
Data_29084_A,Data_29084_B
Data_29085_A,Data_29085_B
Data_29086_A,Data_29086_B
Data_29087_A,Data_29087_B
Data_29088_A,Data_29088_B
Data_29089_A,Data_29089_B
Data_29090_A,Data_29090_B
Data_29091_A,Data_29091_B
Data_29092_A,Data_29092_B
Data_29093_A,Data_29093_B
Data_29094_A,Data_29094_B
Data_29095_A,Data_29095_B
Data_29096_A,Data_29096_B
Data_29097_A,Data_29097_B
Data_29098_A,Data_29098_B
Data_29099_A,Data_29099_B
Data_29100_A,Data_29100_B
Data_29101_A,Data_29101_B
Data_29102_A,Data_29102_B
Data_29103_A,Data_29103_B
Data_29104_A,Data_29104_B
Data_29105_A,Data_29105_B
Data_29106_A,Data_29106_B
Data_29107_A,Data_29107_B
Data_29108_A,Data_29108_B
Data_29109_A,Data_29109_B
Data_29110_A,Data_29110_B
Data_29111_A,Data_29111_B
Data_29112_A,Data_29112_B
Data_29113_A,Data_29113_B
Data_29114_A,Data_29114_B
Data_29115_A,Data_29115_B
Data_29116_A,Data_29116_B
Data_29117_A,Data_29117_B
Data_29118_A,Data_29118_B
Data_29119_A,Data_29119_B
Data_29120_A,Data_29120_B
Data_29121_A,Data_29121_B
Data_29122_A,Data_29122_B
Data_29123_A,Data_29123_B
Data_29124_A,Data_29124_B
Data_29125_A,Data_29125_B
Data_29126_A,Data_29126_B
Data_29127_A,Data_29127_B
Data_29128_A,Data_29128_B
Data_29129_A,Data_29129_B
Data_29130_A,Data_29130_B
Data_29131_A,Data_29131_B
Data_29132_A,Data_29132_B
Data_29133_A,Data_29133_B
Data_29134_A,Data_29134_B
Data_29135_A,Data_29135_B
Data_29136_A,Data_29136_B
Data_29137_A,Data_29137_B
Data_29138_A,Data_29138_B
Data_29139_A,Data_29139_B
Data_29140_A,Data_29140_B
Data_29141_A,Data_29141_B
Data_29142_A,Data_29142_B
Data_29143_A,Data_29143_B
Data_29144_A,Data_29144_B
Data_29145_A,Data_29145_B
Data_29146_A,Data_29146_B
Data_29147_A,Data_29147_B
Data_29148_A,Data_29148_B
Data_29149_A,Data_29149_B
Data_29150_A,Data_29150_B
Data_29151_A,Data_29151_B
Data_29152_A,Data_29152_B
Data_29153_A,Data_29153_B
Data_29154_A,Data_29154_B
Data_29155_A,Data_29155_B
Data_29156_A,Data_29156_B
Data_29157_A,Data_29157_B
Data_29158_A,Data_29158_B
Data_29159_A,Data_29159_B
Data_29160_A,Data_29160_B
Data_29161_A,Data_29161_B
Data_29162_A,Data_29162_B
Data_29163_A,Data_29163_B
Data_29164_A,Data_29164_B
Data_29165_A,Data_29165_B
Data_29166_A,Data_29166_B
Data_29167_A,Data_29167_B
Data_29168_A,Data_29168_B
Data_29169_A,Data_29169_B
Data_29170_A,Data_29170_B
Data_29171_A,Data_29171_B
Data_29172_A,Data_29172_B
Data_29173_A,Data_29173_B
Data_29174_A,Data_29174_B
Data_29175_A,Data_29175_B
Data_29176_A,Data_29176_B
Data_29177_A,Data_29177_B
Data_29178_A,Data_29178_B
Data_29179_A,Data_29179_B
Data_29180_A,Data_29180_B
Data_29181_A,Data_29181_B
Data_29182_A,Data_29182_B
Data_29183_A,Data_29183_B
Data_29184_A,Data_29184_B
Data_29185_A,Data_29185_B
Data_29186_A,Data_29186_B
Data_29187_A,Data_29187_B
Data_29188_A,Data_29188_B
Data_29189_A,Data_29189_B
Data_29190_A,Data_29190_B
Data_29191_A,Data_29191_B
Data_29192_A,Data_29192_B
Data_29193_A,Data_29193_B
Data_29194_A,Data_29194_B
Data_29195_A,Data_29195_B
Data_29196_A,Data_29196_B
Data_29197_A,Data_29197_B
Data_29198_A,Data_29198_B
Data_29199_A,Data_29199_B
Data_29200_A,Data_29200_B
Data_29201_A,Data_29201_B
Data_29202_A,Data_29202_B
Data_29203_A,Data_29203_B
Data_29204_A,Data_29204_B
Data_29205_A,Data_29205_B
Data_29206_A,Data_29206_B
Data_29207_A,Data_29207_B
Data_29208_A,Data_29208_B
Data_29209_A,Data_29209_B
Data_29210_A,Data_29210_B
Data_29211_A,Data_29211_B
Data_29212_A,Data_29212_B
Data_29213_A,Data_29213_B
Data_29214_A,Data_29214_B
Data_29215_A,Data_29215_B
Data_29216_A,Data_29216_B
Data_29217_A,Data_29217_B
Data_29218_A,Data_29218_B
Data_29219_A,Data_29219_B
Data_29220_A,Data_29220_B
Data_29221_A,Data_29221_B
Data_29222_A,Data_29222_B
Data_29223_A,Data_29223_B
Data_29224_A,Data_29224_B
Data_29225_A,Data_29225_B
Data_29226_A,Data_29226_B
Data_29227_A,Data_29227_B
Data_29228_A,Data_29228_B
Data_29229_A,Data_29229_B
Data_29230_A,Data_29230_B
Data_29231_A,Data_29231_B
Data_29232_A,Data_29232_B
Data_29233_A,Data_29233_B
Data_29234_A,Data_29234_B
Data_29235_A,Data_29235_B
Data_29236_A,Data_29236_B
Data_29237_A,Data_29237_B
Data_29238_A,Data_29238_B
Data_29239_A,Data_29239_B
Data_29240_A,Data_29240_B
Data_29241_A,Data_29241_B
Data_29242_A,Data_29242_B
Data_29243_A,Data_29243_B
Data_29244_A,Data_29244_B
Data_29245_A,Data_29245_B
Data_29246_A,Data_29246_B
Data_29247_A,Data_29247_B
Data_29248_A,Data_29248_B
Data_29249_A,Data_29249_B
Data_29250_A,Data_29250_B
Data_29251_A,Data_29251_B
Data_29252_A,Data_29252_B
Data_29253_A,Data_29253_B
Data_29254_A,Data_29254_B
Data_29255_A,Data_29255_B
Data_29256_A,Data_29256_B
Data_29257_A,Data_29257_B
Data_29258_A,Data_29258_B
Data_29259_A,Data_29259_B
Data_29260_A,Data_29260_B
Data_29261_A,Data_29261_B
Data_29262_A,Data_29262_B
Data_29263_A,Data_29263_B
Data_29264_A,Data_29264_B
Data_29265_A,Data_29265_B
Data_29266_A,Data_29266_B
Data_29267_A,Data_29267_B
Data_29268_A,Data_29268_B
Data_29269_A,Data_29269_B
Data_29270_A,Data_29270_B
Data_29271_A,Data_29271_B
Data_29272_A,Data_29272_B
Data_29273_A,Data_29273_B
Data_29274_A,Data_29274_B
Data_29275_A,Data_29275_B
Data_29276_A,Data_29276_B
Data_29277_A,Data_29277_B
Data_29278_A,Data_29278_B
Data_29279_A,Data_29279_B
Data_29280_A,Data_29280_B
Data_29281_A,Data_29281_B
Data_29282_A,Data_29282_B
Data_29283_A,Data_29283_B
Data_29284_A,Data_29284_B
Data_29285_A,Data_29285_B
Data_29286_A,Data_29286_B
Data_29287_A,Data_29287_B
Data_29288_A,Data_29288_B
Data_29289_A,Data_29289_B
Data_29290_A,Data_29290_B
Data_29291_A,Data_29291_B
Data_29292_A,Data_29292_B
Data_29293_A,Data_29293_B
Data_29294_A,Data_29294_B
Data_29295_A,Data_29295_B
Data_29296_A,Data_29296_B
Data_29297_A,Data_29297_B
Data_29298_A,Data_29298_B
Data_29299_A,Data_29299_B
Data_29300_A,Data_29300_B
Data_29301_A,Data_29301_B
Data_29302_A,Data_29302_B
Data_29303_A,Data_29303_B
Data_29304_A,Data_29304_B
Data_29305_A,Data_29305_B
Data_29306_A,Data_29306_B
Data_29307_A,Data_29307_B
Data_29308_A,Data_29308_B
Data_29309_A,Data_29309_B
Data_29310_A,Data_29310_B
Data_29311_A,Data_29311_B
Data_29312_A,Data_29312_B
Data_29313_A,Data_29313_B
Data_29314_A,Data_29314_B
Data_29315_A,Data_29315_B
Data_29316_A,Data_29316_B
Data_29317_A,Data_29317_B
Data_29318_A,Data_29318_B
Data_29319_A,Data_29319_B
Data_29320_A,Data_29320_B
Data_29321_A,Data_29321_B
Data_29322_A,Data_29322_B
Data_29323_A,Data_29323_B
Data_29324_A,Data_29324_B
Data_29325_A,Data_29325_B
Data_29326_A,Data_29326_B
Data_29327_A,Data_29327_B
Data_29328_A,Data_29328_B
Data_29329_A,Data_29329_B
Data_29330_A,Data_29330_B
Data_29331_A,Data_29331_B
Data_29332_A,Data_29332_B
Data_29333_A,Data_29333_B
Data_29334_A,Data_29334_B
Data_29335_A,Data_29335_B
Data_29336_A,Data_29336_B
Data_29337_A,Data_29337_B
Data_29338_A,Data_29338_B
Data_29339_A,Data_29339_B
Data_29340_A,Data_29340_B
Data_29341_A,Data_29341_B
Data_29342_A,Data_29342_B
Data_29343_A,Data_29343_B
Data_29344_A,Data_29344_B
Data_29345_A,Data_29345_B
Data_29346_A,Data_29346_B
Data_29347_A,Data_29347_B
Data_29348_A,Data_29348_B
Data_29349_A,Data_29349_B
Data_29350_A,Data_29350_B
Data_29351_A,Data_29351_B
Data_29352_A,Data_29352_B
Data_29353_A,Data_29353_B
Data_29354_A,Data_29354_B
Data_29355_A,Data_29355_B
Data_29356_A,Data_29356_B
Data_29357_A,Data_29357_B
Data_29358_A,Data_29358_B
Data_29359_A,Data_29359_B
Data_29360_A,Data_29360_B
Data_29361_A,Data_29361_B
Data_29362_A,Data_29362_B
Data_29363_A,Data_29363_B
Data_29364_A,Data_29364_B
Data_29365_A,Data_29365_B
Data_29366_A,Data_29366_B
Data_29367_A,Data_29367_B
Data_29368_A,Data_29368_B
Data_29369_A,Data_29369_B
Data_29370_A,Data_29370_B
Data_29371_A,Data_29371_B
Data_29372_A,Data_29372_B
Data_29373_A,Data_29373_B
Data_29374_A,Data_29374_B
Data_29375_A,Data_29375_B
Data_29376_A,Data_29376_B
Data_29377_A,Data_29377_B
Data_29378_A,Data_29378_B
Data_29379_A,Data_29379_B
Data_29380_A,Data_29380_B
Data_29381_A,Data_29381_B
Data_29382_A,Data_29382_B
Data_29383_A,Data_29383_B
Data_29384_A,Data_29384_B
Data_29385_A,Data_29385_B
Data_29386_A,Data_29386_B
Data_29387_A,Data_29387_B
Data_29388_A,Data_29388_B
Data_29389_A,Data_29389_B
Data_29390_A,Data_29390_B
Data_29391_A,Data_29391_B
Data_29392_A,Data_29392_B
Data_29393_A,Data_29393_B
Data_29394_A,Data_29394_B
Data_29395_A,Data_29395_B
Data_29396_A,Data_29396_B
Data_29397_A,Data_29397_B
Data_29398_A,Data_29398_B
Data_29399_A,Data_29399_B
Data_29400_A,Data_29400_B
Data_29401_A,Data_29401_B
Data_29402_A,Data_29402_B
Data_29403_A,Data_29403_B
Data_29404_A,Data_29404_B
Data_29405_A,Data_29405_B
Data_29406_A,Data_29406_B
Data_29407_A,Data_29407_B
Data_29408_A,Data_29408_B
Data_29409_A,Data_29409_B
Data_29410_A,Data_29410_B
Data_29411_A,Data_29411_B
Data_29412_A,Data_29412_B
Data_29413_A,Data_29413_B
Data_29414_A,Data_29414_B
Data_29415_A,Data_29415_B
Data_29416_A,Data_29416_B
Data_29417_A,Data_29417_B
Data_29418_A,Data_29418_B
Data_29419_A,Data_29419_B
Data_29420_A,Data_29420_B
Data_29421_A,Data_29421_B
Data_29422_A,Data_29422_B
Data_29423_A,Data_29423_B
Data_29424_A,Data_29424_B
Data_29425_A,Data_29425_B
Data_29426_A,Data_29426_B
Data_29427_A,Data_29427_B
Data_29428_A,Data_29428_B
Data_29429_A,Data_29429_B
Data_29430_A,Data_29430_B
Data_29431_A,Data_29431_B
Data_29432_A,Data_29432_B
Data_29433_A,Data_29433_B
Data_29434_A,Data_29434_B
Data_29435_A,Data_29435_B
Data_29436_A,Data_29436_B
Data_29437_A,Data_29437_B
Data_29438_A,Data_29438_B
Data_29439_A,Data_29439_B
Data_29440_A,Data_29440_B
Data_29441_A,Data_29441_B
Data_29442_A,Data_29442_B
Data_29443_A,Data_29443_B
Data_29444_A,Data_29444_B
Data_29445_A,Data_29445_B
Data_29446_A,Data_29446_B
Data_29447_A,Data_29447_B
Data_29448_A,Data_29448_B
Data_29449_A,Data_29449_B
Data_29450_A,Data_29450_B
Data_29451_A,Data_29451_B
Data_29452_A,Data_29452_B
Data_29453_A,Data_29453_B
Data_29454_A,Data_29454_B
Data_29455_A,Data_29455_B
Data_29456_A,Data_29456_B
Data_29457_A,Data_29457_B
Data_29458_A,Data_29458_B
Data_29459_A,Data_29459_B
Data_29460_A,Data_29460_B
Data_29461_A,Data_29461_B
Data_29462_A,Data_29462_B
Data_29463_A,Data_29463_B
Data_29464_A,Data_29464_B
Data_29465_A,Data_29465_B
Data_29466_A,Data_29466_B
Data_29467_A,Data_29467_B
Data_29468_A,Data_29468_B
Data_29469_A,Data_29469_B
Data_29470_A,Data_29470_B
Data_29471_A,Data_29471_B
Data_29472_A,Data_29472_B
Data_29473_A,Data_29473_B
Data_29474_A,Data_29474_B
Data_29475_A,Data_29475_B
Data_29476_A,Data_29476_B
Data_29477_A,Data_29477_B
Data_29478_A,Data_29478_B
Data_29479_A,Data_29479_B
Data_29480_A,Data_29480_B
Data_29481_A,Data_29481_B
Data_29482_A,Data_29482_B
Data_29483_A,Data_29483_B
Data_29484_A,Data_29484_B
Data_29485_A,Data_29485_B
Data_29486_A,Data_29486_B
Data_29487_A,Data_29487_B
Data_29488_A,Data_29488_B
Data_29489_A,Data_29489_B
Data_29490_A,Data_29490_B
Data_29491_A,Data_29491_B
Data_29492_A,Data_29492_B
Data_29493_A,Data_29493_B
Data_29494_A,Data_29494_B
Data_29495_A,Data_29495_B
Data_29496_A,Data_29496_B
Data_29497_A,Data_29497_B
Data_29498_A,Data_29498_B
Data_29499_A,Data_29499_B
Data_29500_A,Data_29500_B
Data_29501_A,Data_29501_B
Data_29502_A,Data_29502_B
Data_29503_A,Data_29503_B
Data_29504_A,Data_29504_B
Data_29505_A,Data_29505_B
Data_29506_A,Data_29506_B
Data_29507_A,Data_29507_B
Data_29508_A,Data_29508_B
Data_29509_A,Data_29509_B
Data_29510_A,Data_29510_B
Data_29511_A,Data_29511_B
Data_29512_A,Data_29512_B
Data_29513_A,Data_29513_B
Data_29514_A,Data_29514_B
Data_29515_A,Data_29515_B
Data_29516_A,Data_29516_B
Data_29517_A,Data_29517_B
Data_29518_A,Data_29518_B
Data_29519_A,Data_29519_B
Data_29520_A,Data_29520_B
Data_29521_A,Data_29521_B
Data_29522_A,Data_29522_B
Data_29523_A,Data_29523_B
Data_29524_A,Data_29524_B
Data_29525_A,Data_29525_B
Data_29526_A,Data_29526_B
Data_29527_A,Data_29527_B
Data_29528_A,Data_29528_B
Data_29529_A,Data_29529_B
Data_29530_A,Data_29530_B
Data_29531_A,Data_29531_B
Data_29532_A,Data_29532_B
Data_29533_A,Data_29533_B
Data_29534_A,Data_29534_B
Data_29535_A,Data_29535_B
Data_29536_A,Data_29536_B
Data_29537_A,Data_29537_B
Data_29538_A,Data_29538_B
Data_29539_A,Data_29539_B
Data_29540_A,Data_29540_B
Data_29541_A,Data_29541_B
Data_29542_A,Data_29542_B
Data_29543_A,Data_29543_B
Data_29544_A,Data_29544_B
Data_29545_A,Data_29545_B
Data_29546_A,Data_29546_B
Data_29547_A,Data_29547_B
Data_29548_A,Data_29548_B
Data_29549_A,Data_29549_B
Data_29550_A,Data_29550_B
Data_29551_A,Data_29551_B
Data_29552_A,Data_29552_B
Data_29553_A,Data_29553_B
Data_29554_A,Data_29554_B
Data_29555_A,Data_29555_B
Data_29556_A,Data_29556_B
Data_29557_A,Data_29557_B
Data_29558_A,Data_29558_B
Data_29559_A,Data_29559_B
Data_29560_A,Data_29560_B
Data_29561_A,Data_29561_B
Data_29562_A,Data_29562_B
Data_29563_A,Data_29563_B
Data_29564_A,Data_29564_B
Data_29565_A,Data_29565_B
Data_29566_A,Data_29566_B
Data_29567_A,Data_29567_B
Data_29568_A,Data_29568_B
Data_29569_A,Data_29569_B
Data_29570_A,Data_29570_B
Data_29571_A,Data_29571_B
Data_29572_A,Data_29572_B
Data_29573_A,Data_29573_B
Data_29574_A,Data_29574_B
Data_29575_A,Data_29575_B
Data_29576_A,Data_29576_B
Data_29577_A,Data_29577_B
Data_29578_A,Data_29578_B
Data_29579_A,Data_29579_B
Data_29580_A,Data_29580_B
Data_29581_A,Data_29581_B
Data_29582_A,Data_29582_B
Data_29583_A,Data_29583_B
Data_29584_A,Data_29584_B
Data_29585_A,Data_29585_B
Data_29586_A,Data_29586_B
Data_29587_A,Data_29587_B
Data_29588_A,Data_29588_B
Data_29589_A,Data_29589_B
Data_29590_A,Data_29590_B
Data_29591_A,Data_29591_B
Data_29592_A,Data_29592_B
Data_29593_A,Data_29593_B
Data_29594_A,Data_29594_B
Data_29595_A,Data_29595_B
Data_29596_A,Data_29596_B
Data_29597_A,Data_29597_B
Data_29598_A,Data_29598_B
Data_29599_A,Data_29599_B
Data_29600_A,Data_29600_B
Data_29601_A,Data_29601_B
Data_29602_A,Data_29602_B
Data_29603_A,Data_29603_B
Data_29604_A,Data_29604_B
Data_29605_A,Data_29605_B
Data_29606_A,Data_29606_B
Data_29607_A,Data_29607_B
Data_29608_A,Data_29608_B
Data_29609_A,Data_29609_B
Data_29610_A,Data_29610_B
Data_29611_A,Data_29611_B
Data_29612_A,Data_29612_B
Data_29613_A,Data_29613_B
Data_29614_A,Data_29614_B
Data_29615_A,Data_29615_B
Data_29616_A,Data_29616_B
Data_29617_A,Data_29617_B
Data_29618_A,Data_29618_B
Data_29619_A,Data_29619_B
Data_29620_A,Data_29620_B
Data_29621_A,Data_29621_B
Data_29622_A,Data_29622_B
Data_29623_A,Data_29623_B
Data_29624_A,Data_29624_B
Data_29625_A,Data_29625_B
Data_29626_A,Data_29626_B
Data_29627_A,Data_29627_B
Data_29628_A,Data_29628_B
Data_29629_A,Data_29629_B
Data_29630_A,Data_29630_B
Data_29631_A,Data_29631_B
Data_29632_A,Data_29632_B
Data_29633_A,Data_29633_B
Data_29634_A,Data_29634_B
Data_29635_A,Data_29635_B
Data_29636_A,Data_29636_B
Data_29637_A,Data_29637_B
Data_29638_A,Data_29638_B
Data_29639_A,Data_29639_B
Data_29640_A,Data_29640_B
Data_29641_A,Data_29641_B
Data_29642_A,Data_29642_B
Data_29643_A,Data_29643_B
Data_29644_A,Data_29644_B
Data_29645_A,Data_29645_B
Data_29646_A,Data_29646_B
Data_29647_A,Data_29647_B
Data_29648_A,Data_29648_B
Data_29649_A,Data_29649_B
Data_29650_A,Data_29650_B
Data_29651_A,Data_29651_B
Data_29652_A,Data_29652_B
Data_29653_A,Data_29653_B
Data_29654_A,Data_29654_B
Data_29655_A,Data_29655_B
Data_29656_A,Data_29656_B
Data_29657_A,Data_29657_B
Data_29658_A,Data_29658_B
Data_29659_A,Data_29659_B
Data_29660_A,Data_29660_B
Data_29661_A,Data_29661_B
Data_29662_A,Data_29662_B
Data_29663_A,Data_29663_B
Data_29664_A,Data_29664_B
Data_29665_A,Data_29665_B
Data_29666_A,Data_29666_B
Data_29667_A,Data_29667_B
Data_29668_A,Data_29668_B
Data_29669_A,Data_29669_B
Data_29670_A,Data_29670_B
Data_29671_A,Data_29671_B
Data_29672_A,Data_29672_B
Data_29673_A,Data_29673_B
Data_29674_A,Data_29674_B
Data_29675_A,Data_29675_B
Data_29676_A,Data_29676_B
Data_29677_A,Data_29677_B
Data_29678_A,Data_29678_B
Data_29679_A,Data_29679_B
Data_29680_A,Data_29680_B
Data_29681_A,Data_29681_B
Data_29682_A,Data_29682_B
Data_29683_A,Data_29683_B
Data_29684_A,Data_29684_B
Data_29685_A,Data_29685_B
Data_29686_A,Data_29686_B
Data_29687_A,Data_29687_B
Data_29688_A,Data_29688_B
Data_29689_A,Data_29689_B
Data_29690_A,Data_29690_B
Data_29691_A,Data_29691_B
Data_29692_A,Data_29692_B
Data_29693_A,Data_29693_B
Data_29694_A,Data_29694_B
Data_29695_A,Data_29695_B
Data_29696_A,Data_29696_B
Data_29697_A,Data_29697_B
Data_29698_A,Data_29698_B
Data_29699_A,Data_29699_B
Data_29700_A,Data_29700_B
Data_29701_A,Data_29701_B
Data_29702_A,Data_29702_B
Data_29703_A,Data_29703_B
Data_29704_A,Data_29704_B
Data_29705_A,Data_29705_B
Data_29706_A,Data_29706_B
Data_29707_A,Data_29707_B
Data_29708_A,Data_29708_B
Data_29709_A,Data_29709_B
Data_29710_A,Data_29710_B
Data_29711_A,Data_29711_B
Data_29712_A,Data_29712_B
Data_29713_A,Data_29713_B
Data_29714_A,Data_29714_B
Data_29715_A,Data_29715_B
Data_29716_A,Data_29716_B
Data_29717_A,Data_29717_B
Data_29718_A,Data_29718_B
Data_29719_A,Data_29719_B
Data_29720_A,Data_29720_B
Data_29721_A,Data_29721_B
Data_29722_A,Data_29722_B
Data_29723_A,Data_29723_B
Data_29724_A,Data_29724_B
Data_29725_A,Data_29725_B
Data_29726_A,Data_29726_B
Data_29727_A,Data_29727_B
Data_29728_A,Data_29728_B
Data_29729_A,Data_29729_B
Data_29730_A,Data_29730_B
Data_29731_A,Data_29731_B
Data_29732_A,Data_29732_B
Data_29733_A,Data_29733_B
Data_29734_A,Data_29734_B
Data_29735_A,Data_29735_B
Data_29736_A,Data_29736_B
Data_29737_A,Data_29737_B
Data_29738_A,Data_29738_B
Data_29739_A,Data_29739_B
Data_29740_A,Data_29740_B
Data_29741_A,Data_29741_B
Data_29742_A,Data_29742_B
Data_29743_A,Data_29743_B
Data_29744_A,Data_29744_B
Data_29745_A,Data_29745_B
Data_29746_A,Data_29746_B
Data_29747_A,Data_29747_B
Data_29748_A,Data_29748_B
Data_29749_A,Data_29749_B
Data_29750_A,Data_29750_B
Data_29751_A,Data_29751_B
Data_29752_A,Data_29752_B
Data_29753_A,Data_29753_B
Data_29754_A,Data_29754_B
Data_29755_A,Data_29755_B
Data_29756_A,Data_29756_B
Data_29757_A,Data_29757_B
Data_29758_A,Data_29758_B
Data_29759_A,Data_29759_B
Data_29760_A,Data_29760_B
Data_29761_A,Data_29761_B
Data_29762_A,Data_29762_B
Data_29763_A,Data_29763_B
Data_29764_A,Data_29764_B
Data_29765_A,Data_29765_B
Data_29766_A,Data_29766_B
Data_29767_A,Data_29767_B
Data_29768_A,Data_29768_B
Data_29769_A,Data_29769_B
Data_29770_A,Data_29770_B
Data_29771_A,Data_29771_B
Data_29772_A,Data_29772_B
Data_29773_A,Data_29773_B
Data_29774_A,Data_29774_B
Data_29775_A,Data_29775_B
Data_29776_A,Data_29776_B
Data_29777_A,Data_29777_B
Data_29778_A,Data_29778_B
Data_29779_A,Data_29779_B
Data_29780_A,Data_29780_B
Data_29781_A,Data_29781_B
Data_29782_A,Data_29782_B
Data_29783_A,Data_29783_B
Data_29784_A,Data_29784_B
Data_29785_A,Data_29785_B
Data_29786_A,Data_29786_B
Data_29787_A,Data_29787_B
Data_29788_A,Data_29788_B
Data_29789_A,Data_29789_B
Data_29790_A,Data_29790_B
Data_29791_A,Data_29791_B
Data_29792_A,Data_29792_B
Data_29793_A,Data_29793_B
Data_29794_A,Data_29794_B
Data_29795_A,Data_29795_B
Data_29796_A,Data_29796_B
Data_29797_A,Data_29797_B
Data_29798_A,Data_29798_B
Data_29799_A,Data_29799_B
Data_29800_A,Data_29800_B
Data_29801_A,Data_29801_B
Data_29802_A,Data_29802_B
Data_29803_A,Data_29803_B
Data_29804_A,Data_29804_B
Data_29805_A,Data_29805_B
Data_29806_A,Data_29806_B
Data_29807_A,Data_29807_B
Data_29808_A,Data_29808_B
Data_29809_A,Data_29809_B
Data_29810_A,Data_29810_B
Data_29811_A,Data_29811_B
Data_29812_A,Data_29812_B
Data_29813_A,Data_29813_B
Data_29814_A,Data_29814_B
Data_29815_A,Data_29815_B
Data_29816_A,Data_29816_B
Data_29817_A,Data_29817_B
Data_29818_A,Data_29818_B
Data_29819_A,Data_29819_B
Data_29820_A,Data_29820_B
Data_29821_A,Data_29821_B
Data_29822_A,Data_29822_B
Data_29823_A,Data_29823_B
Data_29824_A,Data_29824_B
Data_29825_A,Data_29825_B
Data_29826_A,Data_29826_B
Data_29827_A,Data_29827_B
Data_29828_A,Data_29828_B
Data_29829_A,Data_29829_B
Data_29830_A,Data_29830_B
Data_29831_A,Data_29831_B
Data_29832_A,Data_29832_B
Data_29833_A,Data_29833_B
Data_29834_A,Data_29834_B
Data_29835_A,Data_29835_B
Data_29836_A,Data_29836_B
Data_29837_A,Data_29837_B
Data_29838_A,Data_29838_B
Data_29839_A,Data_29839_B
Data_29840_A,Data_29840_B
Data_29841_A,Data_29841_B
Data_29842_A,Data_29842_B
Data_29843_A,Data_29843_B
Data_29844_A,Data_29844_B
Data_29845_A,Data_29845_B
Data_29846_A,Data_29846_B
Data_29847_A,Data_29847_B
Data_29848_A,Data_29848_B
Data_29849_A,Data_29849_B
Data_29850_A,Data_29850_B
Data_29851_A,Data_29851_B
Data_29852_A,Data_29852_B
Data_29853_A,Data_29853_B
Data_29854_A,Data_29854_B
Data_29855_A,Data_29855_B
Data_29856_A,Data_29856_B
Data_29857_A,Data_29857_B
Data_29858_A,Data_29858_B
Data_29859_A,Data_29859_B
Data_29860_A,Data_29860_B
Data_29861_A,Data_29861_B
Data_29862_A,Data_29862_B
Data_29863_A,Data_29863_B
Data_29864_A,Data_29864_B
Data_29865_A,Data_29865_B
Data_29866_A,Data_29866_B
Data_29867_A,Data_29867_B
Data_29868_A,Data_29868_B
Data_29869_A,Data_29869_B
Data_29870_A,Data_29870_B
Data_29871_A,Data_29871_B
Data_29872_A,Data_29872_B
Data_29873_A,Data_29873_B
Data_29874_A,Data_29874_B
Data_29875_A,Data_29875_B
Data_29876_A,Data_29876_B
Data_29877_A,Data_29877_B
Data_29878_A,Data_29878_B
Data_29879_A,Data_29879_B
Data_29880_A,Data_29880_B
Data_29881_A,Data_29881_B
Data_29882_A,Data_29882_B
Data_29883_A,Data_29883_B
Data_29884_A,Data_29884_B
Data_29885_A,Data_29885_B
Data_29886_A,Data_29886_B
Data_29887_A,Data_29887_B
Data_29888_A,Data_29888_B
Data_29889_A,Data_29889_B
Data_29890_A,Data_29890_B
Data_29891_A,Data_29891_B
Data_29892_A,Data_29892_B
Data_29893_A,Data_29893_B
Data_29894_A,Data_29894_B
Data_29895_A,Data_29895_B
Data_29896_A,Data_29896_B
Data_29897_A,Data_29897_B
Data_29898_A,Data_29898_B
Data_29899_A,Data_29899_B
Data_29900_A,Data_29900_B
Data_29901_A,Data_29901_B
Data_29902_A,Data_29902_B
Data_29903_A,Data_29903_B
Data_29904_A,Data_29904_B
Data_29905_A,Data_29905_B
Data_29906_A,Data_29906_B
Data_29907_A,Data_29907_B
Data_29908_A,Data_29908_B
Data_29909_A,Data_29909_B
Data_29910_A,Data_29910_B
Data_29911_A,Data_29911_B
Data_29912_A,Data_29912_B
Data_29913_A,Data_29913_B
Data_29914_A,Data_29914_B
Data_29915_A,Data_29915_B
Data_29916_A,Data_29916_B
Data_29917_A,Data_29917_B
Data_29918_A,Data_29918_B
Data_29919_A,Data_29919_B
Data_29920_A,Data_29920_B
Data_29921_A,Data_29921_B
Data_29922_A,Data_29922_B
Data_29923_A,Data_29923_B
Data_29924_A,Data_29924_B
Data_29925_A,Data_29925_B
Data_29926_A,Data_29926_B
Data_29927_A,Data_29927_B
Data_29928_A,Data_29928_B
Data_29929_A,Data_29929_B
Data_29930_A,Data_29930_B
Data_29931_A,Data_29931_B
Data_29932_A,Data_29932_B
Data_29933_A,Data_29933_B
Data_29934_A,Data_29934_B
Data_29935_A,Data_29935_B
Data_29936_A,Data_29936_B
Data_29937_A,Data_29937_B
Data_29938_A,Data_29938_B
Data_29939_A,Data_29939_B
Data_29940_A,Data_29940_B
Data_29941_A,Data_29941_B
Data_29942_A,Data_29942_B
Data_29943_A,Data_29943_B
Data_29944_A,Data_29944_B
Data_29945_A,Data_29945_B
Data_29946_A,Data_29946_B
Data_29947_A,Data_29947_B
Data_29948_A,Data_29948_B
Data_29949_A,Data_29949_B
Data_29950_A,Data_29950_B
Data_29951_A,Data_29951_B
Data_29952_A,Data_29952_B
Data_29953_A,Data_29953_B
Data_29954_A,Data_29954_B
Data_29955_A,Data_29955_B
Data_29956_A,Data_29956_B
Data_29957_A,Data_29957_B
Data_29958_A,Data_29958_B
Data_29959_A,Data_29959_B
Data_29960_A,Data_29960_B
Data_29961_A,Data_29961_B
Data_29962_A,Data_29962_B
Data_29963_A,Data_29963_B
Data_29964_A,Data_29964_B
Data_29965_A,Data_29965_B
Data_29966_A,Data_29966_B
Data_29967_A,Data_29967_B
Data_29968_A,Data_29968_B
Data_29969_A,Data_29969_B
Data_29970_A,Data_29970_B
Data_29971_A,Data_29971_B
Data_29972_A,Data_29972_B
Data_29973_A,Data_29973_B
Data_29974_A,Data_29974_B
Data_29975_A,Data_29975_B
Data_29976_A,Data_29976_B
Data_29977_A,Data_29977_B
Data_29978_A,Data_29978_B
Data_29979_A,Data_29979_B
Data_29980_A,Data_29980_B
Data_29981_A,Data_29981_B
Data_29982_A,Data_29982_B
Data_29983_A,Data_29983_B
Data_29984_A,Data_29984_B
Data_29985_A,Data_29985_B
Data_29986_A,Data_29986_B
Data_29987_A,Data_29987_B
Data_29988_A,Data_29988_B
Data_29989_A,Data_29989_B
Data_29990_A,Data_29990_B
Data_29991_A,Data_29991_B
Data_29992_A,Data_29992_B
Data_29993_A,Data_29993_B
Data_29994_A,Data_29994_B
Data_29995_A,Data_29995_B
Data_29996_A,Data_29996_B
Data_29997_A,Data_29997_B
Data_29998_A,Data_29998_B
Data_29999_A,Data_29999_B